# Blender 4.2.3 LTS
# www.blender.org
mtllib enter.mtl
o enter
v -1.529933 -0.051178 -0.050000
v -1.541218 -0.042759 -0.050000
v -1.552828 -0.034813 -0.050000
v -1.564741 -0.027407 -0.050000
v -1.576931 -0.020613 -0.050000
v -1.589375 -0.014500 -0.050000
v -1.602048 -0.009137 -0.050000
v -1.614926 -0.004593 -0.050000
v -1.627984 -0.000937 -0.050000
v -1.641199 0.001759 -0.050000
v -1.654546 0.003428 -0.050000
v -1.668000 0.004000 -0.050000
v -1.678290 0.003615 -0.050000
v -1.688653 0.002505 -0.050000
v -1.699078 0.000734 -0.050000
v -1.709556 -0.001630 -0.050000
v -1.720075 -0.004521 -0.050000
v -1.730625 -0.007875 -0.050000
v -1.741196 -0.011624 -0.050000
v -1.751778 -0.015704 -0.050000
v -1.762359 -0.020047 -0.050000
v -1.772931 -0.024588 -0.050000
v -1.783481 -0.029261 -0.050000
v -1.794000 -0.034000 -0.050000
v -1.804477 -0.038739 -0.050000
v -1.814903 -0.043412 -0.050000
v -1.825266 -0.047953 -0.050000
v -1.835556 -0.052296 -0.050000
v -1.845762 -0.056376 -0.050000
v -1.855875 -0.060125 -0.050000
v -1.865884 -0.063479 -0.050000
v -1.875778 -0.066370 -0.050000
v -1.885547 -0.068734 -0.050000
v -1.895181 -0.070505 -0.050000
v -1.904668 -0.071615 -0.050000
v -1.914000 -0.072000 -0.050000
v -1.925177 -0.071350 -0.050000
v -1.936662 -0.069468 -0.050000
v -1.948391 -0.066453 -0.050000
v -1.960296 -0.062407 -0.050000
v -1.972313 -0.057431 -0.050000
v -1.984375 -0.051625 -0.050000
v -1.996416 -0.045090 -0.050000
v -2.008370 -0.037926 -0.050000
v -2.020172 -0.030234 -0.050000
v -2.031755 -0.022116 -0.050000
v -2.043053 -0.013671 -0.050000
v -2.054000 -0.005000 -0.050000
v -2.054000 -0.088000 -0.050000
v -2.043507 -0.096612 -0.050000
v -2.032560 -0.104894 -0.050000
v -2.021203 -0.112766 -0.050000
v -2.009481 -0.120148 -0.050000
v -1.997440 -0.126961 -0.050000
v -1.985125 -0.133125 -0.050000
v -1.972580 -0.138560 -0.050000
v -1.959852 -0.143185 -0.050000
v -1.946984 -0.146922 -0.050000
v -1.934023 -0.149690 -0.050000
v -1.921013 -0.151409 -0.050000
v -1.908000 -0.152000 -0.050000
v -1.898150 -0.151615 -0.050000
v -1.888116 -0.150505 -0.050000
v -1.877922 -0.148734 -0.050000
v -1.867593 -0.146370 -0.050000
v -1.857152 -0.143479 -0.050000
v -1.846625 -0.140125 -0.050000
v -1.836035 -0.136376 -0.050000
v -1.825407 -0.132296 -0.050000
v -1.814766 -0.127953 -0.050000
v -1.804134 -0.123412 -0.050000
v -1.793538 -0.118739 -0.050000
v -1.783000 -0.114000 -0.050000
v -1.772273 -0.109261 -0.050000
v -1.761602 -0.104588 -0.050000
v -1.751000 -0.100047 -0.050000
v -1.740481 -0.095704 -0.050000
v -1.730060 -0.091624 -0.050000
v -1.719750 -0.087875 -0.050000
v -1.709565 -0.084521 -0.050000
v -1.699519 -0.081630 -0.050000
v -1.689625 -0.079266 -0.050000
v -1.679898 -0.077495 -0.050000
v -1.670352 -0.076385 -0.050000
v -1.661000 -0.076000 -0.050000
v -1.648829 -0.076612 -0.050000
v -1.636801 -0.078394 -0.050000
v -1.624891 -0.081266 -0.050000
v -1.613074 -0.085148 -0.050000
v -1.601327 -0.089961 -0.050000
v -1.589625 -0.095625 -0.050000
v -1.577944 -0.102060 -0.050000
v -1.566259 -0.109185 -0.050000
v -1.554547 -0.116922 -0.050000
v -1.542782 -0.125190 -0.050000
v -1.530941 -0.133909 -0.050000
v -1.519000 -0.143000 -0.050000
v -1.519000 -0.060000 -0.050000
v -1.172397 0.339495 -0.050000
v -1.203509 0.335046 -0.050000
v -1.232219 0.327750 -0.050000
v -1.258407 0.317704 -0.050000
v -1.281957 0.305005 -0.050000
v -1.302750 0.289750 -0.050000
v -1.320668 0.272037 -0.050000
v -1.335593 0.251963 -0.050000
v -1.347406 0.229625 -0.050000
v -1.355991 0.205120 -0.050000
v -1.361228 0.178546 -0.050000
v -1.363000 0.150000 -0.050000
v -1.362151 0.130672 -0.050000
v -1.359625 0.112213 -0.050000
v -1.355453 0.094656 -0.050000
v -1.349667 0.078037 -0.050000
v -1.342297 0.062390 -0.050000
v -1.333375 0.047750 -0.050000
v -1.322932 0.034152 -0.050000
v -1.311000 0.021630 -0.050000
v -1.297609 0.010219 -0.050000
v -1.282792 -0.000046 -0.050000
v -1.266578 -0.009131 -0.050000
v -1.249000 -0.017000 -0.050000
v -1.264022 -0.027708 -0.050000
v -1.278176 -0.039333 -0.050000
v -1.291594 -0.051875 -0.050000
v -1.304407 -0.065333 -0.050000
v -1.316749 -0.079708 -0.050000
v -1.328750 -0.095000 -0.050000
v -1.340543 -0.111208 -0.050000
v -1.352259 -0.128333 -0.050000
v -1.364031 -0.146375 -0.050000
v -1.375991 -0.165333 -0.050000
v -1.388270 -0.185208 -0.050000
v -1.401000 -0.206000 -0.050000
v -1.408024 -0.217288 -0.050000
v -1.414694 -0.227806 -0.050000
v -1.421156 -0.237781 -0.050000
v -1.427555 -0.247444 -0.050000
v -1.434038 -0.257024 -0.050000
v -1.440750 -0.266750 -0.050000
v -1.447837 -0.276851 -0.050000
v -1.455444 -0.287556 -0.050000
v -1.463719 -0.299094 -0.050000
v -1.472806 -0.311694 -0.050000
v -1.482851 -0.325587 -0.050000
v -1.494000 -0.341000 -0.050000
v -1.377000 -0.341000 -0.050000
v -1.287000 -0.201000 -0.050000
v -1.265487 -0.168521 -0.050000
v -1.245815 -0.140833 -0.050000
v -1.227781 -0.117563 -0.050000
v -1.211185 -0.098333 -0.050000
v -1.195825 -0.082771 -0.050000
v -1.181500 -0.070500 -0.050000
v -1.168008 -0.061146 -0.050000
v -1.155148 -0.054333 -0.050000
v -1.142719 -0.049688 -0.050000
v -1.130518 -0.046833 -0.050000
v -1.118346 -0.045396 -0.050000
v -1.106000 -0.045000 -0.050000
v -1.065000 -0.045000 -0.050000
v -1.065000 -0.341000 -0.050000
v -0.967000 -0.341000 -0.050000
v -0.967000 0.341000 -0.050000
v -1.139000 0.341000 -0.050000
v -1.128000 0.043000 -0.050000
v -1.152713 0.044095 -0.050000
v -1.174454 0.047264 -0.050000
v -1.193375 0.052328 -0.050000
v -1.209630 0.059111 -0.050000
v -1.223370 0.067436 -0.050000
v -1.234750 0.077125 -0.050000
v -1.243921 0.088002 -0.050000
v -1.251037 0.099889 -0.050000
v -1.256250 0.112609 -0.050000
v -1.259713 0.125986 -0.050000
v -1.261579 0.139842 -0.050000
v -1.262000 0.154000 -0.050000
v -1.260967 0.169471 -0.050000
v -1.258324 0.183852 -0.050000
v -1.254000 0.197094 -0.050000
v -1.247926 0.209148 -0.050000
v -1.240032 0.219966 -0.050000
v -1.230250 0.229500 -0.050000
v -1.218509 0.237700 -0.050000
v -1.204741 0.244519 -0.050000
v -1.188875 0.249906 -0.050000
v -1.170843 0.253815 -0.050000
v -1.150574 0.256196 -0.050000
v -1.128000 0.257000 -0.050000
v -1.065000 0.257000 -0.050000
v -1.065000 0.043000 -0.050000
v -0.563000 0.253000 -0.050000
v -0.563000 0.047000 -0.050000
v -0.842000 0.047000 -0.050000
v -0.842000 -0.041000 -0.050000
v -0.563000 -0.041000 -0.050000
v -0.563000 -0.253000 -0.050000
v -0.861000 -0.253000 -0.050000
v -0.861000 -0.341000 -0.050000
v -0.465000 -0.341000 -0.050000
v -0.465000 0.341000 -0.050000
v -0.852000 0.341000 -0.050000
v -0.852000 0.253000 -0.050000
v -0.137000 0.253000 -0.050000
v -0.137000 -0.341000 -0.050000
v -0.039000 -0.341000 -0.050000
v -0.039000 0.253000 -0.050000
v 0.197000 0.253000 -0.050000
v 0.197000 0.341000 -0.050000
v -0.373000 0.341000 -0.050000
v -0.373000 0.253000 -0.050000
v 0.373000 -0.341000 -0.050000
v 0.829000 0.184000 -0.050000
v 0.829000 -0.341000 -0.050000
v 0.921000 -0.341000 -0.050000
v 0.921000 0.341000 -0.050000
v 0.843000 0.341000 -0.050000
v 0.381000 -0.187000 -0.050000
v 0.381000 0.341000 -0.050000
v 0.289000 0.341000 -0.050000
v 0.289000 -0.341000 -0.050000
v 1.322000 0.253000 -0.050000
v 1.322000 0.047000 -0.050000
v 1.043000 0.047000 -0.050000
v 1.043000 -0.041000 -0.050000
v 1.322000 -0.041000 -0.050000
v 1.322000 -0.253000 -0.050000
v 1.024000 -0.253000 -0.050000
v 1.024000 -0.341000 -0.050000
v 1.420000 -0.341000 -0.050000
v 1.420000 0.341000 -0.050000
v 1.033000 0.341000 -0.050000
v 1.033000 0.253000 -0.050000
v 2.043067 -0.051178 -0.050000
v 2.031783 -0.042759 -0.050000
v 2.020172 -0.034813 -0.050000
v 2.008260 -0.027407 -0.050000
v 1.996069 -0.020613 -0.050000
v 1.983625 -0.014500 -0.050000
v 1.970952 -0.009137 -0.050000
v 1.958074 -0.004593 -0.050000
v 1.945016 -0.000937 -0.050000
v 1.931801 0.001759 -0.050000
v 1.918455 0.003428 -0.050000
v 1.905000 0.004000 -0.050000
v 1.894710 0.003615 -0.050000
v 1.884347 0.002505 -0.050000
v 1.873922 0.000734 -0.050000
v 1.863445 -0.001630 -0.050000
v 1.852926 -0.004521 -0.050000
v 1.842375 -0.007875 -0.050000
v 1.831804 -0.011624 -0.050000
v 1.821222 -0.015704 -0.050000
v 1.810641 -0.020047 -0.050000
v 1.800070 -0.024588 -0.050000
v 1.789519 -0.029261 -0.050000
v 1.779000 -0.034000 -0.050000
v 1.768523 -0.038739 -0.050000
v 1.758097 -0.043412 -0.050000
v 1.747735 -0.047953 -0.050000
v 1.737445 -0.052296 -0.050000
v 1.727238 -0.056376 -0.050000
v 1.717125 -0.060125 -0.050000
v 1.707116 -0.063479 -0.050000
v 1.697222 -0.066370 -0.050000
v 1.687453 -0.068734 -0.050000
v 1.677820 -0.070505 -0.050000
v 1.668332 -0.071615 -0.050000
v 1.659000 -0.072000 -0.050000
v 1.647824 -0.071350 -0.050000
v 1.636338 -0.069468 -0.050000
v 1.624610 -0.066453 -0.050000
v 1.612704 -0.062407 -0.050000
v 1.600687 -0.057431 -0.050000
v 1.588625 -0.051625 -0.050000
v 1.576584 -0.045090 -0.050000
v 1.564630 -0.037926 -0.050000
v 1.552828 -0.030234 -0.050000
v 1.541246 -0.022116 -0.050000
v 1.529948 -0.013671 -0.050000
v 1.519000 -0.005000 -0.050000
v 1.519000 -0.088000 -0.050000
v 1.529493 -0.096612 -0.050000
v 1.540440 -0.104894 -0.050000
v 1.551797 -0.112766 -0.050000
v 1.563519 -0.120148 -0.050000
v 1.575560 -0.126961 -0.050000
v 1.587875 -0.133125 -0.050000
v 1.600420 -0.138560 -0.050000
v 1.613148 -0.143185 -0.050000
v 1.626016 -0.146922 -0.050000
v 1.638977 -0.149690 -0.050000
v 1.651987 -0.151409 -0.050000
v 1.665000 -0.152000 -0.050000
v 1.674850 -0.151615 -0.050000
v 1.684885 -0.150505 -0.050000
v 1.695078 -0.148734 -0.050000
v 1.705408 -0.146370 -0.050000
v 1.715848 -0.143479 -0.050000
v 1.726375 -0.140125 -0.050000
v 1.736965 -0.136376 -0.050000
v 1.747593 -0.132296 -0.050000
v 1.758235 -0.127953 -0.050000
v 1.768866 -0.123412 -0.050000
v 1.779463 -0.118739 -0.050000
v 1.790000 -0.114000 -0.050000
v 1.800727 -0.109261 -0.050000
v 1.811398 -0.104588 -0.050000
v 1.822000 -0.100047 -0.050000
v 1.832519 -0.095704 -0.050000
v 1.842940 -0.091624 -0.050000
v 1.853250 -0.087875 -0.050000
v 1.863435 -0.084521 -0.050000
v 1.873482 -0.081630 -0.050000
v 1.883375 -0.079266 -0.050000
v 1.893102 -0.077495 -0.050000
v 1.902648 -0.076385 -0.050000
v 1.912000 -0.076000 -0.050000
v 1.924171 -0.076612 -0.050000
v 1.936199 -0.078394 -0.050000
v 1.948110 -0.081266 -0.050000
v 1.959926 -0.085148 -0.050000
v 1.971673 -0.089961 -0.050000
v 1.983375 -0.095625 -0.050000
v 1.995056 -0.102060 -0.050000
v 2.006741 -0.109185 -0.050000
v 2.018453 -0.116922 -0.050000
v 2.030218 -0.125190 -0.050000
v 2.042059 -0.133909 -0.050000
v 2.054000 -0.143000 -0.050000
v 2.054000 -0.060000 -0.050000
v -1.529933 -0.051178 0.050000
v -1.541218 -0.042759 0.050000
v -1.552828 -0.034813 0.050000
v -1.564741 -0.027407 0.050000
v -1.576931 -0.020613 0.050000
v -1.589375 -0.014500 0.050000
v -1.602048 -0.009137 0.050000
v -1.614926 -0.004593 0.050000
v -1.627984 -0.000937 0.050000
v -1.641199 0.001759 0.050000
v -1.654546 0.003428 0.050000
v -1.668000 0.004000 0.050000
v -1.678290 0.003615 0.050000
v -1.688653 0.002505 0.050000
v -1.699078 0.000734 0.050000
v -1.709556 -0.001630 0.050000
v -1.720075 -0.004521 0.050000
v -1.730625 -0.007875 0.050000
v -1.741196 -0.011624 0.050000
v -1.751778 -0.015704 0.050000
v -1.762359 -0.020047 0.050000
v -1.772931 -0.024588 0.050000
v -1.783481 -0.029261 0.050000
v -1.794000 -0.034000 0.050000
v -1.804477 -0.038739 0.050000
v -1.814903 -0.043412 0.050000
v -1.825266 -0.047953 0.050000
v -1.835556 -0.052296 0.050000
v -1.845762 -0.056376 0.050000
v -1.855875 -0.060125 0.050000
v -1.865884 -0.063479 0.050000
v -1.875778 -0.066370 0.050000
v -1.885547 -0.068734 0.050000
v -1.895181 -0.070505 0.050000
v -1.904668 -0.071615 0.050000
v -1.914000 -0.072000 0.050000
v -1.925177 -0.071350 0.050000
v -1.936662 -0.069468 0.050000
v -1.948391 -0.066453 0.050000
v -1.960296 -0.062407 0.050000
v -1.972313 -0.057431 0.050000
v -1.984375 -0.051625 0.050000
v -1.996416 -0.045090 0.050000
v -2.008370 -0.037926 0.050000
v -2.020172 -0.030234 0.050000
v -2.031755 -0.022116 0.050000
v -2.043053 -0.013671 0.050000
v -2.054000 -0.005000 0.050000
v -2.054000 -0.088000 0.050000
v -2.043507 -0.096612 0.050000
v -2.032560 -0.104894 0.050000
v -2.021203 -0.112766 0.050000
v -2.009481 -0.120148 0.050000
v -1.997440 -0.126961 0.050000
v -1.985125 -0.133125 0.050000
v -1.972580 -0.138560 0.050000
v -1.959852 -0.143185 0.050000
v -1.946984 -0.146922 0.050000
v -1.934023 -0.149690 0.050000
v -1.921013 -0.151409 0.050000
v -1.908000 -0.152000 0.050000
v -1.898150 -0.151615 0.050000
v -1.888116 -0.150505 0.050000
v -1.877922 -0.148734 0.050000
v -1.867593 -0.146370 0.050000
v -1.857152 -0.143479 0.050000
v -1.846625 -0.140125 0.050000
v -1.836035 -0.136376 0.050000
v -1.825407 -0.132296 0.050000
v -1.814766 -0.127953 0.050000
v -1.804134 -0.123412 0.050000
v -1.793538 -0.118739 0.050000
v -1.783000 -0.114000 0.050000
v -1.772273 -0.109261 0.050000
v -1.761602 -0.104588 0.050000
v -1.751000 -0.100047 0.050000
v -1.740481 -0.095704 0.050000
v -1.730060 -0.091624 0.050000
v -1.719750 -0.087875 0.050000
v -1.709565 -0.084521 0.050000
v -1.699519 -0.081630 0.050000
v -1.689625 -0.079266 0.050000
v -1.679898 -0.077495 0.050000
v -1.670352 -0.076385 0.050000
v -1.661000 -0.076000 0.050000
v -1.648829 -0.076612 0.050000
v -1.636801 -0.078394 0.050000
v -1.624891 -0.081266 0.050000
v -1.613074 -0.085148 0.050000
v -1.601327 -0.089961 0.050000
v -1.589625 -0.095625 0.050000
v -1.577944 -0.102060 0.050000
v -1.566259 -0.109185 0.050000
v -1.554547 -0.116922 0.050000
v -1.542782 -0.125190 0.050000
v -1.530941 -0.133909 0.050000
v -1.519000 -0.143000 0.050000
v -1.519000 -0.060000 0.050000
v -1.172397 0.339495 0.050000
v -1.203509 0.335046 0.050000
v -1.232219 0.327750 0.050000
v -1.258407 0.317704 0.050000
v -1.281957 0.305005 0.050000
v -1.302750 0.289750 0.050000
v -1.320668 0.272037 0.050000
v -1.335593 0.251963 0.050000
v -1.347406 0.229625 0.050000
v -1.355991 0.205120 0.050000
v -1.361228 0.178546 0.050000
v -1.363000 0.150000 0.050000
v -1.362151 0.130672 0.050000
v -1.359625 0.112213 0.050000
v -1.355453 0.094656 0.050000
v -1.349667 0.078037 0.050000
v -1.342297 0.062390 0.050000
v -1.333375 0.047750 0.050000
v -1.322932 0.034152 0.050000
v -1.311000 0.021630 0.050000
v -1.297609 0.010219 0.050000
v -1.282792 -0.000046 0.050000
v -1.266578 -0.009131 0.050000
v -1.249000 -0.017000 0.050000
v -1.264022 -0.027708 0.050000
v -1.278176 -0.039333 0.050000
v -1.291594 -0.051875 0.050000
v -1.304407 -0.065333 0.050000
v -1.316749 -0.079708 0.050000
v -1.328750 -0.095000 0.050000
v -1.340543 -0.111208 0.050000
v -1.352259 -0.128333 0.050000
v -1.364031 -0.146375 0.050000
v -1.375991 -0.165333 0.050000
v -1.388270 -0.185208 0.050000
v -1.401000 -0.206000 0.050000
v -1.408024 -0.217288 0.050000
v -1.414694 -0.227806 0.050000
v -1.421156 -0.237781 0.050000
v -1.427555 -0.247444 0.050000
v -1.434038 -0.257024 0.050000
v -1.440750 -0.266750 0.050000
v -1.447837 -0.276851 0.050000
v -1.455444 -0.287556 0.050000
v -1.463719 -0.299094 0.050000
v -1.472806 -0.311694 0.050000
v -1.482851 -0.325587 0.050000
v -1.494000 -0.341000 0.050000
v -1.377000 -0.341000 0.050000
v -1.287000 -0.201000 0.050000
v -1.265487 -0.168521 0.050000
v -1.245815 -0.140833 0.050000
v -1.227781 -0.117563 0.050000
v -1.211185 -0.098333 0.050000
v -1.195825 -0.082771 0.050000
v -1.181500 -0.070500 0.050000
v -1.168008 -0.061146 0.050000
v -1.155148 -0.054333 0.050000
v -1.142719 -0.049688 0.050000
v -1.130518 -0.046833 0.050000
v -1.118346 -0.045396 0.050000
v -1.106000 -0.045000 0.050000
v -1.065000 -0.045000 0.050000
v -1.065000 -0.341000 0.050000
v -0.967000 -0.341000 0.050000
v -0.967000 0.341000 0.050000
v -1.139000 0.341000 0.050000
v -1.128000 0.043000 0.050000
v -1.152713 0.044095 0.050000
v -1.174454 0.047264 0.050000
v -1.193375 0.052328 0.050000
v -1.209630 0.059111 0.050000
v -1.223370 0.067436 0.050000
v -1.234750 0.077125 0.050000
v -1.243921 0.088002 0.050000
v -1.251037 0.099889 0.050000
v -1.256250 0.112609 0.050000
v -1.259713 0.125986 0.050000
v -1.261579 0.139842 0.050000
v -1.262000 0.154000 0.050000
v -1.260967 0.169471 0.050000
v -1.258324 0.183852 0.050000
v -1.254000 0.197094 0.050000
v -1.247926 0.209148 0.050000
v -1.240032 0.219966 0.050000
v -1.230250 0.229500 0.050000
v -1.218509 0.237700 0.050000
v -1.204741 0.244519 0.050000
v -1.188875 0.249906 0.050000
v -1.170843 0.253815 0.050000
v -1.150574 0.256196 0.050000
v -1.128000 0.257000 0.050000
v -1.065000 0.257000 0.050000
v -1.065000 0.043000 0.050000
v -0.563000 0.253000 0.050000
v -0.563000 0.047000 0.050000
v -0.842000 0.047000 0.050000
v -0.842000 -0.041000 0.050000
v -0.563000 -0.041000 0.050000
v -0.563000 -0.253000 0.050000
v -0.861000 -0.253000 0.050000
v -0.861000 -0.341000 0.050000
v -0.465000 -0.341000 0.050000
v -0.465000 0.341000 0.050000
v -0.852000 0.341000 0.050000
v -0.852000 0.253000 0.050000
v -0.137000 0.253000 0.050000
v -0.137000 -0.341000 0.050000
v -0.039000 -0.341000 0.050000
v -0.039000 0.253000 0.050000
v 0.197000 0.253000 0.050000
v 0.197000 0.341000 0.050000
v -0.373000 0.341000 0.050000
v -0.373000 0.253000 0.050000
v 0.373000 -0.341000 0.050000
v 0.829000 0.184000 0.050000
v 0.829000 -0.341000 0.050000
v 0.921000 -0.341000 0.050000
v 0.921000 0.341000 0.050000
v 0.843000 0.341000 0.050000
v 0.381000 -0.187000 0.050000
v 0.381000 0.341000 0.050000
v 0.289000 0.341000 0.050000
v 0.289000 -0.341000 0.050000
v 1.322000 0.253000 0.050000
v 1.322000 0.047000 0.050000
v 1.043000 0.047000 0.050000
v 1.043000 -0.041000 0.050000
v 1.322000 -0.041000 0.050000
v 1.322000 -0.253000 0.050000
v 1.024000 -0.253000 0.050000
v 1.024000 -0.341000 0.050000
v 1.420000 -0.341000 0.050000
v 1.420000 0.341000 0.050000
v 1.033000 0.341000 0.050000
v 1.033000 0.253000 0.050000
v 2.043067 -0.051178 0.050000
v 2.031783 -0.042759 0.050000
v 2.020172 -0.034813 0.050000
v 2.008260 -0.027407 0.050000
v 1.996069 -0.020613 0.050000
v 1.983625 -0.014500 0.050000
v 1.970952 -0.009137 0.050000
v 1.958074 -0.004593 0.050000
v 1.945016 -0.000937 0.050000
v 1.931801 0.001759 0.050000
v 1.918455 0.003428 0.050000
v 1.905000 0.004000 0.050000
v 1.894710 0.003615 0.050000
v 1.884347 0.002505 0.050000
v 1.873922 0.000734 0.050000
v 1.863445 -0.001630 0.050000
v 1.852926 -0.004521 0.050000
v 1.842375 -0.007875 0.050000
v 1.831804 -0.011624 0.050000
v 1.821222 -0.015704 0.050000
v 1.810641 -0.020047 0.050000
v 1.800070 -0.024588 0.050000
v 1.789519 -0.029261 0.050000
v 1.779000 -0.034000 0.050000
v 1.768523 -0.038739 0.050000
v 1.758097 -0.043412 0.050000
v 1.747735 -0.047953 0.050000
v 1.737445 -0.052296 0.050000
v 1.727238 -0.056376 0.050000
v 1.717125 -0.060125 0.050000
v 1.707116 -0.063479 0.050000
v 1.697222 -0.066370 0.050000
v 1.687453 -0.068734 0.050000
v 1.677820 -0.070505 0.050000
v 1.668332 -0.071615 0.050000
v 1.659000 -0.072000 0.050000
v 1.647824 -0.071350 0.050000
v 1.636338 -0.069468 0.050000
v 1.624610 -0.066453 0.050000
v 1.612704 -0.062407 0.050000
v 1.600687 -0.057431 0.050000
v 1.588625 -0.051625 0.050000
v 1.576584 -0.045090 0.050000
v 1.564630 -0.037926 0.050000
v 1.552828 -0.030234 0.050000
v 1.541246 -0.022116 0.050000
v 1.529948 -0.013671 0.050000
v 1.519000 -0.005000 0.050000
v 1.519000 -0.088000 0.050000
v 1.529493 -0.096612 0.050000
v 1.540440 -0.104894 0.050000
v 1.551797 -0.112766 0.050000
v 1.563519 -0.120148 0.050000
v 1.575560 -0.126961 0.050000
v 1.587875 -0.133125 0.050000
v 1.600420 -0.138560 0.050000
v 1.613148 -0.143185 0.050000
v 1.626016 -0.146922 0.050000
v 1.638977 -0.149690 0.050000
v 1.651987 -0.151409 0.050000
v 1.665000 -0.152000 0.050000
v 1.674850 -0.151615 0.050000
v 1.684885 -0.150505 0.050000
v 1.695078 -0.148734 0.050000
v 1.705408 -0.146370 0.050000
v 1.715848 -0.143479 0.050000
v 1.726375 -0.140125 0.050000
v 1.736965 -0.136376 0.050000
v 1.747593 -0.132296 0.050000
v 1.758235 -0.127953 0.050000
v 1.768866 -0.123412 0.050000
v 1.779463 -0.118739 0.050000
v 1.790000 -0.114000 0.050000
v 1.800727 -0.109261 0.050000
v 1.811398 -0.104588 0.050000
v 1.822000 -0.100047 0.050000
v 1.832519 -0.095704 0.050000
v 1.842940 -0.091624 0.050000
v 1.853250 -0.087875 0.050000
v 1.863435 -0.084521 0.050000
v 1.873482 -0.081630 0.050000
v 1.883375 -0.079266 0.050000
v 1.893102 -0.077495 0.050000
v 1.902648 -0.076385 0.050000
v 1.912000 -0.076000 0.050000
v 1.924171 -0.076612 0.050000
v 1.936199 -0.078394 0.050000
v 1.948110 -0.081266 0.050000
v 1.959926 -0.085148 0.050000
v 1.971673 -0.089961 0.050000
v 1.983375 -0.095625 0.050000
v 1.995056 -0.102060 0.050000
v 2.006741 -0.109185 0.050000
v 2.018453 -0.116922 0.050000
v 2.030218 -0.125190 0.050000
v 2.042059 -0.133909 0.050000
v 2.054000 -0.143000 0.050000
v 2.054000 -0.060000 0.050000
v 2.043067 -0.051178 0.050000
v 2.043067 -0.051178 -0.050000
v 2.031783 -0.042759 0.050000
v 2.031783 -0.042759 -0.050000
v 2.020172 -0.034813 0.050000
v 2.020172 -0.034813 -0.050000
v 2.008260 -0.027407 0.050000
v 2.008260 -0.027407 -0.050000
v 1.996069 -0.020613 0.050000
v 1.996069 -0.020613 -0.050000
v 1.983625 -0.014500 0.050000
v 1.983625 -0.014500 -0.050000
v 1.970952 -0.009137 0.050000
v 1.970952 -0.009137 -0.050000
v 1.958074 -0.004593 0.050000
v 1.958074 -0.004593 -0.050000
v 1.945016 -0.000937 0.050000
v 1.945016 -0.000937 -0.050000
v 1.931801 0.001759 0.050000
v 1.931801 0.001759 -0.050000
v 1.918455 0.003428 0.050000
v 1.918455 0.003428 -0.050000
v 1.905000 0.004000 0.050000
v 1.905000 0.004000 -0.050000
v 1.894710 0.003615 0.050000
v 1.894710 0.003615 -0.050000
v 1.884347 0.002505 0.050000
v 1.884347 0.002505 -0.050000
v 1.873922 0.000734 0.050000
v 1.873922 0.000734 -0.050000
v 1.863445 -0.001630 0.050000
v 1.863445 -0.001630 -0.050000
v 1.852926 -0.004521 0.050000
v 1.852926 -0.004521 -0.050000
v 1.842375 -0.007875 0.050000
v 1.842375 -0.007875 -0.050000
v 1.831804 -0.011624 0.050000
v 1.831804 -0.011624 -0.050000
v 1.821222 -0.015704 0.050000
v 1.821222 -0.015704 -0.050000
v 1.810641 -0.020047 0.050000
v 1.810641 -0.020047 -0.050000
v 1.800070 -0.024588 0.050000
v 1.800070 -0.024588 -0.050000
v 1.789519 -0.029261 0.050000
v 1.789519 -0.029261 -0.050000
v 1.779000 -0.034000 0.050000
v 1.779000 -0.034000 -0.050000
v 1.768523 -0.038739 0.050000
v 1.768523 -0.038739 -0.050000
v 1.758097 -0.043412 0.050000
v 1.758097 -0.043412 -0.050000
v 1.747735 -0.047953 0.050000
v 1.747735 -0.047953 -0.050000
v 1.737445 -0.052296 0.050000
v 1.737445 -0.052296 -0.050000
v 1.727238 -0.056376 0.050000
v 1.727238 -0.056376 -0.050000
v 1.717125 -0.060125 0.050000
v 1.717125 -0.060125 -0.050000
v 1.707116 -0.063479 0.050000
v 1.707116 -0.063479 -0.050000
v 1.697222 -0.066370 0.050000
v 1.697222 -0.066370 -0.050000
v 1.687453 -0.068734 0.050000
v 1.687453 -0.068734 -0.050000
v 1.677820 -0.070505 0.050000
v 1.677820 -0.070505 -0.050000
v 1.668332 -0.071615 0.050000
v 1.668332 -0.071615 -0.050000
v 1.659000 -0.072000 0.050000
v 1.659000 -0.072000 -0.050000
v 1.647824 -0.071350 0.050000
v 1.647824 -0.071350 -0.050000
v 1.636338 -0.069468 0.050000
v 1.636338 -0.069468 -0.050000
v 1.624610 -0.066453 0.050000
v 1.624610 -0.066453 -0.050000
v 1.612704 -0.062407 0.050000
v 1.612704 -0.062407 -0.050000
v 1.600687 -0.057431 0.050000
v 1.600687 -0.057431 -0.050000
v 1.588625 -0.051625 0.050000
v 1.588625 -0.051625 -0.050000
v 1.576584 -0.045090 0.050000
v 1.576584 -0.045090 -0.050000
v 1.564630 -0.037926 0.050000
v 1.564630 -0.037926 -0.050000
v 1.552828 -0.030234 0.050000
v 1.552828 -0.030234 -0.050000
v 1.541246 -0.022116 0.050000
v 1.541246 -0.022116 -0.050000
v 1.529948 -0.013671 0.050000
v 1.529948 -0.013671 -0.050000
v 1.519000 -0.005000 0.050000
v 1.519000 -0.005000 -0.050000
v 1.519000 -0.088000 0.050000
v 1.519000 -0.088000 -0.050000
v 1.529493 -0.096612 0.050000
v 1.529493 -0.096612 -0.050000
v 1.540440 -0.104894 0.050000
v 1.540440 -0.104894 -0.050000
v 1.551797 -0.112766 0.050000
v 1.551797 -0.112766 -0.050000
v 1.563519 -0.120148 0.050000
v 1.563519 -0.120148 -0.050000
v 1.575560 -0.126961 0.050000
v 1.575560 -0.126961 -0.050000
v 1.587875 -0.133125 0.050000
v 1.587875 -0.133125 -0.050000
v 1.600420 -0.138560 0.050000
v 1.600420 -0.138560 -0.050000
v 1.613148 -0.143185 0.050000
v 1.613148 -0.143185 -0.050000
v 1.626016 -0.146922 0.050000
v 1.626016 -0.146922 -0.050000
v 1.638977 -0.149690 0.050000
v 1.638977 -0.149690 -0.050000
v 1.651987 -0.151409 0.050000
v 1.651987 -0.151409 -0.050000
v 1.665000 -0.152000 0.050000
v 1.665000 -0.152000 -0.050000
v 1.674850 -0.151615 0.050000
v 1.674850 -0.151615 -0.050000
v 1.684885 -0.150505 0.050000
v 1.684885 -0.150505 -0.050000
v 1.695078 -0.148734 0.050000
v 1.695078 -0.148734 -0.050000
v 1.705408 -0.146370 0.050000
v 1.705408 -0.146370 -0.050000
v 1.715848 -0.143479 0.050000
v 1.715848 -0.143479 -0.050000
v 1.726375 -0.140125 0.050000
v 1.726375 -0.140125 -0.050000
v 1.736965 -0.136376 0.050000
v 1.736965 -0.136376 -0.050000
v 1.747593 -0.132296 0.050000
v 1.747593 -0.132296 -0.050000
v 1.758235 -0.127953 0.050000
v 1.758235 -0.127953 -0.050000
v 1.768866 -0.123412 0.050000
v 1.768866 -0.123412 -0.050000
v 1.779463 -0.118739 0.050000
v 1.779463 -0.118739 -0.050000
v 1.790000 -0.114000 0.050000
v 1.790000 -0.114000 -0.050000
v 1.800727 -0.109261 0.050000
v 1.800727 -0.109261 -0.050000
v 1.811398 -0.104588 0.050000
v 1.811398 -0.104588 -0.050000
v 1.822000 -0.100047 0.050000
v 1.822000 -0.100047 -0.050000
v 1.832519 -0.095704 0.050000
v 1.832519 -0.095704 -0.050000
v 1.842940 -0.091624 0.050000
v 1.842940 -0.091624 -0.050000
v 1.853250 -0.087875 0.050000
v 1.853250 -0.087875 -0.050000
v 1.863435 -0.084521 0.050000
v 1.863435 -0.084521 -0.050000
v 1.873482 -0.081630 0.050000
v 1.873482 -0.081630 -0.050000
v 1.883375 -0.079266 0.050000
v 1.883375 -0.079266 -0.050000
v 1.893102 -0.077495 0.050000
v 1.893102 -0.077495 -0.050000
v 1.902648 -0.076385 0.050000
v 1.902648 -0.076385 -0.050000
v 1.912000 -0.076000 0.050000
v 1.912000 -0.076000 -0.050000
v 1.924171 -0.076612 0.050000
v 1.924171 -0.076612 -0.050000
v 1.936199 -0.078394 0.050000
v 1.936199 -0.078394 -0.050000
v 1.948110 -0.081266 0.050000
v 1.948110 -0.081266 -0.050000
v 1.959926 -0.085148 0.050000
v 1.959926 -0.085148 -0.050000
v 1.971673 -0.089961 0.050000
v 1.971673 -0.089961 -0.050000
v 1.983375 -0.095625 0.050000
v 1.983375 -0.095625 -0.050000
v 1.995056 -0.102060 0.050000
v 1.995056 -0.102060 -0.050000
v 2.006741 -0.109185 0.050000
v 2.006741 -0.109185 -0.050000
v 2.018453 -0.116922 0.050000
v 2.018453 -0.116922 -0.050000
v 2.030218 -0.125190 0.050000
v 2.030218 -0.125190 -0.050000
v 2.042059 -0.133909 0.050000
v 2.042059 -0.133909 -0.050000
v 2.054000 -0.143000 0.050000
v 2.054000 -0.143000 -0.050000
v 2.054000 -0.060000 0.050000
v 2.054000 -0.060000 -0.050000
v 1.322000 0.253000 0.050000
v 1.322000 0.253000 -0.050000
v 1.322000 0.047000 0.050000
v 1.322000 0.047000 -0.050000
v 1.043000 0.047000 0.050000
v 1.043000 0.047000 -0.050000
v 1.043000 -0.041000 0.050000
v 1.043000 -0.041000 -0.050000
v 1.322000 -0.041000 0.050000
v 1.322000 -0.041000 -0.050000
v 1.322000 -0.253000 0.050000
v 1.322000 -0.253000 -0.050000
v 1.024000 -0.253000 0.050000
v 1.024000 -0.253000 -0.050000
v 1.024000 -0.341000 0.050000
v 1.024000 -0.341000 -0.050000
v 1.420000 -0.341000 0.050000
v 1.420000 -0.341000 -0.050000
v 1.420000 0.341000 0.050000
v 1.420000 0.341000 -0.050000
v 1.033000 0.341000 0.050000
v 1.033000 0.341000 -0.050000
v 1.033000 0.253000 0.050000
v 1.033000 0.253000 -0.050000
v 0.373000 -0.341000 0.050000
v 0.373000 -0.341000 -0.050000
v 0.829000 0.184000 0.050000
v 0.829000 0.184000 -0.050000
v 0.829000 -0.341000 0.050000
v 0.829000 -0.341000 -0.050000
v 0.921000 -0.341000 0.050000
v 0.921000 -0.341000 -0.050000
v 0.921000 0.341000 0.050000
v 0.921000 0.341000 -0.050000
v 0.843000 0.341000 0.050000
v 0.843000 0.341000 -0.050000
v 0.381000 -0.187000 0.050000
v 0.381000 -0.187000 -0.050000
v 0.381000 0.341000 0.050000
v 0.381000 0.341000 -0.050000
v 0.289000 0.341000 0.050000
v 0.289000 0.341000 -0.050000
v 0.289000 -0.341000 0.050000
v 0.289000 -0.341000 -0.050000
v -0.137000 0.253000 0.050000
v -0.137000 0.253000 -0.050000
v -0.137000 -0.341000 0.050000
v -0.137000 -0.341000 -0.050000
v -0.039000 -0.341000 0.050000
v -0.039000 -0.341000 -0.050000
v -0.039000 0.253000 0.050000
v -0.039000 0.253000 -0.050000
v 0.197000 0.253000 0.050000
v 0.197000 0.253000 -0.050000
v 0.197000 0.341000 0.050000
v 0.197000 0.341000 -0.050000
v -0.373000 0.341000 0.050000
v -0.373000 0.341000 -0.050000
v -0.373000 0.253000 0.050000
v -0.373000 0.253000 -0.050000
v -0.563000 0.253000 0.050000
v -0.563000 0.253000 -0.050000
v -0.563000 0.047000 0.050000
v -0.563000 0.047000 -0.050000
v -0.842000 0.047000 0.050000
v -0.842000 0.047000 -0.050000
v -0.842000 -0.041000 0.050000
v -0.842000 -0.041000 -0.050000
v -0.563000 -0.041000 0.050000
v -0.563000 -0.041000 -0.050000
v -0.563000 -0.253000 0.050000
v -0.563000 -0.253000 -0.050000
v -0.861000 -0.253000 0.050000
v -0.861000 -0.253000 -0.050000
v -0.861000 -0.341000 0.050000
v -0.861000 -0.341000 -0.050000
v -0.465000 -0.341000 0.050000
v -0.465000 -0.341000 -0.050000
v -0.465000 0.341000 0.050000
v -0.465000 0.341000 -0.050000
v -0.852000 0.341000 0.050000
v -0.852000 0.341000 -0.050000
v -0.852000 0.253000 0.050000
v -0.852000 0.253000 -0.050000
v -1.172397 0.339495 0.050000
v -1.172397 0.339495 -0.050000
v -1.203509 0.335046 0.050000
v -1.203509 0.335046 -0.050000
v -1.232219 0.327750 0.050000
v -1.232219 0.327750 -0.050000
v -1.258407 0.317704 0.050000
v -1.258407 0.317704 -0.050000
v -1.281957 0.305005 0.050000
v -1.281957 0.305005 -0.050000
v -1.302750 0.289750 0.050000
v -1.302750 0.289750 -0.050000
v -1.320668 0.272037 0.050000
v -1.320668 0.272037 -0.050000
v -1.335593 0.251963 0.050000
v -1.335593 0.251963 -0.050000
v -1.347406 0.229625 0.050000
v -1.347406 0.229625 -0.050000
v -1.355991 0.205120 0.050000
v -1.355991 0.205120 -0.050000
v -1.361228 0.178546 0.050000
v -1.361228 0.178546 -0.050000
v -1.363000 0.150000 0.050000
v -1.363000 0.150000 -0.050000
v -1.362151 0.130672 0.050000
v -1.362151 0.130672 -0.050000
v -1.359625 0.112213 0.050000
v -1.359625 0.112213 -0.050000
v -1.355453 0.094656 0.050000
v -1.355453 0.094656 -0.050000
v -1.349667 0.078037 0.050000
v -1.349667 0.078037 -0.050000
v -1.342297 0.062390 0.050000
v -1.342297 0.062390 -0.050000
v -1.333375 0.047750 0.050000
v -1.333375 0.047750 -0.050000
v -1.322932 0.034152 0.050000
v -1.322932 0.034152 -0.050000
v -1.311000 0.021630 0.050000
v -1.311000 0.021630 -0.050000
v -1.297609 0.010219 0.050000
v -1.297609 0.010219 -0.050000
v -1.282792 -0.000046 0.050000
v -1.282792 -0.000046 -0.050000
v -1.266578 -0.009131 0.050000
v -1.266578 -0.009131 -0.050000
v -1.249000 -0.017000 0.050000
v -1.249000 -0.017000 -0.050000
v -1.264022 -0.027708 0.050000
v -1.264022 -0.027708 -0.050000
v -1.278176 -0.039333 0.050000
v -1.278176 -0.039333 -0.050000
v -1.291594 -0.051875 0.050000
v -1.291594 -0.051875 -0.050000
v -1.304407 -0.065333 0.050000
v -1.304407 -0.065333 -0.050000
v -1.316749 -0.079708 0.050000
v -1.316749 -0.079708 -0.050000
v -1.328750 -0.095000 0.050000
v -1.328750 -0.095000 -0.050000
v -1.340543 -0.111208 0.050000
v -1.340543 -0.111208 -0.050000
v -1.352259 -0.128333 0.050000
v -1.352259 -0.128333 -0.050000
v -1.364031 -0.146375 0.050000
v -1.364031 -0.146375 -0.050000
v -1.375991 -0.165333 0.050000
v -1.375991 -0.165333 -0.050000
v -1.388270 -0.185208 0.050000
v -1.388270 -0.185208 -0.050000
v -1.401000 -0.206000 0.050000
v -1.401000 -0.206000 -0.050000
v -1.408024 -0.217288 0.050000
v -1.408024 -0.217288 -0.050000
v -1.414694 -0.227806 0.050000
v -1.414694 -0.227806 -0.050000
v -1.421156 -0.237781 0.050000
v -1.421156 -0.237781 -0.050000
v -1.427555 -0.247444 0.050000
v -1.427555 -0.247444 -0.050000
v -1.434038 -0.257024 0.050000
v -1.434038 -0.257024 -0.050000
v -1.440750 -0.266750 0.050000
v -1.440750 -0.266750 -0.050000
v -1.447837 -0.276851 0.050000
v -1.447837 -0.276851 -0.050000
v -1.455444 -0.287556 0.050000
v -1.455444 -0.287556 -0.050000
v -1.463719 -0.299094 0.050000
v -1.463719 -0.299094 -0.050000
v -1.472806 -0.311694 0.050000
v -1.472806 -0.311694 -0.050000
v -1.482851 -0.325587 0.050000
v -1.482851 -0.325587 -0.050000
v -1.494000 -0.341000 0.050000
v -1.494000 -0.341000 -0.050000
v -1.377000 -0.341000 0.050000
v -1.377000 -0.341000 -0.050000
v -1.287000 -0.201000 0.050000
v -1.287000 -0.201000 -0.050000
v -1.265487 -0.168521 0.050000
v -1.265487 -0.168521 -0.050000
v -1.245815 -0.140833 0.050000
v -1.245815 -0.140833 -0.050000
v -1.227781 -0.117563 0.050000
v -1.227781 -0.117563 -0.050000
v -1.211185 -0.098333 0.050000
v -1.211185 -0.098333 -0.050000
v -1.195825 -0.082771 0.050000
v -1.195825 -0.082771 -0.050000
v -1.181500 -0.070500 0.050000
v -1.181500 -0.070500 -0.050000
v -1.168008 -0.061146 0.050000
v -1.168008 -0.061146 -0.050000
v -1.155148 -0.054333 0.050000
v -1.155148 -0.054333 -0.050000
v -1.142719 -0.049688 0.050000
v -1.142719 -0.049688 -0.050000
v -1.130518 -0.046833 0.050000
v -1.130518 -0.046833 -0.050000
v -1.118346 -0.045396 0.050000
v -1.118346 -0.045396 -0.050000
v -1.106000 -0.045000 0.050000
v -1.106000 -0.045000 -0.050000
v -1.065000 -0.045000 0.050000
v -1.065000 -0.045000 -0.050000
v -1.065000 -0.341000 0.050000
v -1.065000 -0.341000 -0.050000
v -0.967000 -0.341000 0.050000
v -0.967000 -0.341000 -0.050000
v -0.967000 0.341000 0.050000
v -0.967000 0.341000 -0.050000
v -1.139000 0.341000 0.050000
v -1.139000 0.341000 -0.050000
v -1.128000 0.043000 0.050000
v -1.128000 0.043000 -0.050000
v -1.152713 0.044095 0.050000
v -1.152713 0.044095 -0.050000
v -1.174454 0.047264 0.050000
v -1.174454 0.047264 -0.050000
v -1.193375 0.052328 0.050000
v -1.193375 0.052328 -0.050000
v -1.209630 0.059111 0.050000
v -1.209630 0.059111 -0.050000
v -1.223370 0.067436 0.050000
v -1.223370 0.067436 -0.050000
v -1.234750 0.077125 0.050000
v -1.234750 0.077125 -0.050000
v -1.243921 0.088002 0.050000
v -1.243921 0.088002 -0.050000
v -1.251037 0.099889 0.050000
v -1.251037 0.099889 -0.050000
v -1.256250 0.112609 0.050000
v -1.256250 0.112609 -0.050000
v -1.259713 0.125986 0.050000
v -1.259713 0.125986 -0.050000
v -1.261579 0.139842 0.050000
v -1.261579 0.139842 -0.050000
v -1.262000 0.154000 0.050000
v -1.262000 0.154000 -0.050000
v -1.260967 0.169471 0.050000
v -1.260967 0.169471 -0.050000
v -1.258324 0.183852 0.050000
v -1.258324 0.183852 -0.050000
v -1.254000 0.197094 0.050000
v -1.254000 0.197094 -0.050000
v -1.247926 0.209148 0.050000
v -1.247926 0.209148 -0.050000
v -1.240032 0.219966 0.050000
v -1.240032 0.219966 -0.050000
v -1.230250 0.229500 0.050000
v -1.230250 0.229500 -0.050000
v -1.218509 0.237700 0.050000
v -1.218509 0.237700 -0.050000
v -1.204741 0.244519 0.050000
v -1.204741 0.244519 -0.050000
v -1.188875 0.249906 0.050000
v -1.188875 0.249906 -0.050000
v -1.170843 0.253815 0.050000
v -1.170843 0.253815 -0.050000
v -1.150574 0.256196 0.050000
v -1.150574 0.256196 -0.050000
v -1.128000 0.257000 0.050000
v -1.128000 0.257000 -0.050000
v -1.065000 0.257000 0.050000
v -1.065000 0.257000 -0.050000
v -1.065000 0.043000 0.050000
v -1.065000 0.043000 -0.050000
v -1.529933 -0.051178 0.050000
v -1.529933 -0.051178 -0.050000
v -1.541218 -0.042759 0.050000
v -1.541218 -0.042759 -0.050000
v -1.552828 -0.034813 0.050000
v -1.552828 -0.034813 -0.050000
v -1.564741 -0.027407 0.050000
v -1.564741 -0.027407 -0.050000
v -1.576931 -0.020613 0.050000
v -1.576931 -0.020613 -0.050000
v -1.589375 -0.014500 0.050000
v -1.589375 -0.014500 -0.050000
v -1.602048 -0.009137 0.050000
v -1.602048 -0.009137 -0.050000
v -1.614926 -0.004593 0.050000
v -1.614926 -0.004593 -0.050000
v -1.627984 -0.000937 0.050000
v -1.627984 -0.000937 -0.050000
v -1.641199 0.001759 0.050000
v -1.641199 0.001759 -0.050000
v -1.654546 0.003428 0.050000
v -1.654546 0.003428 -0.050000
v -1.668000 0.004000 0.050000
v -1.668000 0.004000 -0.050000
v -1.678290 0.003615 0.050000
v -1.678290 0.003615 -0.050000
v -1.688653 0.002505 0.050000
v -1.688653 0.002505 -0.050000
v -1.699078 0.000734 0.050000
v -1.699078 0.000734 -0.050000
v -1.709556 -0.001630 0.050000
v -1.709556 -0.001630 -0.050000
v -1.720075 -0.004521 0.050000
v -1.720075 -0.004521 -0.050000
v -1.730625 -0.007875 0.050000
v -1.730625 -0.007875 -0.050000
v -1.741196 -0.011624 0.050000
v -1.741196 -0.011624 -0.050000
v -1.751778 -0.015704 0.050000
v -1.751778 -0.015704 -0.050000
v -1.762359 -0.020047 0.050000
v -1.762359 -0.020047 -0.050000
v -1.772931 -0.024588 0.050000
v -1.772931 -0.024588 -0.050000
v -1.783481 -0.029261 0.050000
v -1.783481 -0.029261 -0.050000
v -1.794000 -0.034000 0.050000
v -1.794000 -0.034000 -0.050000
v -1.804477 -0.038739 0.050000
v -1.804477 -0.038739 -0.050000
v -1.814903 -0.043412 0.050000
v -1.814903 -0.043412 -0.050000
v -1.825266 -0.047953 0.050000
v -1.825266 -0.047953 -0.050000
v -1.835556 -0.052296 0.050000
v -1.835556 -0.052296 -0.050000
v -1.845762 -0.056376 0.050000
v -1.845762 -0.056376 -0.050000
v -1.855875 -0.060125 0.050000
v -1.855875 -0.060125 -0.050000
v -1.865884 -0.063479 0.050000
v -1.865884 -0.063479 -0.050000
v -1.875778 -0.066370 0.050000
v -1.875778 -0.066370 -0.050000
v -1.885547 -0.068734 0.050000
v -1.885547 -0.068734 -0.050000
v -1.895181 -0.070505 0.050000
v -1.895181 -0.070505 -0.050000
v -1.904668 -0.071615 0.050000
v -1.904668 -0.071615 -0.050000
v -1.914000 -0.072000 0.050000
v -1.914000 -0.072000 -0.050000
v -1.925177 -0.071350 0.050000
v -1.925177 -0.071350 -0.050000
v -1.936662 -0.069468 0.050000
v -1.936662 -0.069468 -0.050000
v -1.948391 -0.066453 0.050000
v -1.948391 -0.066453 -0.050000
v -1.960296 -0.062407 0.050000
v -1.960296 -0.062407 -0.050000
v -1.972313 -0.057431 0.050000
v -1.972313 -0.057431 -0.050000
v -1.984375 -0.051625 0.050000
v -1.984375 -0.051625 -0.050000
v -1.996416 -0.045090 0.050000
v -1.996416 -0.045090 -0.050000
v -2.008370 -0.037926 0.050000
v -2.008370 -0.037926 -0.050000
v -2.020172 -0.030234 0.050000
v -2.020172 -0.030234 -0.050000
v -2.031755 -0.022116 0.050000
v -2.031755 -0.022116 -0.050000
v -2.043053 -0.013671 0.050000
v -2.043053 -0.013671 -0.050000
v -2.054000 -0.005000 0.050000
v -2.054000 -0.005000 -0.050000
v -2.054000 -0.088000 0.050000
v -2.054000 -0.088000 -0.050000
v -2.043507 -0.096612 0.050000
v -2.043507 -0.096612 -0.050000
v -2.032560 -0.104894 0.050000
v -2.032560 -0.104894 -0.050000
v -2.021203 -0.112766 0.050000
v -2.021203 -0.112766 -0.050000
v -2.009481 -0.120148 0.050000
v -2.009481 -0.120148 -0.050000
v -1.997440 -0.126961 0.050000
v -1.997440 -0.126961 -0.050000
v -1.985125 -0.133125 0.050000
v -1.985125 -0.133125 -0.050000
v -1.972580 -0.138560 0.050000
v -1.972580 -0.138560 -0.050000
v -1.959852 -0.143185 0.050000
v -1.959852 -0.143185 -0.050000
v -1.946984 -0.146922 0.050000
v -1.946984 -0.146922 -0.050000
v -1.934023 -0.149690 0.050000
v -1.934023 -0.149690 -0.050000
v -1.921013 -0.151409 0.050000
v -1.921013 -0.151409 -0.050000
v -1.908000 -0.152000 0.050000
v -1.908000 -0.152000 -0.050000
v -1.898150 -0.151615 0.050000
v -1.898150 -0.151615 -0.050000
v -1.888116 -0.150505 0.050000
v -1.888116 -0.150505 -0.050000
v -1.877922 -0.148734 0.050000
v -1.877922 -0.148734 -0.050000
v -1.867593 -0.146370 0.050000
v -1.867593 -0.146370 -0.050000
v -1.857152 -0.143479 0.050000
v -1.857152 -0.143479 -0.050000
v -1.846625 -0.140125 0.050000
v -1.846625 -0.140125 -0.050000
v -1.836035 -0.136376 0.050000
v -1.836035 -0.136376 -0.050000
v -1.825407 -0.132296 0.050000
v -1.825407 -0.132296 -0.050000
v -1.814766 -0.127953 0.050000
v -1.814766 -0.127953 -0.050000
v -1.804134 -0.123412 0.050000
v -1.804134 -0.123412 -0.050000
v -1.793538 -0.118739 0.050000
v -1.793538 -0.118739 -0.050000
v -1.783000 -0.114000 0.050000
v -1.783000 -0.114000 -0.050000
v -1.772273 -0.109261 0.050000
v -1.772273 -0.109261 -0.050000
v -1.761602 -0.104588 0.050000
v -1.761602 -0.104588 -0.050000
v -1.751000 -0.100047 0.050000
v -1.751000 -0.100047 -0.050000
v -1.740481 -0.095704 0.050000
v -1.740481 -0.095704 -0.050000
v -1.730060 -0.091624 0.050000
v -1.730060 -0.091624 -0.050000
v -1.719750 -0.087875 0.050000
v -1.719750 -0.087875 -0.050000
v -1.709565 -0.084521 0.050000
v -1.709565 -0.084521 -0.050000
v -1.699519 -0.081630 0.050000
v -1.699519 -0.081630 -0.050000
v -1.689625 -0.079266 0.050000
v -1.689625 -0.079266 -0.050000
v -1.679898 -0.077495 0.050000
v -1.679898 -0.077495 -0.050000
v -1.670352 -0.076385 0.050000
v -1.670352 -0.076385 -0.050000
v -1.661000 -0.076000 0.050000
v -1.661000 -0.076000 -0.050000
v -1.648829 -0.076612 0.050000
v -1.648829 -0.076612 -0.050000
v -1.636801 -0.078394 0.050000
v -1.636801 -0.078394 -0.050000
v -1.624891 -0.081266 0.050000
v -1.624891 -0.081266 -0.050000
v -1.613074 -0.085148 0.050000
v -1.613074 -0.085148 -0.050000
v -1.601327 -0.089961 0.050000
v -1.601327 -0.089961 -0.050000
v -1.589625 -0.095625 0.050000
v -1.589625 -0.095625 -0.050000
v -1.577944 -0.102060 0.050000
v -1.577944 -0.102060 -0.050000
v -1.566259 -0.109185 0.050000
v -1.566259 -0.109185 -0.050000
v -1.554547 -0.116922 0.050000
v -1.554547 -0.116922 -0.050000
v -1.542782 -0.125190 0.050000
v -1.542782 -0.125190 -0.050000
v -1.530941 -0.133909 0.050000
v -1.530941 -0.133909 -0.050000
v -1.519000 -0.143000 0.050000
v -1.519000 -0.143000 -0.050000
v -1.519000 -0.060000 0.050000
v -1.519000 -0.060000 -0.050000
vn -0.0000 -0.0000 -1.0000
vn -0.0000 1.0000 -0.0000
vn -0.0000 -0.0000 1.0000
vn -0.0000 0.0001 1.0000
vn 0.5815 0.8135 -0.0000
vn 0.6131 0.7900 -0.0000
vn 0.5465 0.8375 -0.0000
vn 0.5075 0.8616 -0.0000
vn 0.4640 0.8858 -0.0000
vn 0.4155 0.9096 -0.0000
vn 0.3614 0.9324 -0.0000
vn 0.3013 0.9535 -0.0000
vn 0.2349 0.9720 -0.0000
vn 0.1621 0.9868 -0.0000
vn 0.0833 0.9965 -0.0000
vn 0.0025 1.0000 -0.0000
vn -0.0720 0.9974 -0.0000
vn -0.1370 0.9906 -0.0000
vn -0.1938 0.9810 -0.0000
vn -0.2426 0.9701 -0.0000
vn -0.2841 0.9588 -0.0000
vn -0.3186 0.9479 -0.0000
vn -0.3470 0.9379 -0.0000
vn -0.3697 0.9291 -0.0000
vn -0.3872 0.9220 -0.0000
vn -0.3998 0.9166 -0.0000
vn -0.4079 0.9130 -0.0000
vn -0.4114 0.9114 -0.0000
vn -0.4106 0.9118 -0.0000
vn -0.4052 0.9142 -0.0000
vn -0.3951 0.9186 -0.0000
vn -0.3800 0.9250 -0.0000
vn -0.3594 0.9332 -0.0000
vn -0.3327 0.9430 -0.0000
vn -0.2992 0.9542 -0.0000
vn -0.2579 0.9662 -0.0000
vn -0.2080 0.9781 -0.0000
vn -0.1486 0.9889 -0.0000
vn -0.0788 0.9969 -0.0000
vn 0.0084 1.0000 -0.0000
vn 0.1100 0.9939 -0.0000
vn 0.2055 0.9786 -0.0000
vn 0.2855 0.9584 -0.0000
vn 0.3524 0.9359 -0.0000
vn 0.4083 0.9128 -0.0000
vn 0.4555 0.8902 -0.0000
vn 0.4956 0.8685 -0.0000
vn 0.5301 0.8479 -0.0000
vn 0.5601 0.8284 -0.0000
vn 0.5864 0.8100 -0.0000
vn 0.6099 0.7925 -0.0000
vn -0.4354 0.9002 -0.0000
vn -0.9040 -0.4275 -0.0000
vn -0.6190 -0.7854 -0.0000
vn -0.5866 -0.8099 -0.0000
vn -0.5514 -0.8342 -0.0000
vn -0.5128 -0.8585 -0.0000
vn -0.4702 -0.8826 -0.0000
vn -0.4227 -0.9063 -0.0000
vn -0.3697 -0.9291 -0.0000
vn -0.3104 -0.9506 -0.0000
vn -0.2440 -0.9698 -0.0000
vn -0.1701 -0.9854 -0.0000
vn -0.0883 -0.9961 -0.0000
vn -0.0032 -1.0000 -0.0000
vn 0.0746 -0.9972 -0.0000
vn 0.1406 -0.9901 -0.0000
vn 0.1972 -0.9804 -0.0000
vn 0.2451 -0.9695 -0.0000
vn 0.2853 -0.9584 -0.0000
vn 0.3187 -0.9479 -0.0000
vn 0.3461 -0.9382 -0.0000
vn 0.3681 -0.9298 -0.0000
vn 0.3854 -0.9228 -0.0000
vn 0.3982 -0.9173 -0.0000
vn 0.3853 -0.9228 -0.0000
vn 0.4068 -0.9135 -0.0000
vn 0.4071 -0.9134 -0.0000
vn 0.4026 -0.9154 -0.0000
vn 0.3974 -0.9176 -0.0000
vn 0.3877 -0.9218 -0.0000
vn 0.3731 -0.9278 -0.0000
vn 0.3532 -0.9356 -0.0000
vn 0.3273 -0.9449 -0.0000
vn 0.2947 -0.9556 -0.0000
vn 0.2546 -0.9671 -0.0000
vn 0.2058 -0.9786 -0.0000
vn 0.1474 -0.9891 -0.0000
vn 0.0784 -0.9969 -0.0000
vn -0.0045 -1.0000 -0.0000
vn -0.0985 -0.9951 -0.0000
vn -0.1907 -0.9817 -0.0000
vn -0.2735 -0.9619 -0.0000
vn -0.3459 -0.9383 -0.0000
vn -0.4076 -0.9132 -0.0000
vn -0.4592 -0.8883 -0.0000
vn -0.5017 -0.8650 -0.0000
vn -0.5360 -0.8442 -0.0000
vn -0.5631 -0.8264 -0.0000
vn -0.5840 -0.8117 -0.0000
vn -0.5994 -0.8005 -0.0000
vn 0.4440 -0.8960 -0.0000
vn 0.9022 0.4313 -0.0000
vn -0.7071 0.7071 -0.0000
vn -0.7071 -0.7071 -0.0000
vn 0.7071 -0.7071 -0.0000
vn 0.7071 0.7071 -0.0000
vn -0.3500 -0.9367 -0.0000
vn 0.4149 -0.9099 -0.0000
vn -0.3500 -0.9368 -0.0000
vn -0.4132 0.9106 -0.0000
vn 0.3517 0.9361 -0.0000
vn -0.1942 0.9810 -0.0000
vn -0.0934 0.9956 -0.0000
vn -0.3028 0.9531 -0.0000
vn -0.4173 0.9088 -0.0000
vn -0.5344 0.8453 -0.0000
vn -0.6490 0.7608 -0.0000
vn -0.7549 0.6558 -0.0000
vn -0.8457 0.5336 -0.0000
vn -0.9164 0.4002 -0.0000
vn -0.9649 0.2627 -0.0000
vn -0.9918 0.1279 -0.0000
vn -1.0000 0.0090 -0.0000
vn -0.9960 -0.0898 -0.0000
vn -0.9830 -0.1836 -0.0000
vn -0.9599 -0.2804 -0.0000
vn -0.9258 -0.3780 -0.0000
vn -0.8806 -0.4739 -0.0000
vn -0.8247 -0.5655 -0.0000
vn -0.7596 -0.6504 -0.0000
vn -0.6872 -0.7265 -0.0000
vn -0.6098 -0.7926 -0.0000
vn -0.5297 -0.8482 -0.0000
vn -0.4492 -0.8935 -0.0000
vn -0.9951 -0.0990 -0.0000
vn -0.6079 0.7940 -0.0000
vn -0.6591 0.7520 -0.0000
vn -0.7038 0.7104 -0.0000
vn -0.7417 0.6707 -0.0000
vn -0.7729 0.6345 -0.0000
vn -0.7978 0.6030 -0.0000
vn -0.8171 0.5766 -0.0000
vn -0.8315 0.5556 -0.0000
vn -0.8417 0.5400 -0.0000
vn -0.8483 0.5296 -0.0000
vn -0.8518 0.5239 -0.0000
vn -0.8509 0.5253 -0.0000
vn -0.8468 0.5320 -0.0000
vn -0.8419 0.5396 -0.0000
vn -0.8365 0.5479 -0.0000
vn -0.8310 0.5563 -0.0000
vn -0.8256 0.5642 -0.0000
vn -0.8208 0.5712 -0.0000
vn -0.8169 0.5768 -0.0000
vn -0.8139 0.5810 -0.0000
vn -0.8119 0.5838 -0.0000
vn -0.8107 0.5854 -0.0000
vn -0.8103 0.5860 -0.0000
vn -0.8905 -0.4549 -0.0000
vn 0.4792 -0.8777 -0.0000
vn -0.8905 -0.4550 -0.0000
vn 0.8375 -0.5465 -0.0000
vn 0.8246 -0.5658 -0.0000
vn 0.8030 -0.5960 -0.0000
vn 0.7740 -0.6332 -0.0000
vn 0.7348 -0.6783 -0.0000
vn 0.6817 -0.7316 -0.0000
vn 0.6110 -0.7917 -0.0000
vn 0.5199 -0.8542 -0.0000
vn 0.4100 -0.9121 -0.0000
vn 0.2895 -0.9572 -0.0000
vn 0.1728 -0.9850 -0.0000
vn 0.0747 -0.9972 -0.0000
vn 0.0160 -0.9999 -0.0000
vn -0.0225 0.9997 -0.0000
vn 0.0944 0.9955 -0.0000
vn 0.0221 0.9998 -0.0000
vn 0.2017 0.9794 -0.0000
vn 0.3226 0.9466 -0.0000
vn 0.4529 0.8916 -0.0000
vn 0.3225 0.9466 -0.0000
vn 0.5851 0.8110 -0.0000
vn 0.7088 0.7054 -0.0000
vn 0.8139 0.5810 -0.0000
vn 0.8942 0.4477 -0.0000
vn 0.9489 0.3156 -0.0000
vn 0.9813 0.1924 -0.0000
vn 0.9967 0.0817 -0.0000
vn 0.9998 -0.0184 -0.0000
vn 0.9923 -0.1239 -0.0000
vn 0.9692 -0.2462 -0.0000
vn 0.9245 -0.3813 -0.0000
vn 0.8533 -0.5215 -0.0000
vn 0.7555 -0.6551 -0.0000
vn 0.6374 -0.7705 -0.0000
vn 0.5096 -0.8604 -0.0000
vn 0.3835 -0.9235 -0.0000
vn 0.2671 -0.9637 -0.0000
vn 0.1644 -0.9864 -0.0000
vn 0.0762 -0.9971 -0.0000
vn 0.0178 -0.9998 -0.0000
vt 0.103093 0.000000
vt 0.123711 0.000000
vt 0.113402 0.000000
vt 0.134021 0.000000
vt 0.092784 0.000000
vt 0.144330 0.000000
vt 0.082474 0.000000
vt 0.154639 0.000000
vt 0.072165 0.000000
vt 0.164948 0.000000
vt 0.175258 0.000000
vt 0.061856 0.000000
vt 0.474227 0.000000
vt 0.494845 0.000000
vt 0.484536 0.000000
vt 0.185567 0.000000
vt 0.051546 0.000000
vt 0.195876 0.000000
vt 0.463918 0.000000
vt 0.041237 0.000000
vt 0.206186 0.000000
vt 0.216495 0.000000
vt 0.030928 0.000000
vt 0.453608 0.000000
vt 0.226804 0.000000
vt 0.020619 0.000000
vt 0.237113 0.000000
vt 0.443299 0.000000
vt 0.247423 0.000000
vt 0.010309 0.000000
vt 0.432990 0.000000
vt 0.257732 0.000000
vt 0.000000 0.000000
vt 0.268041 0.000000
vt 0.422680 0.000000
vt 0.278351 0.000000
vt 1.000000 0.000000
vt 0.412371 0.000000
vt 0.288660 0.000000
vt 0.298969 0.000000
vt 0.402062 0.000000
vt 0.989691 0.000000
vt 0.979381 0.000000
vt 0.969072 0.000000
vt 0.958763 0.000000
vt 0.948454 0.000000
vt 0.938144 0.000000
vt 0.927835 0.000000
vt 0.917526 0.000000
vt 0.907216 0.000000
vt 0.896907 0.000000
vt 0.886598 0.000000
vt 0.876289 0.000000
vt 0.309278 0.000000
vt 0.391753 0.000000
vt 0.865979 0.000000
vt 0.319588 0.000000
vt 0.329897 0.000000
vt 0.381443 0.000000
vt 0.340206 0.000000
vt 0.371134 0.000000
vt 0.350515 0.000000
vt 0.360825 0.000000
vt 0.855670 0.000000
vt 0.845361 0.000000
vt 0.835052 0.000000
vt 0.824742 0.000000
vt 0.814433 0.000000
vt 0.804124 0.000000
vt 0.793814 0.000000
vt 0.505155 0.000000
vt 0.783505 0.000000
vt 0.773196 0.000000
vt 0.515464 0.000000
vt 0.762887 0.000000
vt 0.752577 0.000000
vt 0.525773 0.000000
vt 0.742268 0.000000
vt 0.536082 0.000000
vt 0.731959 0.000000
vt 0.721649 0.000000
vt 0.546392 0.000000
vt 0.711340 0.000000
vt 0.556701 0.000000
vt 0.701031 0.000000
vt 0.690722 0.000000
vt 0.567010 0.000000
vt 0.680412 0.000000
vt 0.577320 0.000000
vt 0.670103 0.000000
vt 0.587629 0.000000
vt 0.659794 0.000000
vt 0.649485 0.000000
vt 0.597938 0.000000
vt 0.639175 0.000000
vt 0.608247 0.000000
vt 0.628866 0.000000
vt 0.618557 0.000000
vt 0.688172 0.000000
vt 0.989247 0.000000
vt 0.698925 0.000000
vt 0.709677 0.000000
vt 0.010753 0.000000
vt 0.021505 0.000000
vt 0.032258 0.000000
vt 0.043011 0.000000
vt 0.053763 0.000000
vt 0.064516 0.000000
vt 0.978495 0.000000
vt 0.075269 0.000000
vt 0.967742 0.000000
vt 0.956989 0.000000
vt 0.946237 0.000000
vt 0.086022 0.000000
vt 0.935484 0.000000
vt 0.924731 0.000000
vt 0.913979 0.000000
vt 0.096774 0.000000
vt 0.903226 0.000000
vt 0.892473 0.000000
vt 0.881720 0.000000
vt 0.107527 0.000000
vt 0.870968 0.000000
vt 0.860215 0.000000
vt 0.118280 0.000000
vt 0.849462 0.000000
vt 0.838710 0.000000
vt 0.129032 0.000000
vt 0.827957 0.000000
vt 0.139785 0.000000
vt 0.817204 0.000000
vt 0.806452 0.000000
vt 0.150538 0.000000
vt 0.795699 0.000000
vt 0.161290 0.000000
vt 0.784946 0.000000
vt 0.172043 0.000000
vt 0.774194 0.000000
vt 0.763441 0.000000
vt 0.182796 0.000000
vt 0.752688 0.000000
vt 0.741935 0.000000
vt 0.193548 0.000000
vt 0.731183 0.000000
vt 0.720430 0.000000
vt 0.666667 0.000000
vt 0.204301 0.000000
vt 0.215054 0.000000
vt 0.225806 0.000000
vt 0.236559 0.000000
vt 0.247312 0.000000
vt 0.258065 0.000000
vt 0.268817 0.000000
vt 0.655914 0.000000
vt 0.645161 0.000000
vt 0.279570 0.000000
vt 0.677419 0.000000
vt 0.634409 0.000000
vt 0.623656 0.000000
vt 0.612903 0.000000
vt 0.290323 0.000000
vt 0.602151 0.000000
vt 0.591398 0.000000
vt 0.301075 0.000000
vt 0.580645 0.000000
vt 0.311828 0.000000
vt 0.569892 0.000000
vt 0.322581 0.000000
vt 0.559140 0.000000
vt 0.333333 0.000000
vt 0.548387 0.000000
vt 0.344086 0.000000
vt 0.537634 0.000000
vt 0.354839 0.000000
vt 0.365591 0.000000
vt 0.526882 0.000000
vt 0.376344 0.000000
vt 0.516129 0.000000
vt 0.387097 0.000000
vt 0.397849 0.000000
vt 0.408602 0.000000
vt 0.419355 0.000000
vt 0.430108 0.000000
vt 0.440860 0.000000
vt 0.451613 0.000000
vt 0.462366 0.000000
vt 0.473118 0.000000
vt 0.483871 0.000000
vt 0.494624 0.000000
vt 0.505376 0.000000
vt 0.727273 0.000000
vt 0.818182 0.000000
vt 0.909091 0.000000
vt 0.090909 0.000000
vt 0.363636 0.000000
vt 0.181818 0.000000
vt 0.272727 0.000000
vt 0.454545 0.000000
vt 0.545455 0.000000
vt 0.636364 0.000000
vt 0.571429 0.000000
vt 0.857143 0.000000
vt 0.714286 0.000000
vt 0.428571 0.000000
vt 0.285714 0.000000
vt 0.142857 0.000000
vt 0.555556 0.000000
vt 0.444444 0.000000
vt 0.111111 0.000000
vt 0.888889 0.000000
vt 0.777778 0.000000
vt 0.222222 0.000000
vt 0.010204 1.000000
vt 0.000000 1.000000
vt 0.020408 1.000000
vt 0.010204 0.000000
vt 0.030612 1.000000
vt 0.020408 0.000000
vt 0.040816 1.000000
vt 0.030612 0.000000
vt 0.051020 1.000000
vt 0.040816 0.000000
vt 0.061224 1.000000
vt 0.051020 0.000000
vt 0.071429 1.000000
vt 0.061224 0.000000
vt 0.081633 1.000000
vt 0.071429 0.000000
vt 0.091837 1.000000
vt 0.081633 0.000000
vt 0.102041 1.000000
vt 0.091837 0.000000
vt 0.112245 1.000000
vt 0.102041 0.000000
vt 0.122449 1.000000
vt 0.112245 0.000000
vt 0.132653 1.000000
vt 0.122449 0.000000
vt 0.142857 1.000000
vt 0.132653 0.000000
vt 0.153061 1.000000
vt 0.163265 1.000000
vt 0.153061 0.000000
vt 0.173469 1.000000
vt 0.163265 0.000000
vt 0.183673 1.000000
vt 0.173469 0.000000
vt 0.193878 1.000000
vt 0.183673 0.000000
vt 0.204082 1.000000
vt 0.193878 0.000000
vt 0.214286 1.000000
vt 0.204082 0.000000
vt 0.224490 1.000000
vt 0.214286 0.000000
vt 0.234694 1.000000
vt 0.224490 0.000000
vt 0.244898 1.000000
vt 0.234694 0.000000
vt 0.255102 1.000000
vt 0.244898 0.000000
vt 0.265306 1.000000
vt 0.255102 0.000000
vt 0.275510 1.000000
vt 0.265306 0.000000
vt 0.285714 1.000000
vt 0.275510 0.000000
vt 0.295918 1.000000
vt 0.306122 1.000000
vt 0.295918 0.000000
vt 0.316327 1.000000
vt 0.306122 0.000000
vt 0.326531 1.000000
vt 0.316327 0.000000
vt 0.336735 1.000000
vt 0.326531 0.000000
vt 0.346939 1.000000
vt 0.336735 0.000000
vt 0.357143 1.000000
vt 0.346939 0.000000
vt 0.367347 1.000000
vt 0.357143 0.000000
vt 0.377551 1.000000
vt 0.367347 0.000000
vt 0.387755 1.000000
vt 0.377551 0.000000
vt 0.397959 1.000000
vt 0.387755 0.000000
vt 0.408163 1.000000
vt 0.397959 0.000000
vt 0.418367 1.000000
vt 0.408163 0.000000
vt 0.428571 1.000000
vt 0.418367 0.000000
vt 0.438776 1.000000
vt 0.448980 1.000000
vt 0.438776 0.000000
vt 0.459184 1.000000
vt 0.448980 0.000000
vt 0.469388 1.000000
vt 0.459184 0.000000
vt 0.479592 1.000000
vt 0.469388 0.000000
vt 0.489796 1.000000
vt 0.479592 0.000000
vt 0.500000 1.000000
vt 0.489796 0.000000
vt 0.510204 1.000000
vt 0.500000 0.000000
vt 0.520408 1.000000
vt 0.510204 0.000000
vt 0.530612 1.000000
vt 0.520408 0.000000
vt 0.540816 1.000000
vt 0.530612 0.000000
vt 0.551020 1.000000
vt 0.540816 0.000000
vt 0.561224 1.000000
vt 0.551020 0.000000
vt 0.571429 1.000000
vt 0.561224 0.000000
vt 0.581633 1.000000
vt 0.591837 1.000000
vt 0.581633 0.000000
vt 0.602041 1.000000
vt 0.591837 0.000000
vt 0.612245 1.000000
vt 0.602041 0.000000
vt 0.622449 1.000000
vt 0.612245 0.000000
vt 0.632653 1.000000
vt 0.622449 0.000000
vt 0.642857 1.000000
vt 0.632653 0.000000
vt 0.653061 1.000000
vt 0.642857 0.000000
vt 0.663265 1.000000
vt 0.653061 0.000000
vt 0.673469 1.000000
vt 0.663265 0.000000
vt 0.683673 1.000000
vt 0.673469 0.000000
vt 0.693878 1.000000
vt 0.683673 0.000000
vt 0.704082 1.000000
vt 0.693878 0.000000
vt 0.714286 1.000000
vt 0.704082 0.000000
vt 0.724490 1.000000
vt 0.734694 1.000000
vt 0.724490 0.000000
vt 0.744898 1.000000
vt 0.734694 0.000000
vt 0.755102 1.000000
vt 0.744898 0.000000
vt 0.765306 1.000000
vt 0.755102 0.000000
vt 0.775510 1.000000
vt 0.765306 0.000000
vt 0.785714 1.000000
vt 0.775510 0.000000
vt 0.795918 1.000000
vt 0.785714 0.000000
vt 0.806122 1.000000
vt 0.795918 0.000000
vt 0.816327 1.000000
vt 0.806122 0.000000
vt 0.826531 1.000000
vt 0.816327 0.000000
vt 0.836735 1.000000
vt 0.826531 0.000000
vt 0.846939 1.000000
vt 0.836735 0.000000
vt 0.857143 1.000000
vt 0.846939 0.000000
vt 0.867347 1.000000
vt 0.877551 1.000000
vt 0.867347 0.000000
vt 0.887755 1.000000
vt 0.877551 0.000000
vt 0.897959 1.000000
vt 0.887755 0.000000
vt 0.908163 1.000000
vt 0.897959 0.000000
vt 0.918367 1.000000
vt 0.908163 0.000000
vt 0.928571 1.000000
vt 0.918367 0.000000
vt 0.938776 1.000000
vt 0.928571 0.000000
vt 0.948980 1.000000
vt 0.938776 0.000000
vt 0.959184 1.000000
vt 0.948980 0.000000
vt 0.969388 1.000000
vt 0.959184 0.000000
vt 0.979592 1.000000
vt 0.969388 0.000000
vt 0.989796 1.000000
vt 0.979592 0.000000
vt 1.000000 1.000000
vt 0.989796 0.000000
vt 0.083333 1.000000
vt 0.166667 1.000000
vt 0.083333 0.000000
vt 0.250000 1.000000
vt 0.166667 0.000000
vt 0.333333 1.000000
vt 0.250000 0.000000
vt 0.416667 1.000000
vt 0.416667 0.000000
vt 0.583333 1.000000
vt 0.666667 1.000000
vt 0.583333 0.000000
vt 0.750000 1.000000
vt 0.833333 1.000000
vt 0.750000 0.000000
vt 0.916667 1.000000
vt 0.833333 0.000000
vt 0.916667 0.000000
vt 0.100000 1.000000
vt 0.200000 1.000000
vt 0.100000 0.000000
vt 0.300000 1.000000
vt 0.200000 0.000000
vt 0.400000 1.000000
vt 0.300000 0.000000
vt 0.400000 0.000000
vt 0.600000 1.000000
vt 0.700000 1.000000
vt 0.600000 0.000000
vt 0.800000 1.000000
vt 0.700000 0.000000
vt 0.900000 1.000000
vt 0.800000 0.000000
vt 0.900000 0.000000
vt 0.125000 1.000000
vt 0.125000 0.000000
vt 0.375000 1.000000
vt 0.375000 0.000000
vt 0.625000 1.000000
vt 0.625000 0.000000
vt 0.875000 1.000000
vt 0.875000 0.000000
vt 0.014925 1.000000
vt 0.029851 1.000000
vt 0.014925 0.000000
vt 0.044776 1.000000
vt 0.029851 0.000000
vt 0.059701 1.000000
vt 0.044776 0.000000
vt 0.074627 1.000000
vt 0.059701 0.000000
vt 0.089552 1.000000
vt 0.074627 0.000000
vt 0.104478 1.000000
vt 0.089552 0.000000
vt 0.119403 1.000000
vt 0.104478 0.000000
vt 0.134328 1.000000
vt 0.119403 0.000000
vt 0.149254 1.000000
vt 0.134328 0.000000
vt 0.164179 1.000000
vt 0.149254 0.000000
vt 0.179104 1.000000
vt 0.164179 0.000000
vt 0.194030 1.000000
vt 0.179104 0.000000
vt 0.208955 1.000000
vt 0.194030 0.000000
vt 0.223881 1.000000
vt 0.208955 0.000000
vt 0.238806 1.000000
vt 0.223881 0.000000
vt 0.253731 1.000000
vt 0.238806 0.000000
vt 0.268657 1.000000
vt 0.253731 0.000000
vt 0.283582 1.000000
vt 0.268657 0.000000
vt 0.298507 1.000000
vt 0.283582 0.000000
vt 0.313433 1.000000
vt 0.298507 0.000000
vt 0.328358 1.000000
vt 0.313433 0.000000
vt 0.343284 1.000000
vt 0.328358 0.000000
vt 0.358209 1.000000
vt 0.343284 0.000000
vt 0.373134 1.000000
vt 0.358209 0.000000
vt 0.388060 1.000000
vt 0.373134 0.000000
vt 0.402985 1.000000
vt 0.388060 0.000000
vt 0.417910 1.000000
vt 0.402985 0.000000
vt 0.432836 1.000000
vt 0.417910 0.000000
vt 0.447761 1.000000
vt 0.432836 0.000000
vt 0.462687 1.000000
vt 0.447761 0.000000
vt 0.477612 1.000000
vt 0.462687 0.000000
vt 0.492537 1.000000
vt 0.477612 0.000000
vt 0.507463 1.000000
vt 0.492537 0.000000
vt 0.522388 1.000000
vt 0.507463 0.000000
vt 0.537313 1.000000
vt 0.522388 0.000000
vt 0.552239 1.000000
vt 0.537313 0.000000
vt 0.567164 1.000000
vt 0.552239 0.000000
vt 0.582090 1.000000
vt 0.567164 0.000000
vt 0.597015 1.000000
vt 0.582090 0.000000
vt 0.611940 1.000000
vt 0.597015 0.000000
vt 0.626866 1.000000
vt 0.611940 0.000000
vt 0.641791 1.000000
vt 0.626866 0.000000
vt 0.656716 1.000000
vt 0.641791 0.000000
vt 0.671642 1.000000
vt 0.656716 0.000000
vt 0.686567 1.000000
vt 0.671642 0.000000
vt 0.701493 1.000000
vt 0.686567 0.000000
vt 0.716418 1.000000
vt 0.701493 0.000000
vt 0.731343 1.000000
vt 0.716418 0.000000
vt 0.746269 1.000000
vt 0.731343 0.000000
vt 0.761194 1.000000
vt 0.746269 0.000000
vt 0.776119 1.000000
vt 0.761194 0.000000
vt 0.791045 1.000000
vt 0.776119 0.000000
vt 0.805970 1.000000
vt 0.791045 0.000000
vt 0.820895 1.000000
vt 0.805970 0.000000
vt 0.835821 1.000000
vt 0.820895 0.000000
vt 0.850746 1.000000
vt 0.835821 0.000000
vt 0.865672 1.000000
vt 0.850746 0.000000
vt 0.880597 1.000000
vt 0.865672 0.000000
vt 0.895522 1.000000
vt 0.880597 0.000000
vt 0.910448 1.000000
vt 0.895522 0.000000
vt 0.925373 1.000000
vt 0.910448 0.000000
vt 0.940298 1.000000
vt 0.925373 0.000000
vt 0.955224 1.000000
vt 0.940298 0.000000
vt 0.970149 1.000000
vt 0.955224 0.000000
vt 0.985075 1.000000
vt 0.970149 0.000000
vt 0.985075 0.000000
vt 0.037037 1.000000
vt 0.074074 1.000000
vt 0.037037 0.000000
vt 0.111111 1.000000
vt 0.074074 0.000000
vt 0.148148 1.000000
vt 0.185185 1.000000
vt 0.148148 0.000000
vt 0.222222 1.000000
vt 0.185185 0.000000
vt 0.259259 1.000000
vt 0.296296 1.000000
vt 0.259259 0.000000
vt 0.296296 0.000000
vt 0.370370 1.000000
vt 0.407407 1.000000
vt 0.370370 0.000000
vt 0.444444 1.000000
vt 0.407407 0.000000
vt 0.481481 1.000000
vt 0.518519 1.000000
vt 0.481481 0.000000
vt 0.555556 1.000000
vt 0.518519 0.000000
vt 0.592593 1.000000
vt 0.629630 1.000000
vt 0.592593 0.000000
vt 0.629630 0.000000
vt 0.703704 1.000000
vt 0.740741 1.000000
vt 0.703704 0.000000
vt 0.777778 1.000000
vt 0.740741 0.000000
vt 0.814815 1.000000
vt 0.851852 1.000000
vt 0.814815 0.000000
vt 0.888889 1.000000
vt 0.851852 0.000000
vt 0.925926 1.000000
vt 0.962963 1.000000
vt 0.925926 0.000000
vt 0.962963 0.000000
s 0
usemtl マテリアル.004
f 11/1/1 13/2/1 12/3/1
f 11/1/1 14/4/1 13/2/1
f 10/5/1 14/4/1 11/1/1
f 10/5/1 15/6/1 14/4/1
f 9/7/1 15/6/1 10/5/1
f 9/7/1 16/8/1 15/6/1
f 8/9/1 16/8/1 9/7/1
f 8/9/1 17/10/1 16/8/1
f 8/9/1 18/11/1 17/10/1
f 7/12/1 18/11/1 8/9/1
f 47/13/1 49/14/1 48/15/1
f 7/12/1 19/16/1 18/11/1
f 6/17/1 19/16/1 7/12/1
f 6/17/1 20/18/1 19/16/1
f 46/19/1 49/14/1 47/13/1
f 5/20/1 20/18/1 6/17/1
f 5/20/1 21/21/1 20/18/1
f 5/20/1 22/22/1 21/21/1
f 4/23/1 22/22/1 5/20/1
f 45/24/1 49/14/1 46/19/1
f 4/23/1 23/25/1 22/22/1
f 3/26/1 23/25/1 4/23/1
f 3/26/1 24/27/1 23/25/1
f 44/28/1 49/14/1 45/24/1
f 3/26/1 25/29/1 24/27/1
f 2/30/1 25/29/1 3/26/1
f 43/31/1 49/14/1 44/28/1
f 2/30/1 26/32/1 25/29/1
f 1/33/1 26/32/1 2/30/1
f 1/33/1 27/34/1 26/32/1
f 42/35/1 49/14/1 43/31/1
f 1/33/1 28/36/1 27/34/1
f 98/37/1 28/36/1 1/33/1
f 41/38/1 49/14/1 42/35/1
f 98/37/1 29/39/1 28/36/1
f 98/37/1 30/40/1 29/39/1
f 40/41/1 49/14/1 41/38/1
f 97/42/1 96/43/1 98/37/1
f 96/43/1 95/44/1 98/37/1
f 95/44/1 94/45/1 98/37/1
f 94/45/1 93/46/1 98/37/1
f 93/46/1 92/47/1 98/37/1
f 92/47/1 91/48/1 98/37/1
f 91/48/1 90/49/1 98/37/1
f 90/49/1 89/50/1 98/37/1
f 89/50/1 88/51/1 98/37/1
f 88/51/1 87/52/1 98/37/1
f 87/52/1 86/53/1 98/37/1
f 86/53/1 30/40/1 98/37/1
f 86/53/1 31/54/1 30/40/1
f 39/55/1 49/14/1 40/41/1
f 86/53/1 85/56/1 31/54/1
f 85/56/1 32/57/1 31/54/1
f 85/56/1 33/58/1 32/57/1
f 38/59/1 49/14/1 39/55/1
f 85/56/1 34/60/1 33/58/1
f 37/61/1 49/14/1 38/59/1
f 85/56/1 35/62/1 34/60/1
f 36/63/1 49/14/1 37/61/1
f 85/56/1 36/63/1 35/62/1
f 85/56/1 49/14/1 36/63/1
f 84/64/1 49/14/1 85/56/1
f 83/65/1 49/14/1 84/64/1
f 82/66/1 49/14/1 83/65/1
f 81/67/1 49/14/1 82/66/1
f 80/68/1 49/14/1 81/67/1
f 79/69/1 49/14/1 80/68/1
f 78/70/1 49/14/1 79/69/1
f 78/70/1 50/71/1 49/14/1
f 77/72/1 50/71/1 78/70/1
f 76/73/1 50/71/1 77/72/1
f 76/73/1 51/74/1 50/71/1
f 75/75/1 51/74/1 76/73/1
f 74/76/1 51/74/1 75/75/1
f 74/76/1 52/77/1 51/74/1
f 73/78/1 52/77/1 74/76/1
f 73/78/1 53/79/1 52/77/1
f 72/80/1 53/79/1 73/78/1
f 71/81/1 53/79/1 72/80/1
f 71/81/1 54/82/1 53/79/1
f 70/83/1 54/82/1 71/81/1
f 70/83/1 55/84/1 54/82/1
f 69/85/1 55/84/1 70/83/1
f 68/86/1 55/84/1 69/85/1
f 68/86/1 56/87/1 55/84/1
f 67/88/1 56/87/1 68/86/1
f 67/88/1 57/89/1 56/87/1
f 66/90/1 57/89/1 67/88/1
f 66/90/1 58/91/1 57/89/1
f 65/92/1 58/91/1 66/90/1
f 64/93/1 58/91/1 65/92/1
f 64/93/1 59/94/1 58/91/1
f 63/95/1 59/94/1 64/93/1
f 63/95/1 60/96/1 59/94/1
f 62/97/1 60/96/1 63/95/1
f 62/97/1 61/98/1 60/96/1
f 163/99/1 191/100/1 164/101/1
f 191/100/1 165/102/1 164/101/1
f 191/100/1 99/33/1 165/102/1
f 191/100/1 100/103/1 99/33/1
f 191/100/1 101/104/1 100/103/1
f 191/100/1 102/105/1 101/104/1
f 191/100/1 103/106/1 102/105/1
f 191/100/1 104/107/1 103/106/1
f 191/100/1 105/108/1 104/107/1
f 191/100/1 190/109/1 105/108/1
f 190/109/1 106/110/1 105/108/1
f 163/99/1 192/37/1 191/100/1
f 189/111/1 106/110/1 190/109/1
f 188/112/1 106/110/1 189/111/1
f 187/113/1 106/110/1 188/112/1
f 187/113/1 107/114/1 106/110/1
f 186/115/1 107/114/1 187/113/1
f 185/116/1 107/114/1 186/115/1
f 184/117/1 107/114/1 185/116/1
f 184/117/1 108/118/1 107/114/1
f 183/119/1 108/118/1 184/117/1
f 182/120/1 108/118/1 183/119/1
f 181/121/1 108/118/1 182/120/1
f 181/121/1 109/122/1 108/118/1
f 180/123/1 109/122/1 181/121/1
f 179/124/1 109/122/1 180/123/1
f 179/124/1 110/125/1 109/122/1
f 178/126/1 110/125/1 179/124/1
f 177/127/1 110/125/1 178/126/1
f 177/127/1 111/128/1 110/125/1
f 176/129/1 111/128/1 177/127/1
f 176/129/1 112/130/1 111/128/1
f 175/131/1 112/130/1 176/129/1
f 174/132/1 112/130/1 175/131/1
f 174/132/1 113/133/1 112/130/1
f 173/134/1 113/133/1 174/132/1
f 173/134/1 114/135/1 113/133/1
f 172/136/1 114/135/1 173/134/1
f 172/136/1 115/137/1 114/135/1
f 171/138/1 115/137/1 172/136/1
f 170/139/1 115/137/1 171/138/1
f 170/139/1 116/140/1 115/137/1
f 169/141/1 116/140/1 170/139/1
f 168/142/1 116/140/1 169/141/1
f 168/142/1 117/143/1 116/140/1
f 167/144/1 117/143/1 168/142/1
f 166/145/1 117/143/1 167/144/1
f 163/99/1 161/146/1 192/37/1
f 161/146/1 166/145/1 192/37/1
f 161/146/1 117/143/1 166/145/1
f 161/146/1 118/147/1 117/143/1
f 161/146/1 119/148/1 118/147/1
f 161/146/1 120/149/1 119/148/1
f 161/146/1 121/150/1 120/149/1
f 161/146/1 122/151/1 121/150/1
f 161/146/1 123/152/1 122/151/1
f 161/146/1 124/153/1 123/152/1
f 161/146/1 160/154/1 124/153/1
f 160/154/1 159/155/1 124/153/1
f 159/155/1 125/156/1 124/153/1
f 163/99/1 162/157/1 161/146/1
f 158/158/1 125/156/1 159/155/1
f 157/159/1 125/156/1 158/158/1
f 156/160/1 125/156/1 157/159/1
f 156/160/1 126/161/1 125/156/1
f 155/162/1 126/161/1 156/160/1
f 154/163/1 126/161/1 155/162/1
f 154/163/1 127/164/1 126/161/1
f 153/165/1 127/164/1 154/163/1
f 153/165/1 128/166/1 127/164/1
f 152/167/1 128/166/1 153/165/1
f 152/167/1 129/168/1 128/166/1
f 151/169/1 129/168/1 152/167/1
f 151/169/1 130/170/1 129/168/1
f 150/171/1 130/170/1 151/169/1
f 150/171/1 131/172/1 130/170/1
f 149/173/1 131/172/1 150/171/1
f 149/173/1 132/174/1 131/172/1
f 149/173/1 133/175/1 132/174/1
f 148/176/1 133/175/1 149/173/1
f 148/176/1 134/177/1 133/175/1
f 147/178/1 134/177/1 148/176/1
f 147/178/1 135/179/1 134/177/1
f 147/178/1 136/180/1 135/179/1
f 147/178/1 137/181/1 136/180/1
f 147/178/1 138/182/1 137/181/1
f 147/178/1 139/183/1 138/182/1
f 147/178/1 140/184/1 139/183/1
f 147/178/1 141/185/1 140/184/1
f 147/178/1 142/186/1 141/185/1
f 147/178/1 143/187/1 142/186/1
f 147/178/1 144/188/1 143/187/1
f 147/178/1 145/189/1 144/188/1
f 147/178/1 146/190/1 145/189/1
f 201/191/1 193/33/1 202/192/1
f 193/33/1 203/193/1 202/192/1
f 193/33/1 204/37/1 203/193/1
f 201/191/1 194/194/1 193/33/1
f 201/191/1 197/195/1 194/194/1
f 197/195/1 195/196/1 194/194/1
f 197/195/1 196/197/1 195/196/1
f 201/191/1 198/198/1 197/195/1
f 201/191/1 199/199/1 198/198/1
f 201/191/1 200/200/1 199/199/1
f 209/201/1 211/202/1 210/203/1
f 209/201/1 212/37/1 211/202/1
f 208/204/2 212/37/2 209/201/2
f 207/205/1 205/33/1 208/204/1
f 205/33/2 212/37/2 208/204/2
f 207/205/1 206/206/1 205/33/1
f 216/170/1 218/207/1 217/208/1
f 216/170/1 214/209/1 218/207/1
f 214/209/1 219/146/1 218/207/1
f 219/146/1 221/210/1 220/211/1
f 219/146/1 222/37/1 221/210/1
f 216/170/1 215/212/1 214/209/1
f 213/33/1 219/146/1 214/209/1
f 213/33/1 222/37/1 219/146/1
f 231/191/1 223/33/1 232/192/1
f 223/33/1 233/193/1 232/192/1
f 223/33/1 234/37/1 233/193/1
f 231/191/1 224/194/1 223/33/1
f 231/191/1 227/195/1 224/194/1
f 227/195/1 225/196/1 224/194/1
f 227/195/1 226/197/1 225/196/1
f 231/191/1 228/198/1 227/195/1
f 231/191/1 229/199/1 228/198/1
f 231/191/1 230/200/1 229/199/1
f 245/1/1 247/2/1 246/3/1
f 245/1/1 248/4/1 247/2/1
f 244/5/1 248/4/1 245/1/1
f 244/5/1 249/6/1 248/4/1
f 243/7/1 249/6/1 244/5/1
f 243/7/1 250/8/1 249/6/1
f 242/9/1 250/8/1 243/7/1
f 242/9/1 251/10/1 250/8/1
f 242/9/1 252/11/1 251/10/1
f 241/12/1 252/11/1 242/9/1
f 281/13/1 283/14/1 282/15/1
f 241/12/1 253/16/1 252/11/1
f 240/17/1 253/16/1 241/12/1
f 240/17/1 254/18/1 253/16/1
f 280/19/1 283/14/1 281/13/1
f 239/20/1 254/18/1 240/17/1
f 239/20/1 255/21/1 254/18/1
f 239/20/1 256/22/1 255/21/1
f 238/23/1 256/22/1 239/20/1
f 279/24/1 283/14/1 280/19/1
f 238/23/1 257/25/1 256/22/1
f 237/26/1 257/25/1 238/23/1
f 237/26/1 258/27/1 257/25/1
f 278/28/1 283/14/1 279/24/1
f 237/26/1 259/29/1 258/27/1
f 236/30/1 259/29/1 237/26/1
f 277/31/1 283/14/1 278/28/1
f 236/30/1 260/32/1 259/29/1
f 235/33/1 260/32/1 236/30/1
f 235/33/1 261/34/1 260/32/1
f 276/35/1 283/14/1 277/31/1
f 235/33/1 262/36/1 261/34/1
f 332/37/1 262/36/1 235/33/1
f 275/38/1 283/14/1 276/35/1
f 332/37/1 263/39/1 262/36/1
f 332/37/1 264/40/1 263/39/1
f 274/41/1 283/14/1 275/38/1
f 331/42/1 330/43/1 332/37/1
f 330/43/1 329/44/1 332/37/1
f 329/44/1 328/45/1 332/37/1
f 328/45/1 327/46/1 332/37/1
f 327/46/1 326/47/1 332/37/1
f 326/47/1 325/48/1 332/37/1
f 325/48/1 324/49/1 332/37/1
f 324/49/1 323/50/1 332/37/1
f 323/50/1 322/51/1 332/37/1
f 322/51/1 321/52/1 332/37/1
f 321/52/1 320/53/1 332/37/1
f 320/53/1 264/40/1 332/37/1
f 320/53/1 265/54/1 264/40/1
f 273/55/1 283/14/1 274/41/1
f 320/53/1 319/56/1 265/54/1
f 319/56/1 266/57/1 265/54/1
f 319/56/1 267/58/1 266/57/1
f 272/59/1 283/14/1 273/55/1
f 319/56/1 268/60/1 267/58/1
f 271/61/1 283/14/1 272/59/1
f 319/56/1 269/62/1 268/60/1
f 270/63/1 283/14/1 271/61/1
f 319/56/1 270/63/1 269/62/1
f 319/56/1 283/14/1 270/63/1
f 318/64/1 283/14/1 319/56/1
f 317/65/1 283/14/1 318/64/1
f 316/66/1 283/14/1 317/65/1
f 315/67/1 283/14/1 316/66/1
f 314/68/1 283/14/1 315/67/1
f 313/69/1 283/14/1 314/68/1
f 312/70/1 283/14/1 313/69/1
f 312/70/1 284/71/1 283/14/1
f 311/72/1 284/71/1 312/70/1
f 310/73/1 284/71/1 311/72/1
f 310/73/1 285/74/1 284/71/1
f 309/75/1 285/74/1 310/73/1
f 308/76/1 285/74/1 309/75/1
f 308/76/1 286/77/1 285/74/1
f 307/78/1 286/77/1 308/76/1
f 307/78/1 287/79/1 286/77/1
f 306/80/1 287/79/1 307/78/1
f 305/81/1 287/79/1 306/80/1
f 305/81/1 288/82/1 287/79/1
f 304/83/1 288/82/1 305/81/1
f 304/83/1 289/84/1 288/82/1
f 303/85/1 289/84/1 304/83/1
f 302/86/1 289/84/1 303/85/1
f 302/86/1 290/87/1 289/84/1
f 301/88/1 290/87/1 302/86/1
f 301/88/1 291/89/1 290/87/1
f 300/90/1 291/89/1 301/88/1
f 300/90/1 292/91/1 291/89/1
f 299/92/1 292/91/1 300/90/1
f 298/93/1 292/91/1 299/92/1
f 298/93/1 293/94/1 292/91/1
f 297/95/1 293/94/1 298/93/1
f 297/95/1 294/96/1 293/94/1
f 296/97/1 294/96/1 297/95/1
f 296/97/1 295/98/1 294/96/1
f 343/1/3 344/3/3 345/2/3
f 343/1/3 345/2/3 346/4/3
f 342/5/3 343/1/3 346/4/3
f 342/5/3 346/4/3 347/6/3
f 341/7/3 342/5/3 347/6/3
f 341/7/3 347/6/3 348/8/3
f 340/9/3 341/7/3 348/8/3
f 340/9/3 348/8/3 349/10/3
f 340/9/3 349/10/3 350/11/3
f 339/12/3 340/9/3 350/11/3
f 379/13/3 380/15/3 381/14/3
f 339/12/3 350/11/3 351/16/3
f 338/17/3 339/12/3 351/16/3
f 338/17/3 351/16/3 352/18/3
f 378/19/3 379/13/3 381/14/3
f 337/20/3 338/17/3 352/18/3
f 337/20/3 352/18/3 353/21/3
f 337/20/3 353/21/3 354/22/3
f 336/23/3 337/20/3 354/22/3
f 377/24/3 378/19/3 381/14/3
f 336/23/3 354/22/3 355/25/3
f 335/26/3 336/23/3 355/25/3
f 335/26/3 355/25/3 356/27/3
f 376/28/3 377/24/3 381/14/3
f 335/26/3 356/27/3 357/29/3
f 334/30/3 335/26/3 357/29/3
f 375/31/3 376/28/3 381/14/3
f 334/30/3 357/29/3 358/32/3
f 333/33/3 334/30/3 358/32/3
f 333/33/3 358/32/3 359/34/3
f 374/35/3 375/31/3 381/14/3
f 333/33/3 359/34/3 360/36/3
f 430/37/3 333/33/3 360/36/3
f 373/38/3 374/35/3 381/14/3
f 430/37/3 360/36/3 361/39/3
f 430/37/3 361/39/3 362/40/3
f 372/41/3 373/38/3 381/14/3
f 429/42/3 430/37/3 428/43/3
f 428/43/3 430/37/3 427/44/3
f 427/44/3 430/37/3 426/45/3
f 426/45/3 430/37/3 425/46/3
f 425/46/3 430/37/3 424/47/3
f 424/47/3 430/37/3 423/48/3
f 423/48/3 430/37/3 422/49/3
f 422/49/3 430/37/3 421/50/3
f 421/50/3 430/37/3 420/51/3
f 420/51/3 430/37/3 419/52/3
f 419/52/3 430/37/3 418/53/3
f 418/53/3 430/37/3 362/40/3
f 418/53/3 362/40/3 363/54/3
f 371/55/3 372/41/3 381/14/3
f 418/53/4 363/54/4 417/56/4
f 417/56/3 363/54/3 364/57/3
f 417/56/3 364/57/3 365/58/3
f 370/59/3 371/55/3 381/14/3
f 417/56/3 365/58/3 366/60/3
f 369/61/3 370/59/3 381/14/3
f 417/56/3 366/60/3 367/62/3
f 368/63/3 369/61/3 381/14/3
f 417/56/3 367/62/3 368/63/3
f 417/56/3 368/63/3 381/14/3
f 416/64/4 417/56/4 381/14/4
f 415/65/3 416/64/3 381/14/3
f 414/66/3 415/65/3 381/14/3
f 413/67/3 414/66/3 381/14/3
f 412/68/3 413/67/3 381/14/3
f 411/69/3 412/68/3 381/14/3
f 410/70/3 411/69/3 381/14/3
f 410/70/3 381/14/3 382/71/3
f 409/72/3 410/70/3 382/71/3
f 408/73/3 409/72/3 382/71/3
f 408/73/3 382/71/3 383/74/3
f 407/75/3 408/73/3 383/74/3
f 406/76/3 407/75/3 383/74/3
f 406/76/3 383/74/3 384/77/3
f 405/78/3 406/76/3 384/77/3
f 405/78/3 384/77/3 385/79/3
f 404/80/3 405/78/3 385/79/3
f 403/81/3 404/80/3 385/79/3
f 403/81/3 385/79/3 386/82/3
f 402/83/3 403/81/3 386/82/3
f 402/83/3 386/82/3 387/84/3
f 401/85/3 402/83/3 387/84/3
f 400/86/3 401/85/3 387/84/3
f 400/86/3 387/84/3 388/87/3
f 399/88/3 400/86/3 388/87/3
f 399/88/3 388/87/3 389/89/3
f 398/90/3 399/88/3 389/89/3
f 398/90/3 389/89/3 390/91/3
f 397/92/3 398/90/3 390/91/3
f 396/93/3 397/92/3 390/91/3
f 396/93/3 390/91/3 391/94/3
f 395/95/3 396/93/3 391/94/3
f 395/95/3 391/94/3 392/96/3
f 394/97/3 395/95/3 392/96/3
f 394/97/3 392/96/3 393/98/3
f 495/99/3 496/101/3 523/100/3
f 523/100/3 496/101/3 497/102/3
f 523/100/3 497/102/3 431/33/3
f 523/100/3 431/33/3 432/103/3
f 523/100/3 432/103/3 433/104/3
f 523/100/3 433/104/3 434/105/3
f 523/100/3 434/105/3 435/106/3
f 523/100/3 435/106/3 436/107/3
f 523/100/3 436/107/3 437/108/3
f 523/100/3 437/108/3 522/109/3
f 522/109/3 437/108/3 438/110/3
f 495/99/3 523/100/3 524/37/3
f 521/111/3 522/109/3 438/110/3
f 520/112/3 521/111/3 438/110/3
f 519/113/3 520/112/3 438/110/3
f 519/113/3 438/110/3 439/114/3
f 518/115/3 519/113/3 439/114/3
f 517/116/3 518/115/3 439/114/3
f 516/117/3 517/116/3 439/114/3
f 516/117/3 439/114/3 440/118/3
f 515/119/3 516/117/3 440/118/3
f 514/120/3 515/119/3 440/118/3
f 513/121/3 514/120/3 440/118/3
f 513/121/3 440/118/3 441/122/3
f 512/123/3 513/121/3 441/122/3
f 511/124/3 512/123/3 441/122/3
f 511/124/3 441/122/3 442/125/3
f 510/126/3 511/124/3 442/125/3
f 509/127/3 510/126/3 442/125/3
f 509/127/3 442/125/3 443/128/3
f 508/129/3 509/127/3 443/128/3
f 508/129/3 443/128/3 444/130/3
f 507/131/3 508/129/3 444/130/3
f 506/132/3 507/131/3 444/130/3
f 506/132/3 444/130/3 445/133/3
f 505/134/3 506/132/3 445/133/3
f 505/134/3 445/133/3 446/135/3
f 504/136/3 505/134/3 446/135/3
f 504/136/3 446/135/3 447/137/3
f 503/138/3 504/136/3 447/137/3
f 502/139/3 503/138/3 447/137/3
f 502/139/3 447/137/3 448/140/3
f 501/141/3 502/139/3 448/140/3
f 500/142/3 501/141/3 448/140/3
f 500/142/3 448/140/3 449/143/3
f 499/144/3 500/142/3 449/143/3
f 498/145/3 499/144/3 449/143/3
f 495/99/3 524/37/3 493/146/3
f 493/146/3 524/37/3 498/145/3
f 493/146/3 498/145/3 449/143/3
f 493/146/3 449/143/3 450/147/3
f 493/146/3 450/147/3 451/148/3
f 493/146/3 451/148/3 452/149/3
f 493/146/3 452/149/3 453/150/3
f 493/146/3 453/150/3 454/151/3
f 493/146/3 454/151/3 455/152/3
f 493/146/3 455/152/3 456/153/3
f 493/146/3 456/153/3 492/154/3
f 492/154/3 456/153/3 491/155/3
f 491/155/3 456/153/3 457/156/3
f 495/99/3 493/146/3 494/157/3
f 490/158/3 491/155/3 457/156/3
f 489/159/3 490/158/3 457/156/3
f 488/160/3 489/159/3 457/156/3
f 488/160/3 457/156/3 458/161/3
f 487/162/3 488/160/3 458/161/3
f 486/163/3 487/162/3 458/161/3
f 486/163/3 458/161/3 459/164/3
f 485/165/3 486/163/3 459/164/3
f 485/165/3 459/164/3 460/166/3
f 484/167/3 485/165/3 460/166/3
f 484/167/3 460/166/3 461/168/3
f 483/169/3 484/167/3 461/168/3
f 483/169/3 461/168/3 462/170/3
f 482/171/3 483/169/3 462/170/3
f 482/171/3 462/170/3 463/172/3
f 481/173/3 482/171/3 463/172/3
f 481/173/3 463/172/3 464/174/3
f 481/173/3 464/174/3 465/175/3
f 480/176/3 481/173/3 465/175/3
f 480/176/3 465/175/3 466/177/3
f 479/178/3 480/176/3 466/177/3
f 479/178/3 466/177/3 467/179/3
f 479/178/3 467/179/3 468/180/3
f 479/178/3 468/180/3 469/181/3
f 479/178/3 469/181/3 470/182/3
f 479/178/3 470/182/3 471/183/3
f 479/178/3 471/183/3 472/184/3
f 479/178/3 472/184/3 473/185/3
f 479/178/3 473/185/3 474/186/3
f 479/178/3 474/186/3 475/187/3
f 479/178/3 475/187/3 476/188/3
f 479/178/3 476/188/3 477/189/3
f 479/178/3 477/189/3 478/190/3
f 533/191/3 534/192/3 525/33/3
f 525/33/3 534/192/3 535/193/3
f 525/33/3 535/193/3 536/37/3
f 533/191/3 525/33/3 526/194/3
f 533/191/3 526/194/3 529/195/3
f 529/195/3 526/194/3 527/196/3
f 529/195/3 527/196/3 528/197/3
f 533/191/3 529/195/3 530/198/3
f 533/191/3 530/198/3 531/199/3
f 533/191/3 531/199/3 532/200/3
f 541/201/3 542/203/3 543/202/3
f 541/201/3 543/202/3 544/37/3
f 540/204/2 541/201/2 544/37/2
f 539/205/3 540/204/3 537/33/3
f 537/33/2 540/204/2 544/37/2
f 539/205/3 537/33/3 538/206/3
f 548/170/3 549/208/3 550/207/3
f 548/170/3 550/207/3 546/209/3
f 546/209/3 550/207/3 551/146/3
f 551/146/3 552/211/3 553/210/3
f 551/146/3 553/210/3 554/37/3
f 548/170/3 546/209/3 547/212/3
f 545/33/3 546/209/3 551/146/3
f 545/33/3 551/146/3 554/37/3
f 563/191/3 564/192/3 555/33/3
f 555/33/3 564/192/3 565/193/3
f 555/33/3 565/193/3 566/37/3
f 563/191/3 555/33/3 556/194/3
f 563/191/3 556/194/3 559/195/3
f 559/195/3 556/194/3 557/196/3
f 559/195/3 557/196/3 558/197/3
f 563/191/3 559/195/3 560/198/3
f 563/191/3 560/198/3 561/199/3
f 563/191/3 561/199/3 562/200/3
f 577/1/3 578/3/3 579/2/3
f 577/1/3 579/2/3 580/4/3
f 576/5/3 577/1/3 580/4/3
f 576/5/3 580/4/3 581/6/3
f 575/7/3 576/5/3 581/6/3
f 575/7/3 581/6/3 582/8/3
f 574/9/3 575/7/3 582/8/3
f 574/9/3 582/8/3 583/10/3
f 574/9/3 583/10/3 584/11/3
f 573/12/3 574/9/3 584/11/3
f 613/13/3 614/15/3 615/14/3
f 573/12/3 584/11/3 585/16/3
f 572/17/3 573/12/3 585/16/3
f 572/17/3 585/16/3 586/18/3
f 612/19/3 613/13/3 615/14/3
f 571/20/3 572/17/3 586/18/3
f 571/20/3 586/18/3 587/21/3
f 571/20/3 587/21/3 588/22/3
f 570/23/3 571/20/3 588/22/3
f 611/24/3 612/19/3 615/14/3
f 570/23/3 588/22/3 589/25/3
f 569/26/3 570/23/3 589/25/3
f 569/26/3 589/25/3 590/27/3
f 610/28/3 611/24/3 615/14/3
f 569/26/3 590/27/3 591/29/3
f 568/30/3 569/26/3 591/29/3
f 609/31/3 610/28/3 615/14/3
f 568/30/3 591/29/3 592/32/3
f 567/33/3 568/30/3 592/32/3
f 567/33/3 592/32/3 593/34/3
f 608/35/3 609/31/3 615/14/3
f 567/33/3 593/34/3 594/36/3
f 664/37/3 567/33/3 594/36/3
f 607/38/3 608/35/3 615/14/3
f 664/37/3 594/36/3 595/39/3
f 664/37/3 595/39/3 596/40/3
f 606/41/3 607/38/3 615/14/3
f 663/42/3 664/37/3 662/43/3
f 662/43/3 664/37/3 661/44/3
f 661/44/3 664/37/3 660/45/3
f 660/45/3 664/37/3 659/46/3
f 659/46/3 664/37/3 658/47/3
f 658/47/3 664/37/3 657/48/3
f 657/48/3 664/37/3 656/49/3
f 656/49/3 664/37/3 655/50/3
f 655/50/3 664/37/3 654/51/3
f 654/51/3 664/37/3 653/52/3
f 653/52/3 664/37/3 652/53/3
f 652/53/3 664/37/3 596/40/3
f 652/53/3 596/40/3 597/54/3
f 605/55/3 606/41/3 615/14/3
f 652/53/4 597/54/4 651/56/4
f 651/56/3 597/54/3 598/57/3
f 651/56/3 598/57/3 599/58/3
f 604/59/3 605/55/3 615/14/3
f 651/56/3 599/58/3 600/60/3
f 603/61/3 604/59/3 615/14/3
f 651/56/3 600/60/3 601/62/3
f 602/63/3 603/61/3 615/14/3
f 651/56/3 601/62/3 602/63/3
f 651/56/3 602/63/3 615/14/3
f 650/64/4 651/56/4 615/14/4
f 649/65/3 650/64/3 615/14/3
f 648/66/3 649/65/3 615/14/3
f 647/67/3 648/66/3 615/14/3
f 646/68/3 647/67/3 615/14/3
f 645/69/3 646/68/3 615/14/3
f 644/70/3 645/69/3 615/14/3
f 644/70/3 615/14/3 616/71/3
f 643/72/3 644/70/3 616/71/3
f 642/73/3 643/72/3 616/71/3
f 642/73/3 616/71/3 617/74/3
f 641/75/3 642/73/3 617/74/3
f 640/76/3 641/75/3 617/74/3
f 640/76/3 617/74/3 618/77/3
f 639/78/3 640/76/3 618/77/3
f 639/78/3 618/77/3 619/79/3
f 638/80/3 639/78/3 619/79/3
f 637/81/3 638/80/3 619/79/3
f 637/81/3 619/79/3 620/82/3
f 636/83/3 637/81/3 620/82/3
f 636/83/3 620/82/3 621/84/3
f 635/85/3 636/83/3 621/84/3
f 634/86/3 635/85/3 621/84/3
f 634/86/3 621/84/3 622/87/3
f 633/88/3 634/86/3 622/87/3
f 633/88/3 622/87/3 623/89/3
f 632/90/3 633/88/3 623/89/3
f 632/90/3 623/89/3 624/91/3
f 631/92/3 632/90/3 624/91/3
f 630/93/3 631/92/3 624/91/3
f 630/93/3 624/91/3 625/94/3
f 629/95/3 630/93/3 625/94/3
f 629/95/3 625/94/3 626/96/3
f 628/97/3 629/95/3 626/96/3
f 628/97/3 626/96/3 627/98/3
s 1
f 668/213/5 665/33/6 666/214/6
f 670/215/7 667/216/5 668/213/5
f 672/217/8 669/218/7 670/215/7
f 674/219/9 671/220/8 672/217/8
f 676/221/10 673/222/9 674/219/9
f 678/223/11 675/224/10 676/221/10
f 680/225/12 677/226/11 678/223/11
f 682/227/13 679/228/12 680/225/12
f 684/229/14 681/230/13 682/227/13
f 686/231/15 683/232/14 684/229/14
f 688/233/16 685/234/15 686/231/15
f 690/235/17 687/236/16 688/233/16
f 692/237/18 689/238/17 690/235/17
f 694/239/19 691/240/18 692/237/18
f 696/241/20 693/206/19 694/239/19
f 698/242/21 695/243/20 696/241/20
f 700/244/22 697/245/21 698/242/21
f 702/246/23 699/247/22 700/244/22
f 704/248/24 701/249/23 702/246/23
f 706/250/25 703/251/24 704/248/24
f 708/252/26 705/253/25 706/250/25
f 710/254/27 707/255/26 708/252/26
f 712/256/28 709/257/27 710/254/27
f 714/258/29 711/259/28 712/256/28
f 716/260/30 713/261/29 714/258/29
f 718/262/31 715/263/30 716/260/30
f 720/264/32 717/265/31 718/262/31
f 722/266/33 719/267/32 720/264/32
f 724/268/34 721/205/33 722/266/33
f 726/269/35 723/270/34 724/268/34
f 728/271/36 725/272/35 726/269/35
f 730/273/37 727/274/36 728/271/36
f 732/275/38 729/276/37 730/273/37
f 734/277/39 731/278/38 732/275/38
f 736/279/40 733/280/39 734/277/39
f 738/281/41 735/282/40 736/279/40
f 740/283/42 737/284/41 738/281/41
f 742/285/43 739/286/42 740/283/42
f 744/287/44 741/288/43 742/285/43
f 746/289/45 743/290/44 744/287/44
f 748/291/46 745/292/45 746/289/45
f 750/293/47 747/294/46 748/291/46
f 752/295/48 749/204/47 750/293/47
f 754/296/49 751/297/48 752/295/48
f 756/298/50 753/299/49 754/296/49
f 758/300/51 755/301/50 756/298/50
f 760/302/52 757/303/51 758/300/51
f 762/304/53 759/305/52 760/302/52
f 764/306/54 761/307/53 762/304/53
f 766/308/55 763/309/54 764/306/54
f 768/310/56 765/311/55 766/308/55
f 770/312/57 767/313/56 768/310/56
f 772/314/58 769/315/57 770/312/57
f 774/316/59 771/317/58 772/314/58
f 776/318/60 773/319/59 774/316/59
f 778/320/61 775/321/60 776/318/60
f 780/322/62 777/201/61 778/320/61
f 782/323/63 779/324/62 780/322/62
f 784/325/64 781/326/63 782/323/63
f 786/327/65 783/328/64 784/325/64
f 788/329/66 785/330/65 786/327/65
f 790/331/67 787/332/66 788/329/66
f 792/333/68 789/334/67 790/331/67
f 794/335/69 791/336/68 792/333/68
f 796/337/70 793/338/69 794/335/69
f 798/339/71 795/340/70 796/337/70
f 800/341/72 797/342/71 798/339/71
f 802/343/73 799/344/72 800/341/72
f 804/345/74 801/346/73 802/343/73
f 806/347/75 803/348/76 804/345/74
f 808/349/77 805/203/75 806/347/75
f 810/350/78 807/351/77 808/349/77
f 812/352/79 809/353/78 810/350/78
f 814/354/80 811/355/79 812/352/79
f 816/356/81 813/357/80 814/354/80
f 818/358/82 815/359/81 816/356/81
f 820/360/83 817/361/82 818/358/82
f 822/362/84 819/363/83 820/360/83
f 824/364/85 821/365/84 822/362/84
f 826/366/86 823/367/85 824/364/85
f 828/368/87 825/369/86 826/366/86
f 830/370/88 827/371/87 828/368/87
f 832/372/89 829/373/88 830/370/88
f 834/374/90 831/375/89 832/372/89
f 836/376/91 833/202/90 834/374/90
f 838/377/92 835/378/91 836/376/91
f 840/379/93 837/380/92 838/377/92
f 842/381/94 839/382/93 840/379/93
f 844/383/95 841/384/94 842/381/94
f 846/385/96 843/386/95 844/383/95
f 848/387/97 845/388/96 846/385/96
f 850/389/98 847/390/97 848/387/97
f 852/391/99 849/392/98 850/389/98
f 854/393/100 851/394/99 852/391/99
f 856/395/101 853/396/100 854/393/100
f 858/397/102 855/398/101 856/395/101
f 860/399/103 857/400/102 858/397/102
f 666/401/6 859/402/103 860/399/103
f 864/403/104 861/33/105 862/214/105
f 866/404/104 863/405/104 864/403/104
f 868/406/105 865/407/104 866/404/104
f 870/408/105 867/409/105 868/406/105
f 872/410/104 869/170/105 870/408/105
f 874/306/104 871/411/104 872/410/104
f 876/412/105 873/309/104 874/306/104
f 878/413/106 875/414/105 876/412/105
f 880/415/107 877/146/106 878/413/106
f 882/416/104 879/417/107 880/415/107
f 884/418/105 881/419/104 882/416/104
f 862/401/105 883/420/105 884/418/105
f 888/421/108 885/33/109 886/214/109
f 890/422/105 887/423/110 888/421/108
f 892/424/106 889/425/105 890/422/105
f 894/426/107 891/427/106 892/424/106
f 896/306/111 893/428/107 894/426/107
f 898/429/112 895/309/111 896/306/111
f 900/430/107 897/431/112 898/429/112
f 902/432/104 899/433/107 900/430/107
f 904/434/105 901/435/104 902/432/104
f 886/401/109 903/436/105 904/434/105
f 908/437/105 905/33/105 906/214/105
f 910/406/106 907/438/105 908/437/105
f 912/439/106 909/409/106 910/406/106
f 914/306/106 911/440/106 912/439/106
f 916/441/107 913/309/106 914/306/106
f 918/415/104 915/442/107 916/441/107
f 920/443/105 917/417/104 918/415/104
f 906/401/105 919/444/105 920/443/105
f 924/403/104 921/33/105 922/214/105
f 926/404/104 923/405/104 924/403/104
f 928/406/105 925/407/104 926/404/104
f 930/408/105 927/409/105 928/406/105
f 932/410/104 929/170/105 930/408/105
f 934/306/104 931/411/104 932/410/104
f 936/412/105 933/309/104 934/306/104
f 938/413/106 935/414/105 936/412/105
f 940/415/107 937/146/106 938/413/106
f 942/416/104 939/417/107 940/415/107
f 944/418/105 941/419/104 942/416/104
f 922/401/105 943/420/105 944/418/105
f 948/445/113 945/33/114 946/214/114
f 950/446/115 947/447/113 948/445/113
f 952/448/116 949/449/115 950/446/115
f 954/450/117 951/451/116 952/448/116
f 956/452/118 953/453/117 954/450/117
f 958/454/119 955/455/118 956/452/118
f 960/456/120 957/457/119 958/454/119
f 962/458/121 959/459/120 960/456/120
f 964/460/122 961/461/121 962/458/121
f 966/462/123 963/463/122 964/460/122
f 968/464/124 965/465/123 966/462/123
f 970/466/125 967/467/124 968/464/124
f 972/468/126 969/469/125 970/466/125
f 974/470/127 971/471/126 972/468/126
f 976/472/128 973/473/127 974/470/127
f 978/474/129 975/475/128 976/472/128
f 980/476/130 977/477/129 978/474/129
f 982/478/131 979/479/130 980/476/130
f 984/480/132 981/481/131 982/478/131
f 986/482/133 983/483/132 984/480/132
f 988/484/134 985/485/133 986/482/133
f 990/486/135 987/487/134 988/484/134
f 992/488/136 989/489/135 990/486/135
f 994/490/137 991/491/136 992/488/136
f 996/492/138 993/493/137 994/490/137
f 998/494/139 995/495/138 996/492/138
f 1000/496/140 997/497/139 998/494/139
f 1002/498/141 999/499/140 1000/496/140
f 1004/500/142 1001/501/141 1002/498/141
f 1006/502/143 1003/503/142 1004/500/142
f 1008/504/144 1005/505/143 1006/502/143
f 1010/506/145 1007/507/144 1008/504/144
f 1012/508/146 1009/509/145 1010/506/145
f 1014/510/147 1011/511/146 1012/508/146
f 1016/512/148 1013/513/147 1014/510/147
f 1018/514/149 1015/515/148 1016/512/148
f 1020/516/150 1017/517/149 1018/514/149
f 1022/518/151 1019/519/150 1020/516/150
f 1024/520/152 1021/521/151 1022/518/151
f 1026/522/153 1023/523/152 1024/520/152
f 1028/524/154 1025/525/153 1026/522/153
f 1030/526/155 1027/527/154 1028/524/154
f 1032/528/156 1029/529/155 1030/526/155
f 1034/530/157 1031/531/156 1032/528/156
f 1036/532/158 1033/533/157 1034/530/157
f 1038/534/159 1035/535/158 1036/532/158
f 1040/536/160 1037/537/159 1038/534/159
f 1042/538/161 1039/539/162 1040/536/160
f 1044/540/163 1041/541/161 1042/538/161
f 1046/542/164 1043/543/163 1044/540/163
f 1048/544/165 1045/545/164 1046/542/164
f 1050/546/166 1047/547/165 1048/544/165
f 1052/548/167 1049/549/166 1050/546/166
f 1054/550/168 1051/551/167 1052/548/167
f 1056/552/169 1053/553/168 1054/550/168
f 1058/554/170 1055/555/169 1056/552/169
f 1060/556/171 1057/557/170 1058/554/170
f 1062/558/172 1059/559/171 1060/556/171
f 1064/560/173 1061/561/172 1062/558/172
f 1066/562/174 1063/563/173 1064/560/173
f 1068/564/175 1065/565/174 1066/562/174
f 1070/566/105 1067/567/175 1068/564/175
f 1072/568/105 1069/569/105 1070/566/105
f 1074/570/106 1071/571/105 1072/568/105
f 1076/572/107 1073/573/106 1074/570/106
f 1078/574/176 1075/575/107 1076/572/107
f 946/401/114 1077/576/176 1078/574/176
f 1082/577/177 1079/33/178 1080/214/178
f 1084/578/179 1081/579/177 1082/577/177
f 1086/580/180 1083/581/179 1084/578/179
f 1088/582/181 1085/209/182 1086/580/180
f 1090/583/183 1087/584/181 1088/582/181
f 1092/585/184 1089/586/183 1090/583/183
f 1094/587/185 1091/212/184 1092/585/184
f 1096/588/186 1093/589/185 1094/587/185
f 1098/408/187 1095/590/186 1096/588/186
f 1100/591/188 1097/170/187 1098/408/187
f 1102/592/189 1099/593/188 1100/591/188
f 1104/594/190 1101/595/189 1102/592/189
f 1106/596/191 1103/208/190 1104/594/190
f 1108/597/192 1105/598/191 1106/596/191
f 1110/599/193 1107/600/192 1108/597/192
f 1112/601/194 1109/207/193 1110/599/193
f 1114/602/195 1111/603/194 1112/601/194
f 1116/413/196 1113/604/195 1114/602/195
f 1118/605/197 1115/146/196 1116/413/196
f 1120/606/198 1117/607/197 1118/605/197
f 1122/608/199 1119/609/198 1120/606/198
f 1124/610/200 1121/211/199 1122/608/199
f 1126/611/201 1123/612/200 1124/610/200
f 1128/613/202 1125/614/201 1126/611/201
f 1130/615/105 1127/210/202 1128/613/202
f 1132/616/104 1129/617/105 1130/615/105
f 1080/401/178 1131/618/104 1132/616/104
f 1136/213/5 1133/33/6 1134/214/6
f 1138/215/7 1135/216/5 1136/213/5
f 1140/217/8 1137/218/7 1138/215/7
f 1142/219/9 1139/220/8 1140/217/8
f 1144/221/10 1141/222/9 1142/219/9
f 1146/223/11 1143/224/10 1144/221/10
f 1148/225/12 1145/226/11 1146/223/11
f 1150/227/13 1147/228/12 1148/225/12
f 1152/229/14 1149/230/13 1150/227/13
f 1154/231/15 1151/232/14 1152/229/14
f 1156/233/16 1153/234/15 1154/231/15
f 1158/235/17 1155/236/16 1156/233/16
f 1160/237/18 1157/238/17 1158/235/17
f 1162/239/19 1159/240/18 1160/237/18
f 1164/241/20 1161/206/19 1162/239/19
f 1166/242/21 1163/243/20 1164/241/20
f 1168/244/22 1165/245/21 1166/242/21
f 1170/246/23 1167/247/22 1168/244/22
f 1172/248/24 1169/249/23 1170/246/23
f 1174/250/25 1171/251/24 1172/248/24
f 1176/252/26 1173/253/25 1174/250/25
f 1178/254/27 1175/255/26 1176/252/26
f 1180/256/28 1177/257/27 1178/254/27
f 1182/258/29 1179/259/28 1180/256/28
f 1184/260/30 1181/261/29 1182/258/29
f 1186/262/31 1183/263/30 1184/260/30
f 1188/264/32 1185/265/31 1186/262/31
f 1190/266/33 1187/267/32 1188/264/32
f 1192/268/34 1189/205/33 1190/266/33
f 1194/269/35 1191/270/34 1192/268/34
f 1196/271/36 1193/272/35 1194/269/35
f 1198/273/37 1195/274/36 1196/271/36
f 1200/275/38 1197/276/37 1198/273/37
f 1202/277/39 1199/278/38 1200/275/38
f 1204/279/40 1201/280/39 1202/277/39
f 1206/281/41 1203/282/40 1204/279/40
f 1208/283/42 1205/284/41 1206/281/41
f 1210/285/43 1207/286/42 1208/283/42
f 1212/287/44 1209/288/43 1210/285/43
f 1214/289/45 1211/290/44 1212/287/44
f 1216/291/46 1213/292/45 1214/289/45
f 1218/293/47 1215/294/46 1216/291/46
f 1220/295/48 1217/204/47 1218/293/47
f 1222/296/49 1219/297/48 1220/295/48
f 1224/298/50 1221/299/49 1222/296/49
f 1226/300/51 1223/301/50 1224/298/50
f 1228/302/52 1225/303/51 1226/300/51
f 1230/304/53 1227/305/52 1228/302/52
f 1232/306/54 1229/307/53 1230/304/53
f 1234/308/55 1231/309/54 1232/306/54
f 1236/310/56 1233/311/55 1234/308/55
f 1238/312/57 1235/313/56 1236/310/56
f 1240/314/58 1237/315/57 1238/312/57
f 1242/316/59 1239/317/58 1240/314/58
f 1244/318/60 1241/319/59 1242/316/59
f 1246/320/61 1243/321/60 1244/318/60
f 1248/322/62 1245/201/61 1246/320/61
f 1250/323/63 1247/324/62 1248/322/62
f 1252/325/64 1249/326/63 1250/323/63
f 1254/327/65 1251/328/64 1252/325/64
f 1256/329/66 1253/330/65 1254/327/65
f 1258/331/67 1255/332/66 1256/329/66
f 1260/333/68 1257/334/67 1258/331/67
f 1262/335/69 1259/336/68 1260/333/68
f 1264/337/70 1261/338/69 1262/335/69
f 1266/339/71 1263/340/70 1264/337/70
f 1268/341/72 1265/342/71 1266/339/71
f 1270/343/73 1267/344/72 1268/341/72
f 1272/345/74 1269/346/73 1270/343/73
f 1274/347/75 1271/348/76 1272/345/74
f 1276/349/77 1273/203/75 1274/347/75
f 1278/350/78 1275/351/77 1276/349/77
f 1280/352/79 1277/353/78 1278/350/78
f 1282/354/80 1279/355/79 1280/352/79
f 1284/356/81 1281/357/80 1282/354/80
f 1286/358/82 1283/359/81 1284/356/81
f 1288/360/83 1285/361/82 1286/358/82
f 1290/362/84 1287/363/83 1288/360/83
f 1292/364/85 1289/365/84 1290/362/84
f 1294/366/86 1291/367/85 1292/364/85
f 1296/368/87 1293/369/86 1294/366/86
f 1298/370/88 1295/371/87 1296/368/87
f 1300/372/89 1297/373/88 1298/370/88
f 1302/374/90 1299/375/89 1300/372/89
f 1304/376/91 1301/202/90 1302/374/90
f 1306/377/92 1303/378/91 1304/376/91
f 1308/379/93 1305/380/92 1306/377/92
f 1310/381/94 1307/382/93 1308/379/93
f 1312/383/95 1309/384/94 1310/381/94
f 1314/385/96 1311/386/95 1312/383/95
f 1316/387/97 1313/388/96 1314/385/96
f 1318/389/98 1315/390/97 1316/387/97
f 1320/391/99 1317/392/98 1318/389/98
f 1322/393/100 1319/394/99 1320/391/99
f 1324/395/101 1321/396/100 1322/393/100
f 1326/397/102 1323/398/101 1324/395/101
f 1328/399/103 1325/400/102 1326/397/102
f 1134/401/6 1327/402/103 1328/399/103
f 668/213/5 667/216/5 665/33/6
f 670/215/7 669/218/7 667/216/5
f 672/217/8 671/220/8 669/218/7
f 674/219/9 673/222/9 671/220/8
f 676/221/10 675/224/10 673/222/9
f 678/223/11 677/226/11 675/224/10
f 680/225/12 679/228/12 677/226/11
f 682/227/13 681/230/13 679/228/12
f 684/229/14 683/232/14 681/230/13
f 686/231/15 685/234/15 683/232/14
f 688/233/16 687/236/16 685/234/15
f 690/235/17 689/238/17 687/236/16
f 692/237/18 691/240/18 689/238/17
f 694/239/19 693/206/19 691/240/18
f 696/241/20 695/243/20 693/206/19
f 698/242/21 697/245/21 695/243/20
f 700/244/22 699/247/22 697/245/21
f 702/246/23 701/249/23 699/247/22
f 704/248/24 703/251/24 701/249/23
f 706/250/25 705/253/25 703/251/24
f 708/252/26 707/255/26 705/253/25
f 710/254/27 709/257/27 707/255/26
f 712/256/28 711/259/28 709/257/27
f 714/258/29 713/261/29 711/259/28
f 716/260/30 715/263/30 713/261/29
f 718/262/31 717/265/31 715/263/30
f 720/264/32 719/267/32 717/265/31
f 722/266/33 721/205/33 719/267/32
f 724/268/34 723/270/34 721/205/33
f 726/269/35 725/272/35 723/270/34
f 728/271/36 727/274/36 725/272/35
f 730/273/37 729/276/37 727/274/36
f 732/275/38 731/278/38 729/276/37
f 734/277/39 733/280/39 731/278/38
f 736/279/40 735/282/40 733/280/39
f 738/281/41 737/284/41 735/282/40
f 740/283/42 739/286/42 737/284/41
f 742/285/43 741/288/43 739/286/42
f 744/287/44 743/290/44 741/288/43
f 746/289/45 745/292/45 743/290/44
f 748/291/46 747/294/46 745/292/45
f 750/293/47 749/204/47 747/294/46
f 752/295/48 751/297/48 749/204/47
f 754/296/49 753/299/49 751/297/48
f 756/298/50 755/301/50 753/299/49
f 758/300/51 757/303/51 755/301/50
f 760/302/52 759/305/52 757/303/51
f 762/304/53 761/307/53 759/305/52
f 764/306/54 763/309/54 761/307/53
f 766/308/55 765/311/55 763/309/54
f 768/310/56 767/313/56 765/311/55
f 770/312/57 769/315/57 767/313/56
f 772/314/58 771/317/58 769/315/57
f 774/316/59 773/319/59 771/317/58
f 776/318/60 775/321/60 773/319/59
f 778/320/61 777/201/61 775/321/60
f 780/322/62 779/324/62 777/201/61
f 782/323/63 781/326/63 779/324/62
f 784/325/64 783/328/64 781/326/63
f 786/327/65 785/330/65 783/328/64
f 788/329/66 787/332/66 785/330/65
f 790/331/67 789/334/67 787/332/66
f 792/333/68 791/336/68 789/334/67
f 794/335/69 793/338/69 791/336/68
f 796/337/70 795/340/70 793/338/69
f 798/339/71 797/342/71 795/340/70
f 800/341/72 799/344/72 797/342/71
f 802/343/73 801/346/73 799/344/72
f 804/345/74 803/348/76 801/346/73
f 806/347/75 805/203/75 803/348/76
f 808/349/77 807/351/77 805/203/75
f 810/350/78 809/353/78 807/351/77
f 812/352/79 811/355/79 809/353/78
f 814/354/80 813/357/80 811/355/79
f 816/356/81 815/359/81 813/357/80
f 818/358/82 817/361/82 815/359/81
f 820/360/83 819/363/83 817/361/82
f 822/362/84 821/365/84 819/363/83
f 824/364/85 823/367/85 821/365/84
f 826/366/86 825/369/86 823/367/85
f 828/368/87 827/371/87 825/369/86
f 830/370/88 829/373/88 827/371/87
f 832/372/89 831/375/89 829/373/88
f 834/374/90 833/202/90 831/375/89
f 836/376/91 835/378/91 833/202/90
f 838/377/92 837/380/92 835/378/91
f 840/379/93 839/382/93 837/380/92
f 842/381/94 841/384/94 839/382/93
f 844/383/95 843/386/95 841/384/94
f 846/385/96 845/388/96 843/386/95
f 848/387/97 847/390/97 845/388/96
f 850/389/98 849/392/98 847/390/97
f 852/391/99 851/394/99 849/392/98
f 854/393/100 853/396/100 851/394/99
f 856/395/101 855/398/101 853/396/100
f 858/397/102 857/400/102 855/398/101
f 860/399/103 859/402/103 857/400/102
f 666/401/6 665/37/6 859/402/103
f 864/403/104 863/405/104 861/33/105
f 866/404/104 865/407/104 863/405/104
f 868/406/105 867/409/105 865/407/104
f 870/408/105 869/170/105 867/409/105
f 872/410/104 871/411/104 869/170/105
f 874/306/104 873/309/104 871/411/104
f 876/412/105 875/414/105 873/309/104
f 878/413/106 877/146/106 875/414/105
f 880/415/107 879/417/107 877/146/106
f 882/416/104 881/419/104 879/417/107
f 884/418/105 883/420/105 881/419/104
f 862/401/105 861/37/105 883/420/105
f 888/421/108 887/423/110 885/33/109
f 890/422/105 889/425/105 887/423/110
f 892/424/106 891/427/106 889/425/105
f 894/426/107 893/428/107 891/427/106
f 896/306/111 895/309/111 893/428/107
f 898/429/112 897/431/112 895/309/111
f 900/430/107 899/433/107 897/431/112
f 902/432/104 901/435/104 899/433/107
f 904/434/105 903/436/105 901/435/104
f 886/401/109 885/37/109 903/436/105
f 908/437/105 907/438/105 905/33/105
f 910/406/106 909/409/106 907/438/105
f 912/439/106 911/440/106 909/409/106
f 914/306/106 913/309/106 911/440/106
f 916/441/107 915/442/107 913/309/106
f 918/415/104 917/417/104 915/442/107
f 920/443/105 919/444/105 917/417/104
f 906/401/105 905/37/105 919/444/105
f 924/403/104 923/405/104 921/33/105
f 926/404/104 925/407/104 923/405/104
f 928/406/105 927/409/105 925/407/104
f 930/408/105 929/170/105 927/409/105
f 932/410/104 931/411/104 929/170/105
f 934/306/104 933/309/104 931/411/104
f 936/412/105 935/414/105 933/309/104
f 938/413/106 937/146/106 935/414/105
f 940/415/107 939/417/107 937/146/106
f 942/416/104 941/419/104 939/417/107
f 944/418/105 943/420/105 941/419/104
f 922/401/105 921/37/105 943/420/105
f 948/445/113 947/447/113 945/33/114
f 950/446/115 949/449/115 947/447/113
f 952/448/116 951/451/116 949/449/115
f 954/450/117 953/453/117 951/451/116
f 956/452/118 955/455/118 953/453/117
f 958/454/119 957/457/119 955/455/118
f 960/456/120 959/459/120 957/457/119
f 962/458/121 961/461/121 959/459/120
f 964/460/122 963/463/122 961/461/121
f 966/462/123 965/465/123 963/463/122
f 968/464/124 967/467/124 965/465/123
f 970/466/125 969/469/125 967/467/124
f 972/468/126 971/471/126 969/469/125
f 974/470/127 973/473/127 971/471/126
f 976/472/128 975/475/128 973/473/127
f 978/474/129 977/477/129 975/475/128
f 980/476/130 979/479/130 977/477/129
f 982/478/131 981/481/131 979/479/130
f 984/480/132 983/483/132 981/481/131
f 986/482/133 985/485/133 983/483/132
f 988/484/134 987/487/134 985/485/133
f 990/486/135 989/489/135 987/487/134
f 992/488/136 991/491/136 989/489/135
f 994/490/137 993/493/137 991/491/136
f 996/492/138 995/495/138 993/493/137
f 998/494/139 997/497/139 995/495/138
f 1000/496/140 999/499/140 997/497/139
f 1002/498/141 1001/501/141 999/499/140
f 1004/500/142 1003/503/142 1001/501/141
f 1006/502/143 1005/505/143 1003/503/142
f 1008/504/144 1007/507/144 1005/505/143
f 1010/506/145 1009/509/145 1007/507/144
f 1012/508/146 1011/511/146 1009/509/145
f 1014/510/147 1013/513/147 1011/511/146
f 1016/512/148 1015/515/148 1013/513/147
f 1018/514/149 1017/517/149 1015/515/148
f 1020/516/150 1019/519/150 1017/517/149
f 1022/518/151 1021/521/151 1019/519/150
f 1024/520/152 1023/523/152 1021/521/151
f 1026/522/153 1025/525/153 1023/523/152
f 1028/524/154 1027/527/154 1025/525/153
f 1030/526/155 1029/529/155 1027/527/154
f 1032/528/156 1031/531/156 1029/529/155
f 1034/530/157 1033/533/157 1031/531/156
f 1036/532/158 1035/535/158 1033/533/157
f 1038/534/159 1037/537/159 1035/535/158
f 1040/536/160 1039/539/162 1037/537/159
f 1042/538/161 1041/541/161 1039/539/162
f 1044/540/163 1043/543/163 1041/541/161
f 1046/542/164 1045/545/164 1043/543/163
f 1048/544/165 1047/547/165 1045/545/164
f 1050/546/166 1049/549/166 1047/547/165
f 1052/548/167 1051/551/167 1049/549/166
f 1054/550/168 1053/553/168 1051/551/167
f 1056/552/169 1055/555/169 1053/553/168
f 1058/554/170 1057/557/170 1055/555/169
f 1060/556/171 1059/559/171 1057/557/170
f 1062/558/172 1061/561/172 1059/559/171
f 1064/560/173 1063/563/173 1061/561/172
f 1066/562/174 1065/565/174 1063/563/173
f 1068/564/175 1067/567/175 1065/565/174
f 1070/566/105 1069/569/105 1067/567/175
f 1072/568/105 1071/571/105 1069/569/105
f 1074/570/106 1073/573/106 1071/571/105
f 1076/572/107 1075/575/107 1073/573/106
f 1078/574/176 1077/576/176 1075/575/107
f 946/401/114 945/37/114 1077/576/176
f 1082/577/177 1081/579/177 1079/33/178
f 1084/578/179 1083/581/179 1081/579/177
f 1086/580/180 1085/209/182 1083/581/179
f 1088/582/181 1087/584/181 1085/209/182
f 1090/583/183 1089/586/183 1087/584/181
f 1092/585/184 1091/212/184 1089/586/183
f 1094/587/185 1093/589/185 1091/212/184
f 1096/588/186 1095/590/186 1093/589/185
f 1098/408/187 1097/170/187 1095/590/186
f 1100/591/188 1099/593/188 1097/170/187
f 1102/592/189 1101/595/189 1099/593/188
f 1104/594/190 1103/208/190 1101/595/189
f 1106/596/191 1105/598/191 1103/208/190
f 1108/597/192 1107/600/192 1105/598/191
f 1110/599/193 1109/207/193 1107/600/192
f 1112/601/194 1111/603/194 1109/207/193
f 1114/602/195 1113/604/195 1111/603/194
f 1116/413/196 1115/146/196 1113/604/195
f 1118/605/197 1117/607/197 1115/146/196
f 1120/606/198 1119/609/198 1117/607/197
f 1122/608/199 1121/211/199 1119/609/198
f 1124/610/200 1123/612/200 1121/211/199
f 1126/611/201 1125/614/201 1123/612/200
f 1128/613/202 1127/210/202 1125/614/201
f 1130/615/105 1129/617/105 1127/210/202
f 1132/616/104 1131/618/104 1129/617/105
f 1080/401/178 1079/37/178 1131/618/104
f 1136/213/5 1135/216/5 1133/33/6
f 1138/215/7 1137/218/7 1135/216/5
f 1140/217/8 1139/220/8 1137/218/7
f 1142/219/9 1141/222/9 1139/220/8
f 1144/221/10 1143/224/10 1141/222/9
f 1146/223/11 1145/226/11 1143/224/10
f 1148/225/12 1147/228/12 1145/226/11
f 1150/227/13 1149/230/13 1147/228/12
f 1152/229/14 1151/232/14 1149/230/13
f 1154/231/15 1153/234/15 1151/232/14
f 1156/233/16 1155/236/16 1153/234/15
f 1158/235/17 1157/238/17 1155/236/16
f 1160/237/18 1159/240/18 1157/238/17
f 1162/239/19 1161/206/19 1159/240/18
f 1164/241/20 1163/243/20 1161/206/19
f 1166/242/21 1165/245/21 1163/243/20
f 1168/244/22 1167/247/22 1165/245/21
f 1170/246/23 1169/249/23 1167/247/22
f 1172/248/24 1171/251/24 1169/249/23
f 1174/250/25 1173/253/25 1171/251/24
f 1176/252/26 1175/255/26 1173/253/25
f 1178/254/27 1177/257/27 1175/255/26
f 1180/256/28 1179/259/28 1177/257/27
f 1182/258/29 1181/261/29 1179/259/28
f 1184/260/30 1183/263/30 1181/261/29
f 1186/262/31 1185/265/31 1183/263/30
f 1188/264/32 1187/267/32 1185/265/31
f 1190/266/33 1189/205/33 1187/267/32
f 1192/268/34 1191/270/34 1189/205/33
f 1194/269/35 1193/272/35 1191/270/34
f 1196/271/36 1195/274/36 1193/272/35
f 1198/273/37 1197/276/37 1195/274/36
f 1200/275/38 1199/278/38 1197/276/37
f 1202/277/39 1201/280/39 1199/278/38
f 1204/279/40 1203/282/40 1201/280/39
f 1206/281/41 1205/284/41 1203/282/40
f 1208/283/42 1207/286/42 1205/284/41
f 1210/285/43 1209/288/43 1207/286/42
f 1212/287/44 1211/290/44 1209/288/43
f 1214/289/45 1213/292/45 1211/290/44
f 1216/291/46 1215/294/46 1213/292/45
f 1218/293/47 1217/204/47 1215/294/46
f 1220/295/48 1219/297/48 1217/204/47
f 1222/296/49 1221/299/49 1219/297/48
f 1224/298/50 1223/301/50 1221/299/49
f 1226/300/51 1225/303/51 1223/301/50
f 1228/302/52 1227/305/52 1225/303/51
f 1230/304/53 1229/307/53 1227/305/52
f 1232/306/54 1231/309/54 1229/307/53
f 1234/308/55 1233/311/55 1231/309/54
f 1236/310/56 1235/313/56 1233/311/55
f 1238/312/57 1237/315/57 1235/313/56
f 1240/314/58 1239/317/58 1237/315/57
f 1242/316/59 1241/319/59 1239/317/58
f 1244/318/60 1243/321/60 1241/319/59
f 1246/320/61 1245/201/61 1243/321/60
f 1248/322/62 1247/324/62 1245/201/61
f 1250/323/63 1249/326/63 1247/324/62
f 1252/325/64 1251/328/64 1249/326/63
f 1254/327/65 1253/330/65 1251/328/64
f 1256/329/66 1255/332/66 1253/330/65
f 1258/331/67 1257/334/67 1255/332/66
f 1260/333/68 1259/336/68 1257/334/67
f 1262/335/69 1261/338/69 1259/336/68
f 1264/337/70 1263/340/70 1261/338/69
f 1266/339/71 1265/342/71 1263/340/70
f 1268/341/72 1267/344/72 1265/342/71
f 1270/343/73 1269/346/73 1267/344/72
f 1272/345/74 1271/348/76 1269/346/73
f 1274/347/75 1273/203/75 1271/348/76
f 1276/349/77 1275/351/77 1273/203/75
f 1278/350/78 1277/353/78 1275/351/77
f 1280/352/79 1279/355/79 1277/353/78
f 1282/354/80 1281/357/80 1279/355/79
f 1284/356/81 1283/359/81 1281/357/80
f 1286/358/82 1285/361/82 1283/359/81
f 1288/360/83 1287/363/83 1285/361/82
f 1290/362/84 1289/365/84 1287/363/83
f 1292/364/85 1291/367/85 1289/365/84
f 1294/366/86 1293/369/86 1291/367/85
f 1296/368/87 1295/371/87 1293/369/86
f 1298/370/88 1297/373/88 1295/371/87
f 1300/372/89 1299/375/89 1297/373/88
f 1302/374/90 1301/202/90 1299/375/89
f 1304/376/91 1303/378/91 1301/202/90
f 1306/377/92 1305/380/92 1303/378/91
f 1308/379/93 1307/382/93 1305/380/92
f 1310/381/94 1309/384/94 1307/382/93
f 1312/383/95 1311/386/95 1309/384/94
f 1314/385/96 1313/388/96 1311/386/95
f 1316/387/97 1315/390/97 1313/388/96
f 1318/389/98 1317/392/98 1315/390/97
f 1320/391/99 1319/394/99 1317/392/98
f 1322/393/100 1321/396/100 1319/394/99
f 1324/395/101 1323/398/101 1321/396/100
f 1326/397/102 1325/400/102 1323/398/101
f 1328/399/103 1327/402/103 1325/400/102
f 1134/401/6 1133/37/6 1327/402/103
