# Blender 4.2.3 LTS
# www.blender.org
mtllib gameover.mtl
o GameOver
v -1.360500 -0.495000 -0.050000
v -1.362500 -0.495000 -0.050000
v -1.373709 -0.476201 -0.050000
v -1.384838 -0.459273 -0.050000
v -1.395890 -0.444172 -0.050000
v -1.406870 -0.430852 -0.050000
v -1.417781 -0.419268 -0.050000
v -1.428625 -0.409375 -0.050000
v -1.439407 -0.401128 -0.050000
v -1.450130 -0.394482 -0.050000
v -1.460797 -0.389391 -0.050000
v -1.471412 -0.385810 -0.050000
v -1.481978 -0.383695 -0.050000
v -1.492500 -0.383000 -0.050000
v -1.501461 -0.383355 -0.050000
v -1.510356 -0.384421 -0.050000
v -1.519203 -0.386203 -0.050000
v -1.528018 -0.388704 -0.050000
v -1.536820 -0.391927 -0.050000
v -1.545625 -0.395875 -0.050000
v -1.554451 -0.400553 -0.050000
v -1.563315 -0.405963 -0.050000
v -1.572234 -0.412109 -0.050000
v -1.581227 -0.418995 -0.050000
v -1.590310 -0.426624 -0.050000
v -1.599500 -0.435000 -0.050000
v -1.552500 -0.512000 -0.050000
v -1.545596 -0.505673 -0.050000
v -1.538435 -0.499713 -0.050000
v -1.531093 -0.494156 -0.050000
v -1.523648 -0.489037 -0.050000
v -1.516175 -0.484390 -0.050000
v -1.508750 -0.480250 -0.050000
v -1.501450 -0.476652 -0.050000
v -1.494352 -0.473630 -0.050000
v -1.487531 -0.471219 -0.050000
v -1.481065 -0.469454 -0.050000
v -1.475029 -0.468369 -0.050000
v -1.469500 -0.468000 -0.050000
v -1.454541 -0.469245 -0.050000
v -1.440245 -0.472875 -0.050000
v -1.426734 -0.478734 -0.050000
v -1.414130 -0.486667 -0.050000
v -1.402553 -0.496516 -0.050000
v -1.392125 -0.508125 -0.050000
v -1.382968 -0.521339 -0.050000
v -1.375204 -0.536000 -0.050000
v -1.368953 -0.551953 -0.050000
v -1.364338 -0.569042 -0.050000
v -1.361480 -0.587109 -0.050000
v -1.360500 -0.606000 -0.050000
v -1.360500 -0.841000 -0.050000
v -1.271500 -0.841000 -0.050000
v -1.271500 -0.392000 -0.050000
v -1.360500 -0.392000 -0.050000
v -1.148085 -0.805605 -0.050000
v -1.134768 -0.813426 -0.050000
v -1.121437 -0.820469 -0.050000
v -1.107981 -0.826741 -0.050000
v -1.094289 -0.832249 -0.050000
v -1.080250 -0.837000 -0.050000
v -1.065752 -0.841001 -0.050000
v -1.050685 -0.844259 -0.050000
v -1.034937 -0.846781 -0.050000
v -1.018398 -0.848574 -0.050000
v -1.000956 -0.849645 -0.050000
v -0.982500 -0.850000 -0.050000
v -0.948801 -0.847666 -0.050000
v -0.917741 -0.840907 -0.050000
v -0.889375 -0.830094 -0.050000
v -0.863759 -0.815593 -0.050000
v -0.840949 -0.797772 -0.050000
v -0.821000 -0.777000 -0.050000
v -0.803968 -0.753645 -0.050000
v -0.789907 -0.728074 -0.050000
v -0.778875 -0.700656 -0.050000
v -0.770926 -0.671759 -0.050000
v -0.766116 -0.641751 -0.050000
v -0.764500 -0.611000 -0.050000
v -0.766264 -0.577945 -0.050000
v -0.771444 -0.546889 -0.050000
v -0.779875 -0.518000 -0.050000
v -0.791389 -0.491445 -0.050000
v -0.805819 -0.467389 -0.050000
v -0.823000 -0.446000 -0.050000
v -0.842764 -0.427445 -0.050000
v -0.864944 -0.411889 -0.050000
v -0.889375 -0.399500 -0.050000
v -0.915889 -0.390445 -0.050000
v -0.944319 -0.384889 -0.050000
v -0.974500 -0.383000 -0.050000
v -1.003335 -0.384690 -0.050000
v -1.030264 -0.389769 -0.050000
v -1.055172 -0.398250 -0.050000
v -1.077945 -0.410148 -0.050000
v -1.098467 -0.425477 -0.050000
v -1.116625 -0.444250 -0.050000
v -1.132304 -0.466482 -0.050000
v -1.145389 -0.492185 -0.050000
v -1.155766 -0.521375 -0.050000
v -1.163319 -0.554065 -0.050000
v -1.167936 -0.590269 -0.050000
v -1.169500 -0.630000 -0.050000
v -0.853500 -0.630000 -0.050000
v -0.857770 -0.651353 -0.050000
v -0.863574 -0.670903 -0.050000
v -0.870906 -0.688641 -0.050000
v -0.879759 -0.704556 -0.050000
v -0.890126 -0.718637 -0.050000
v -0.902000 -0.730875 -0.050000
v -0.915374 -0.741259 -0.050000
v -0.930241 -0.749778 -0.050000
v -0.946594 -0.756422 -0.050000
v -0.964426 -0.761181 -0.050000
v -0.983730 -0.764044 -0.050000
v -1.004500 -0.765000 -0.050000
v -1.017940 -0.764587 -0.050000
v -1.031268 -0.763361 -0.050000
v -1.044500 -0.761344 -0.050000
v -1.057648 -0.758556 -0.050000
v -1.070727 -0.755017 -0.050000
v -1.083750 -0.750750 -0.050000
v -1.096731 -0.745774 -0.050000
v -1.109685 -0.740111 -0.050000
v -1.122625 -0.733781 -0.050000
v -1.135565 -0.726806 -0.050000
v -1.148518 -0.719205 -0.050000
v -1.161500 -0.711000 -0.050000
v -1.161500 -0.797000 -0.050000
v -1.080007 -0.554531 -0.050000
v -1.077055 -0.539167 -0.050000
v -1.072687 -0.524969 -0.050000
v -1.066944 -0.512000 -0.050000
v -1.059868 -0.500323 -0.050000
v -1.051500 -0.490000 -0.050000
v -1.041882 -0.481094 -0.050000
v -1.031055 -0.473667 -0.050000
v -1.019062 -0.467781 -0.050000
v -1.005944 -0.463500 -0.050000
v -0.991743 -0.460885 -0.050000
v -0.976500 -0.460000 -0.050000
v -0.960064 -0.460828 -0.050000
v -0.944759 -0.463292 -0.050000
v -0.930594 -0.467359 -0.050000
v -0.917574 -0.473000 -0.050000
v -0.905707 -0.480182 -0.050000
v -0.895000 -0.488875 -0.050000
v -0.885459 -0.499047 -0.050000
v -0.877093 -0.510667 -0.050000
v -0.869906 -0.523703 -0.050000
v -0.863907 -0.538125 -0.050000
v -0.859103 -0.553901 -0.050000
v -0.855500 -0.571000 -0.050000
v -1.081500 -0.571000 -0.050000
v -0.385500 -0.392000 -0.050000
v -0.506500 -0.668000 -0.050000
v -0.624500 -0.392000 -0.050000
v -0.719500 -0.392000 -0.050000
v -0.521500 -0.850000 -0.050000
v -0.491500 -0.850000 -0.050000
v -0.288500 -0.392000 -0.050000
v 0.072013 -0.153258 -0.050000
v 0.021190 -0.162732 -0.050000
v -0.025766 -0.177969 -0.050000
v -0.068648 -0.198519 -0.050000
v -0.107253 -0.223929 -0.050000
v -0.141375 -0.253750 -0.050000
v -0.170810 -0.287529 -0.050000
v -0.195352 -0.324815 -0.050000
v -0.214797 -0.365156 -0.050000
v -0.228940 -0.408102 -0.050000
v -0.237576 -0.453200 -0.050000
v -0.240500 -0.500000 -0.050000
v -0.237651 -0.545539 -0.050000
v -0.229208 -0.589815 -0.050000
v -0.215328 -0.632313 -0.050000
v -0.196167 -0.672519 -0.050000
v -0.171880 -0.709919 -0.050000
v -0.142625 -0.744000 -0.050000
v -0.108557 -0.774248 -0.050000
v -0.069833 -0.800148 -0.050000
v -0.026609 -0.821188 -0.050000
v 0.020958 -0.836852 -0.050000
v 0.072714 -0.846627 -0.050000
v 0.128500 -0.850000 -0.050000
v 0.182508 -0.846646 -0.050000
v 0.232894 -0.836921 -0.050000
v 0.279453 -0.821328 -0.050000
v 0.321982 -0.800370 -0.050000
v 0.360274 -0.774552 -0.050000
v 0.394125 -0.744375 -0.050000
v 0.423331 -0.710344 -0.050000
v 0.447685 -0.672963 -0.050000
v 0.466985 -0.632734 -0.050000
v 0.481023 -0.590162 -0.050000
v 0.489597 -0.545749 -0.050000
v 0.492500 -0.500000 -0.050000
v 0.489519 -0.453410 -0.050000
v 0.480736 -0.408449 -0.050000
v 0.466391 -0.365578 -0.050000
v 0.446722 -0.325259 -0.050000
v 0.421971 -0.287954 -0.050000
v 0.392375 -0.254125 -0.050000
v 0.358175 -0.224233 -0.050000
v 0.319611 -0.198741 -0.050000
v 0.276922 -0.178109 -0.050000
v 0.230347 -0.162801 -0.050000
v 0.180127 -0.153277 -0.050000
v 0.126500 -0.150000 -0.050000
v 0.089126 -0.757730 -0.050000
v 0.053671 -0.751088 -0.050000
v 0.020391 -0.740328 -0.050000
v -0.010463 -0.725704 -0.050000
v -0.038636 -0.707468 -0.050000
v -0.063875 -0.685875 -0.050000
v -0.085926 -0.661178 -0.050000
v -0.104537 -0.633630 -0.050000
v -0.119453 -0.603484 -0.050000
v -0.130421 -0.570995 -0.050000
v -0.137188 -0.536416 -0.050000
v -0.139500 -0.500000 -0.050000
v -0.137188 -0.463374 -0.050000
v -0.130421 -0.428657 -0.050000
v -0.119453 -0.396094 -0.050000
v -0.104537 -0.365926 -0.050000
v -0.085926 -0.338397 -0.050000
v -0.063875 -0.313750 -0.050000
v -0.038636 -0.292228 -0.050000
v -0.010463 -0.274074 -0.050000
v 0.020391 -0.259531 -0.050000
v 0.053671 -0.248843 -0.050000
v 0.089126 -0.242251 -0.050000
v 0.126500 -0.240000 -0.050000
v 0.163645 -0.242251 -0.050000
v 0.198908 -0.248843 -0.050000
v 0.232031 -0.259531 -0.050000
v 0.262759 -0.274074 -0.050000
v 0.290835 -0.292228 -0.050000
v 0.316000 -0.313750 -0.050000
v 0.337999 -0.338397 -0.050000
v 0.356574 -0.365926 -0.050000
v 0.371469 -0.396094 -0.050000
v 0.382426 -0.428657 -0.050000
v 0.389189 -0.463374 -0.050000
v 0.391500 -0.500000 -0.050000
v 0.389189 -0.536416 -0.050000
v 0.382426 -0.570995 -0.050000
v 0.371469 -0.603484 -0.050000
v 0.356574 -0.633630 -0.050000
v 0.337999 -0.661178 -0.050000
v 0.316000 -0.685875 -0.050000
v 0.290835 -0.707468 -0.050000
v 0.262759 -0.725704 -0.050000
v 0.232031 -0.740328 -0.050000
v 0.198908 -0.751088 -0.050000
v 0.163645 -0.757730 -0.050000
v 0.126500 -0.760000 -0.050000
v -0.713085 0.194395 -0.050000
v -0.699768 0.186574 -0.050000
v -0.686437 0.179531 -0.050000
v -0.672981 0.173259 -0.050000
v -0.659289 0.167751 -0.050000
v -0.645250 0.163000 -0.050000
v -0.630752 0.158999 -0.050000
v -0.615685 0.155741 -0.050000
v -0.599937 0.153219 -0.050000
v -0.583398 0.151426 -0.050000
v -0.565956 0.150355 -0.050000
v -0.547500 0.150000 -0.050000
v -0.513801 0.152334 -0.050000
v -0.482741 0.159093 -0.050000
v -0.454375 0.169906 -0.050000
v -0.428759 0.184407 -0.050000
v -0.405949 0.202228 -0.050000
v -0.386000 0.223000 -0.050000
v -0.368968 0.246355 -0.050000
v -0.354907 0.271926 -0.050000
v -0.343875 0.299344 -0.050000
v -0.335926 0.328241 -0.050000
v -0.331116 0.358249 -0.050000
v -0.329500 0.389000 -0.050000
v -0.331264 0.422056 -0.050000
v -0.336444 0.453111 -0.050000
v -0.344875 0.482000 -0.050000
v -0.356389 0.508556 -0.050000
v -0.370819 0.532611 -0.050000
v -0.388000 0.554000 -0.050000
v -0.407764 0.572556 -0.050000
v -0.429944 0.588111 -0.050000
v -0.454375 0.600500 -0.050000
v -0.480889 0.609556 -0.050000
v -0.509319 0.615111 -0.050000
v -0.539500 0.617000 -0.050000
v -0.568335 0.615310 -0.050000
v -0.595264 0.610232 -0.050000
v -0.620172 0.601750 -0.050000
v -0.642944 0.589852 -0.050000
v -0.663467 0.574523 -0.050000
v -0.681625 0.555750 -0.050000
v -0.697304 0.533518 -0.050000
v -0.710389 0.507815 -0.050000
v -0.720766 0.478625 -0.050000
v -0.728319 0.445935 -0.050000
v -0.732936 0.409731 -0.050000
v -0.734500 0.370000 -0.050000
v -0.418500 0.370000 -0.050000
v -0.422770 0.348647 -0.050000
v -0.428574 0.329097 -0.050000
v -0.435906 0.311359 -0.050000
v -0.444759 0.295444 -0.050000
v -0.455126 0.281363 -0.050000
v -0.467000 0.269125 -0.050000
v -0.480374 0.258741 -0.050000
v -0.495241 0.250222 -0.050000
v -0.511594 0.243578 -0.050000
v -0.529426 0.238819 -0.050000
v -0.548730 0.235957 -0.050000
v -0.569500 0.235000 -0.050000
v -0.582940 0.235413 -0.050000
v -0.596269 0.236639 -0.050000
v -0.609500 0.238656 -0.050000
v -0.622648 0.241444 -0.050000
v -0.635727 0.244983 -0.050000
v -0.648750 0.249250 -0.050000
v -0.661731 0.254226 -0.050000
v -0.674685 0.259889 -0.050000
v -0.687625 0.266219 -0.050000
v -0.700565 0.273194 -0.050000
v -0.713518 0.280795 -0.050000
v -0.726500 0.289000 -0.050000
v -0.726500 0.203000 -0.050000
v -0.645007 0.445469 -0.050000
v -0.642056 0.460833 -0.050000
v -0.637687 0.475031 -0.050000
v -0.631944 0.488000 -0.050000
v -0.624868 0.499677 -0.050000
v -0.616500 0.510000 -0.050000
v -0.606882 0.518906 -0.050000
v -0.596056 0.526333 -0.050000
v -0.584062 0.532219 -0.050000
v -0.570944 0.536500 -0.050000
v -0.556743 0.539115 -0.050000
v -0.541500 0.540000 -0.050000
v -0.525064 0.539172 -0.050000
v -0.509759 0.536708 -0.050000
v -0.495594 0.532641 -0.050000
v -0.482574 0.527000 -0.050000
v -0.470707 0.519818 -0.050000
v -0.460000 0.511125 -0.050000
v -0.450459 0.500953 -0.050000
v -0.442093 0.489333 -0.050000
v -0.434906 0.476297 -0.050000
v -0.428907 0.461875 -0.050000
v -0.424103 0.446099 -0.050000
v -0.420500 0.429000 -0.050000
v -0.646500 0.429000 -0.050000
v 0.334500 0.549000 -0.050000
v 0.323061 0.560001 -0.050000
v 0.311741 0.570009 -0.050000
v 0.300531 0.579031 -0.050000
v 0.289426 0.587074 -0.050000
v 0.278418 0.594145 -0.050000
v 0.267500 0.600250 -0.050000
v 0.256666 0.605397 -0.050000
v 0.245908 0.609593 -0.050000
v 0.235219 0.612844 -0.050000
v 0.224593 0.615157 -0.050000
v 0.214022 0.616540 -0.050000
v 0.203500 0.617000 -0.050000
v 0.189462 0.616418 -0.050000
v 0.175866 0.614681 -0.050000
v 0.162734 0.611797 -0.050000
v 0.150093 0.607778 -0.050000
v 0.137965 0.602634 -0.050000
v 0.126375 0.596375 -0.050000
v 0.115348 0.589012 -0.050000
v 0.104907 0.580556 -0.050000
v 0.095078 0.571016 -0.050000
v 0.085884 0.560403 -0.050000
v 0.077350 0.548727 -0.050000
v 0.069500 0.536000 -0.050000
v 0.059578 0.546837 -0.050000
v 0.049292 0.557278 -0.050000
v 0.038609 0.567219 -0.050000
v 0.027500 0.576556 -0.050000
v 0.015932 0.585184 -0.050000
v 0.003875 0.593000 -0.050000
v -0.008703 0.599899 -0.050000
v -0.021833 0.605778 -0.050000
v -0.035547 0.610531 -0.050000
v -0.049875 0.614056 -0.050000
v -0.064849 0.616247 -0.050000
v -0.080500 0.617000 -0.050000
v -0.102548 0.615561 -0.050000
v -0.123134 0.611324 -0.050000
v -0.142172 0.604406 -0.050000
v -0.159574 0.594926 -0.050000
v -0.175254 0.583001 -0.050000
v -0.189125 0.568750 -0.050000
v -0.201100 0.552290 -0.050000
v -0.211093 0.533741 -0.050000
v -0.219016 0.513219 -0.050000
v -0.224782 0.490843 -0.050000
v -0.228306 0.466730 -0.050000
v -0.229500 0.441000 -0.050000
v -0.229500 0.159000 -0.050000
v -0.140500 0.159000 -0.050000
v -0.140500 0.437000 -0.050000
v -0.139644 0.453351 -0.050000
v -0.137153 0.468389 -0.050000
v -0.133141 0.482094 -0.050000
v -0.127722 0.494444 -0.050000
v -0.121012 0.505420 -0.050000
v -0.113125 0.515000 -0.050000
v -0.104175 0.523163 -0.050000
v -0.094278 0.529889 -0.050000
v -0.083547 0.535156 -0.050000
v -0.072097 0.538944 -0.050000
v -0.060043 0.541233 -0.050000
v -0.047500 0.542000 -0.050000
v -0.040051 0.541719 -0.050000
v -0.032245 0.540417 -0.050000
v -0.024141 0.538156 -0.050000
v -0.015796 0.535000 -0.050000
v -0.007271 0.531010 -0.050000
v 0.001375 0.526250 -0.050000
v 0.010084 0.520781 -0.050000
v 0.018796 0.514667 -0.050000
v 0.027453 0.507969 -0.050000
v 0.035995 0.500750 -0.050000
v 0.044364 0.493073 -0.050000
v 0.052500 0.485000 -0.050000
v 0.052500 0.159000 -0.050000
v 0.141500 0.159000 -0.050000
v 0.141500 0.438000 -0.050000
v 0.142254 0.455381 -0.050000
v 0.144445 0.471051 -0.050000
v 0.147969 0.485047 -0.050000
v 0.152722 0.497407 -0.050000
v 0.158601 0.508171 -0.050000
v 0.165500 0.517375 -0.050000
v 0.173316 0.525058 -0.050000
v 0.181945 0.531259 -0.050000
v 0.191281 0.536016 -0.050000
v 0.201222 0.539366 -0.050000
v 0.211663 0.541348 -0.050000
v 0.222500 0.542000 -0.050000
v 0.233450 0.541700 -0.050000
v 0.243852 0.540764 -0.050000
v 0.253781 0.539141 -0.050000
v 0.263315 0.536778 -0.050000
v 0.272529 0.533623 -0.050000
v 0.281500 0.529625 -0.050000
v 0.290305 0.524731 -0.050000
v 0.299019 0.518889 -0.050000
v 0.307719 0.512047 -0.050000
v 0.316482 0.504153 -0.050000
v 0.325383 0.495154 -0.050000
v 0.334500 0.485000 -0.050000
v 0.334500 0.159000 -0.050000
v 0.423500 0.159000 -0.050000
v 0.423500 0.608000 -0.050000
v 0.334500 0.608000 -0.050000
v 0.508270 0.178639 -0.050000
v 0.517162 0.173032 -0.050000
v 0.525297 0.168141 -0.050000
v 0.532796 0.163926 -0.050000
v 0.539782 0.160350 -0.050000
v 0.546375 0.157375 -0.050000
v 0.552697 0.154962 -0.050000
v 0.558870 0.153074 -0.050000
v 0.565016 0.151672 -0.050000
v 0.571255 0.150718 -0.050000
v 0.577709 0.150173 -0.050000
v 0.584500 0.150000 -0.050000
v 0.593878 0.150294 -0.050000
v 0.602523 0.151185 -0.050000
v 0.610453 0.152687 -0.050000
v 0.617685 0.154815 -0.050000
v 0.624237 0.157581 -0.050000
v 0.630125 0.161000 -0.050000
v 0.635368 0.165086 -0.050000
v 0.639982 0.169852 -0.050000
v 0.643984 0.175312 -0.050000
v 0.647394 0.181481 -0.050000
v 0.650226 0.188373 -0.050000
v 0.652500 0.196000 -0.050000
v 0.662291 0.188583 -0.050000
v 0.672158 0.181829 -0.050000
v 0.682094 0.175734 -0.050000
v 0.692093 0.170296 -0.050000
v 0.702147 0.165511 -0.050000
v 0.712250 0.161375 -0.050000
v 0.722395 0.157885 -0.050000
v 0.732574 0.155037 -0.050000
v 0.742781 0.152828 -0.050000
v 0.753009 0.151255 -0.050000
v 0.763251 0.150313 -0.050000
v 0.773500 0.150000 -0.050000
v 0.789529 0.151057 -0.050000
v 0.804565 0.154120 -0.050000
v 0.818531 0.159031 -0.050000
v 0.831352 0.165630 -0.050000
v 0.842950 0.173756 -0.050000
v 0.853250 0.183250 -0.050000
v 0.862175 0.193952 -0.050000
v 0.869648 0.205704 -0.050000
v 0.875594 0.218344 -0.050000
v 0.879935 0.231713 -0.050000
v 0.882596 0.245652 -0.050000
v 0.883500 0.260000 -0.050000
v 0.881865 0.280994 -0.050000
v 0.877167 0.299616 -0.050000
v 0.869719 0.316078 -0.050000
v 0.859833 0.330593 -0.050000
v 0.847823 0.343371 -0.050000
v 0.834000 0.354625 -0.050000
v 0.818677 0.364567 -0.050000
v 0.802167 0.373407 -0.050000
v 0.784781 0.381359 -0.050000
v 0.766833 0.388634 -0.050000
v 0.748636 0.395444 -0.050000
v 0.730500 0.402000 -0.050000
v 0.651500 0.430000 -0.050000
v 0.651500 0.454000 -0.050000
v 0.652063 0.467318 -0.050000
v 0.653750 0.479296 -0.050000
v 0.656563 0.489969 -0.050000
v 0.660500 0.499370 -0.050000
v 0.665563 0.507536 -0.050000
v 0.671750 0.514500 -0.050000
v 0.679063 0.520297 -0.050000
v 0.687500 0.524963 -0.050000
v 0.697063 0.528531 -0.050000
v 0.707750 0.531037 -0.050000
v 0.719563 0.532515 -0.050000
v 0.732500 0.533000 -0.050000
v 0.744766 0.532518 -0.050000
v 0.757046 0.531060 -0.050000
v 0.769313 0.528609 -0.050000
v 0.781537 0.525148 -0.050000
v 0.793692 0.520659 -0.050000
v 0.805750 0.515125 -0.050000
v 0.817683 0.508528 -0.050000
v 0.829463 0.500852 -0.050000
v 0.841063 0.492078 -0.050000
v 0.852454 0.482190 -0.050000
v 0.863609 0.471170 -0.050000
v 0.874500 0.459000 -0.050000
v 0.874500 0.556000 -0.050000
v 0.865457 0.565813 -0.050000
v 0.855824 0.574755 -0.050000
v 0.845594 0.582828 -0.050000
v 0.834759 0.590037 -0.050000
v 0.823314 0.596385 -0.050000
v 0.811250 0.601875 -0.050000
v 0.798561 0.606511 -0.050000
v 0.785241 0.610296 -0.050000
v 0.771281 0.613234 -0.050000
v 0.756676 0.615329 -0.050000
v 0.741418 0.616583 -0.050000
v 0.725500 0.617000 -0.050000
v 0.703176 0.616036 -0.050000
v 0.681829 0.613120 -0.050000
v 0.661641 0.608219 -0.050000
v 0.642796 0.601296 -0.050000
v 0.625480 0.592318 -0.050000
v 0.609875 0.581250 -0.050000
v 0.596166 0.568057 -0.050000
v 0.584537 0.552704 -0.050000
v 0.575172 0.535156 -0.050000
v 0.568255 0.515380 -0.050000
v 0.563969 0.493339 -0.050000
v 0.562500 0.469000 -0.050000
v 0.562500 0.238000 -0.050000
v 0.562376 0.233976 -0.050000
v 0.562005 0.230393 -0.050000
v 0.561391 0.227234 -0.050000
v 0.560537 0.224481 -0.050000
v 0.559447 0.222117 -0.050000
v 0.558125 0.220125 -0.050000
v 0.556574 0.218487 -0.050000
v 0.554796 0.217185 -0.050000
v 0.552797 0.216203 -0.050000
v 0.550579 0.215523 -0.050000
v 0.548145 0.215128 -0.050000
v 0.545500 0.215000 -0.050000
v 0.543067 0.215186 -0.050000
v 0.540282 0.215736 -0.050000
v 0.537172 0.216641 -0.050000
v 0.533759 0.217889 -0.050000
v 0.530069 0.219470 -0.050000
v 0.526125 0.221375 -0.050000
v 0.521952 0.223592 -0.050000
v 0.517574 0.226111 -0.050000
v 0.513016 0.228922 -0.050000
v 0.508301 0.232014 -0.050000
v 0.503454 0.235377 -0.050000
v 0.498500 0.239000 -0.050000
v 0.498500 0.185000 -0.050000
v 0.670259 0.374484 -0.050000
v 0.688408 0.367875 -0.050000
v 0.705750 0.361078 -0.050000
v 0.722093 0.354000 -0.050000
v 0.737241 0.346547 -0.050000
v 0.751000 0.338625 -0.050000
v 0.763176 0.330141 -0.050000
v 0.773574 0.321000 -0.050000
v 0.782000 0.311109 -0.050000
v 0.788259 0.300375 -0.050000
v 0.792158 0.288703 -0.050000
v 0.793500 0.276000 -0.050000
v 0.792947 0.266988 -0.050000
v 0.791329 0.258486 -0.050000
v 0.788703 0.250547 -0.050000
v 0.785130 0.243222 -0.050000
v 0.780667 0.236564 -0.050000
v 0.775375 0.230625 -0.050000
v 0.769312 0.225457 -0.050000
v 0.762537 0.221111 -0.050000
v 0.755109 0.217641 -0.050000
v 0.747088 0.215097 -0.050000
v 0.738532 0.213533 -0.050000
v 0.729500 0.213000 -0.050000
v 0.722542 0.213289 -0.050000
v 0.715667 0.214143 -0.050000
v 0.708875 0.215547 -0.050000
v 0.702167 0.217481 -0.050000
v 0.695542 0.219930 -0.050000
v 0.689000 0.222875 -0.050000
v 0.682542 0.226299 -0.050000
v 0.676167 0.230185 -0.050000
v 0.669875 0.234516 -0.050000
v 0.663667 0.239273 -0.050000
v 0.657542 0.244440 -0.050000
v 0.651500 0.250000 -0.050000
v 0.651500 0.381000 -0.050000
v 0.998918 0.196495 -0.050000
v 1.020759 0.187963 -0.050000
v 1.042156 0.180375 -0.050000
v 1.063241 0.173704 -0.050000
v 1.084145 0.167921 -0.050000
v 1.105000 0.163000 -0.050000
v 1.125939 0.158912 -0.050000
v 1.147093 0.155630 -0.050000
v 1.168594 0.153125 -0.050000
v 1.190574 0.151370 -0.050000
v 1.213166 0.150338 -0.050000
v 1.236500 0.150000 -0.050000
v 1.287547 0.152988 -0.050000
v 1.335958 0.161741 -0.050000
v 1.381391 0.175938 -0.050000
v 1.423500 0.195259 -0.050000
v 1.461943 0.219387 -0.050000
v 1.496375 0.248000 -0.050000
v 1.526453 0.280780 -0.050000
v 1.551834 0.317407 -0.050000
v 1.572172 0.357562 -0.050000
v 1.587125 0.400926 -0.050000
v 1.596349 0.447178 -0.050000
v 1.599500 0.496000 -0.050000
v 1.596271 0.545189 -0.050000
v 1.586833 0.592014 -0.050000
v 1.571563 0.636109 -0.050000
v 1.550833 0.677111 -0.050000
v 1.525021 0.714655 -0.050000
v 1.494500 0.748375 -0.050000
v 1.459646 0.777908 -0.050000
v 1.420833 0.802889 -0.050000
v 1.378438 0.822953 -0.050000
v 1.332833 0.837736 -0.050000
v 1.284396 0.846873 -0.050000
v 1.233500 0.850000 -0.050000
v 1.213957 0.849718 -0.050000
v 1.195153 0.848829 -0.050000
v 1.176828 0.847266 -0.050000
v 1.158722 0.844963 -0.050000
v 1.140575 0.841855 -0.050000
v 1.122125 0.837875 -0.050000
v 1.103113 0.832958 -0.050000
v 1.083278 0.827037 -0.050000
v 1.062359 0.820047 -0.050000
v 1.040097 0.811921 -0.050000
v 1.016231 0.802594 -0.050000
v 0.990500 0.792000 -0.050000
v 0.990500 0.693000 -0.050000
v 1.010560 0.703561 -0.050000
v 1.030732 0.713241 -0.050000
v 1.051000 0.722031 -0.050000
v 1.071352 0.729926 -0.050000
v 1.091773 0.736918 -0.050000
v 1.112250 0.743000 -0.050000
v 1.132769 0.748166 -0.050000
v 1.153315 0.752407 -0.050000
v 1.173875 0.755719 -0.050000
v 1.194435 0.758093 -0.050000
v 1.214982 0.759522 -0.050000
v 1.235500 0.760000 -0.050000
v 1.271765 0.757691 -0.050000
v 1.306370 0.750944 -0.050000
v 1.339031 0.740031 -0.050000
v 1.369463 0.725222 -0.050000
v 1.397381 0.706788 -0.050000
v 1.422500 0.685000 -0.050000
v 1.444536 0.660128 -0.050000
v 1.463204 0.632444 -0.050000
v 1.478219 0.602219 -0.050000
v 1.489296 0.569722 -0.050000
v 1.496152 0.535226 -0.050000
v 1.498500 0.499000 -0.050000
v 1.496163 0.461973 -0.050000
v 1.489306 0.427037 -0.050000
v 1.478156 0.394406 -0.050000
v 1.462945 0.364296 -0.050000
v 1.443900 0.336922 -0.050000
v 1.421250 0.312500 -0.050000
v 1.395226 0.291244 -0.050000
v 1.366056 0.273370 -0.050000
v 1.333969 0.259094 -0.050000
v 1.299195 0.248630 -0.050000
v 1.261962 0.242193 -0.050000
v 1.222500 0.240000 -0.050000
v 1.209352 0.240245 -0.050000
v 1.196398 0.240958 -0.050000
v 1.183625 0.242109 -0.050000
v 1.171019 0.243667 -0.050000
v 1.158565 0.245599 -0.050000
v 1.146250 0.247875 -0.050000
v 1.134060 0.250464 -0.050000
v 1.121982 0.253333 -0.050000
v 1.110000 0.256453 -0.050000
v 1.098102 0.259792 -0.050000
v 1.086273 0.263318 -0.050000
v 1.074500 0.267000 -0.050000
v 1.074500 0.407000 -0.050000
v 1.205500 0.407000 -0.050000
v 1.205500 0.495000 -0.050000
v 0.976500 0.495000 -0.050000
v 0.976500 0.206000 -0.050000
v -1.360500 -0.495000 0.050000
v -1.362500 -0.495000 0.050000
v -1.373709 -0.476201 0.050000
v -1.384838 -0.459273 0.050000
v -1.395890 -0.444172 0.050000
v -1.406870 -0.430852 0.050000
v -1.417781 -0.419268 0.050000
v -1.428625 -0.409375 0.050000
v -1.439407 -0.401128 0.050000
v -1.450130 -0.394482 0.050000
v -1.460797 -0.389391 0.050000
v -1.471412 -0.385810 0.050000
v -1.481978 -0.383695 0.050000
v -1.492500 -0.383000 0.050000
v -1.501461 -0.383355 0.050000
v -1.510356 -0.384421 0.050000
v -1.519203 -0.386203 0.050000
v -1.528018 -0.388704 0.050000
v -1.536820 -0.391927 0.050000
v -1.545625 -0.395875 0.050000
v -1.554451 -0.400553 0.050000
v -1.563315 -0.405963 0.050000
v -1.572234 -0.412109 0.050000
v -1.581227 -0.418995 0.050000
v -1.590310 -0.426624 0.050000
v -1.599500 -0.435000 0.050000
v -1.552500 -0.512000 0.050000
v -1.545596 -0.505673 0.050000
v -1.538435 -0.499713 0.050000
v -1.531093 -0.494156 0.050000
v -1.523648 -0.489037 0.050000
v -1.516175 -0.484390 0.050000
v -1.508750 -0.480250 0.050000
v -1.501450 -0.476652 0.050000
v -1.494352 -0.473630 0.050000
v -1.487531 -0.471219 0.050000
v -1.481065 -0.469454 0.050000
v -1.475029 -0.468369 0.050000
v -1.469500 -0.468000 0.050000
v -1.454541 -0.469245 0.050000
v -1.440245 -0.472875 0.050000
v -1.426734 -0.478734 0.050000
v -1.414130 -0.486667 0.050000
v -1.402553 -0.496516 0.050000
v -1.392125 -0.508125 0.050000
v -1.382968 -0.521339 0.050000
v -1.375204 -0.536000 0.050000
v -1.368953 -0.551953 0.050000
v -1.364338 -0.569042 0.050000
v -1.361480 -0.587109 0.050000
v -1.360500 -0.606000 0.050000
v -1.360500 -0.841000 0.050000
v -1.271500 -0.841000 0.050000
v -1.271500 -0.392000 0.050000
v -1.360500 -0.392000 0.050000
v -1.148085 -0.805605 0.050000
v -1.134768 -0.813426 0.050000
v -1.121437 -0.820469 0.050000
v -1.107981 -0.826741 0.050000
v -1.094289 -0.832249 0.050000
v -1.080250 -0.837000 0.050000
v -1.065752 -0.841001 0.050000
v -1.050685 -0.844259 0.050000
v -1.034937 -0.846781 0.050000
v -1.018398 -0.848574 0.050000
v -1.000956 -0.849645 0.050000
v -0.982500 -0.850000 0.050000
v -0.948801 -0.847666 0.050000
v -0.917741 -0.840907 0.050000
v -0.889375 -0.830094 0.050000
v -0.863759 -0.815593 0.050000
v -0.840949 -0.797772 0.050000
v -0.821000 -0.777000 0.050000
v -0.803968 -0.753645 0.050000
v -0.789907 -0.728074 0.050000
v -0.778875 -0.700656 0.050000
v -0.770926 -0.671759 0.050000
v -0.766116 -0.641751 0.050000
v -0.764500 -0.611000 0.050000
v -0.766264 -0.577945 0.050000
v -0.771444 -0.546889 0.050000
v -0.779875 -0.518000 0.050000
v -0.791389 -0.491445 0.050000
v -0.805819 -0.467389 0.050000
v -0.823000 -0.446000 0.050000
v -0.842764 -0.427445 0.050000
v -0.864944 -0.411889 0.050000
v -0.889375 -0.399500 0.050000
v -0.915889 -0.390445 0.050000
v -0.944319 -0.384889 0.050000
v -0.974500 -0.383000 0.050000
v -1.003335 -0.384690 0.050000
v -1.030264 -0.389769 0.050000
v -1.055172 -0.398250 0.050000
v -1.077945 -0.410148 0.050000
v -1.098467 -0.425477 0.050000
v -1.116625 -0.444250 0.050000
v -1.132304 -0.466482 0.050000
v -1.145389 -0.492185 0.050000
v -1.155766 -0.521375 0.050000
v -1.163319 -0.554065 0.050000
v -1.167936 -0.590269 0.050000
v -1.169500 -0.630000 0.050000
v -0.853500 -0.630000 0.050000
v -0.857770 -0.651353 0.050000
v -0.863574 -0.670903 0.050000
v -0.870906 -0.688641 0.050000
v -0.879759 -0.704556 0.050000
v -0.890126 -0.718637 0.050000
v -0.902000 -0.730875 0.050000
v -0.915374 -0.741259 0.050000
v -0.930241 -0.749778 0.050000
v -0.946594 -0.756422 0.050000
v -0.964426 -0.761181 0.050000
v -0.983730 -0.764044 0.050000
v -1.004500 -0.765000 0.050000
v -1.017940 -0.764587 0.050000
v -1.031268 -0.763361 0.050000
v -1.044500 -0.761344 0.050000
v -1.057648 -0.758556 0.050000
v -1.070727 -0.755017 0.050000
v -1.083750 -0.750750 0.050000
v -1.096731 -0.745774 0.050000
v -1.109685 -0.740111 0.050000
v -1.122625 -0.733781 0.050000
v -1.135565 -0.726806 0.050000
v -1.148518 -0.719205 0.050000
v -1.161500 -0.711000 0.050000
v -1.161500 -0.797000 0.050000
v -1.080007 -0.554531 0.050000
v -1.077055 -0.539167 0.050000
v -1.072687 -0.524969 0.050000
v -1.066944 -0.512000 0.050000
v -1.059868 -0.500323 0.050000
v -1.051500 -0.490000 0.050000
v -1.041882 -0.481094 0.050000
v -1.031055 -0.473667 0.050000
v -1.019062 -0.467781 0.050000
v -1.005944 -0.463500 0.050000
v -0.991743 -0.460885 0.050000
v -0.976500 -0.460000 0.050000
v -0.960064 -0.460828 0.050000
v -0.944759 -0.463292 0.050000
v -0.930594 -0.467359 0.050000
v -0.917574 -0.473000 0.050000
v -0.905707 -0.480182 0.050000
v -0.895000 -0.488875 0.050000
v -0.885459 -0.499047 0.050000
v -0.877093 -0.510667 0.050000
v -0.869906 -0.523703 0.050000
v -0.863907 -0.538125 0.050000
v -0.859103 -0.553901 0.050000
v -0.855500 -0.571000 0.050000
v -1.081500 -0.571000 0.050000
v -0.385500 -0.392000 0.050000
v -0.506500 -0.668000 0.050000
v -0.624500 -0.392000 0.050000
v -0.719500 -0.392000 0.050000
v -0.521500 -0.850000 0.050000
v -0.491500 -0.850000 0.050000
v -0.288500 -0.392000 0.050000
v 0.072013 -0.153258 0.050000
v 0.021190 -0.162732 0.050000
v -0.025766 -0.177969 0.050000
v -0.068648 -0.198519 0.050000
v -0.107253 -0.223929 0.050000
v -0.141375 -0.253750 0.050000
v -0.170810 -0.287529 0.050000
v -0.195352 -0.324815 0.050000
v -0.214797 -0.365156 0.050000
v -0.228940 -0.408102 0.050000
v -0.237576 -0.453200 0.050000
v -0.240500 -0.500000 0.050000
v -0.237651 -0.545539 0.050000
v -0.229208 -0.589815 0.050000
v -0.215328 -0.632313 0.050000
v -0.196167 -0.672519 0.050000
v -0.171880 -0.709919 0.050000
v -0.142625 -0.744000 0.050000
v -0.108557 -0.774248 0.050000
v -0.069833 -0.800148 0.050000
v -0.026609 -0.821188 0.050000
v 0.020958 -0.836852 0.050000
v 0.072714 -0.846627 0.050000
v 0.128500 -0.850000 0.050000
v 0.182508 -0.846646 0.050000
v 0.232894 -0.836921 0.050000
v 0.279453 -0.821328 0.050000
v 0.321982 -0.800370 0.050000
v 0.360274 -0.774552 0.050000
v 0.394125 -0.744375 0.050000
v 0.423331 -0.710344 0.050000
v 0.447685 -0.672963 0.050000
v 0.466985 -0.632734 0.050000
v 0.481023 -0.590162 0.050000
v 0.489597 -0.545749 0.050000
v 0.492500 -0.500000 0.050000
v 0.489519 -0.453410 0.050000
v 0.480736 -0.408449 0.050000
v 0.466391 -0.365578 0.050000
v 0.446722 -0.325259 0.050000
v 0.421971 -0.287954 0.050000
v 0.392375 -0.254125 0.050000
v 0.358175 -0.224233 0.050000
v 0.319611 -0.198741 0.050000
v 0.276922 -0.178109 0.050000
v 0.230347 -0.162801 0.050000
v 0.180127 -0.153277 0.050000
v 0.126500 -0.150000 0.050000
v 0.089126 -0.757730 0.050000
v 0.053671 -0.751088 0.050000
v 0.020391 -0.740328 0.050000
v -0.010463 -0.725704 0.050000
v -0.038636 -0.707468 0.050000
v -0.063875 -0.685875 0.050000
v -0.085926 -0.661178 0.050000
v -0.104537 -0.633630 0.050000
v -0.119453 -0.603484 0.050000
v -0.130421 -0.570995 0.050000
v -0.137188 -0.536416 0.050000
v -0.139500 -0.500000 0.050000
v -0.137188 -0.463374 0.050000
v -0.130421 -0.428657 0.050000
v -0.119453 -0.396094 0.050000
v -0.104537 -0.365926 0.050000
v -0.085926 -0.338397 0.050000
v -0.063875 -0.313750 0.050000
v -0.038636 -0.292228 0.050000
v -0.010463 -0.274074 0.050000
v 0.020391 -0.259531 0.050000
v 0.053671 -0.248843 0.050000
v 0.089126 -0.242251 0.050000
v 0.126500 -0.240000 0.050000
v 0.163645 -0.242251 0.050000
v 0.198908 -0.248843 0.050000
v 0.232031 -0.259531 0.050000
v 0.262759 -0.274074 0.050000
v 0.290835 -0.292228 0.050000
v 0.316000 -0.313750 0.050000
v 0.337999 -0.338397 0.050000
v 0.356574 -0.365926 0.050000
v 0.371469 -0.396094 0.050000
v 0.382426 -0.428657 0.050000
v 0.389189 -0.463374 0.050000
v 0.391500 -0.500000 0.050000
v 0.389189 -0.536416 0.050000
v 0.382426 -0.570995 0.050000
v 0.371469 -0.603484 0.050000
v 0.356574 -0.633630 0.050000
v 0.337999 -0.661178 0.050000
v 0.316000 -0.685875 0.050000
v 0.290835 -0.707468 0.050000
v 0.262759 -0.725704 0.050000
v 0.232031 -0.740328 0.050000
v 0.198908 -0.751088 0.050000
v 0.163645 -0.757730 0.050000
v 0.126500 -0.760000 0.050000
v -0.713085 0.194395 0.050000
v -0.699768 0.186574 0.050000
v -0.686437 0.179531 0.050000
v -0.672981 0.173259 0.050000
v -0.659289 0.167751 0.050000
v -0.645250 0.163000 0.050000
v -0.630752 0.158999 0.050000
v -0.615685 0.155741 0.050000
v -0.599937 0.153219 0.050000
v -0.583398 0.151426 0.050000
v -0.565956 0.150355 0.050000
v -0.547500 0.150000 0.050000
v -0.513801 0.152334 0.050000
v -0.482741 0.159093 0.050000
v -0.454375 0.169906 0.050000
v -0.428759 0.184407 0.050000
v -0.405949 0.202228 0.050000
v -0.386000 0.223000 0.050000
v -0.368968 0.246355 0.050000
v -0.354907 0.271926 0.050000
v -0.343875 0.299344 0.050000
v -0.335926 0.328241 0.050000
v -0.331116 0.358249 0.050000
v -0.329500 0.389000 0.050000
v -0.331264 0.422056 0.050000
v -0.336444 0.453111 0.050000
v -0.344875 0.482000 0.050000
v -0.356389 0.508556 0.050000
v -0.370819 0.532611 0.050000
v -0.388000 0.554000 0.050000
v -0.407764 0.572556 0.050000
v -0.429944 0.588111 0.050000
v -0.454375 0.600500 0.050000
v -0.480889 0.609556 0.050000
v -0.509319 0.615111 0.050000
v -0.539500 0.617000 0.050000
v -0.568335 0.615310 0.050000
v -0.595264 0.610232 0.050000
v -0.620172 0.601750 0.050000
v -0.642944 0.589852 0.050000
v -0.663467 0.574523 0.050000
v -0.681625 0.555750 0.050000
v -0.697304 0.533518 0.050000
v -0.710389 0.507815 0.050000
v -0.720766 0.478625 0.050000
v -0.728319 0.445935 0.050000
v -0.732936 0.409731 0.050000
v -0.734500 0.370000 0.050000
v -0.418500 0.370000 0.050000
v -0.422770 0.348647 0.050000
v -0.428574 0.329097 0.050000
v -0.435906 0.311359 0.050000
v -0.444759 0.295444 0.050000
v -0.455126 0.281363 0.050000
v -0.467000 0.269125 0.050000
v -0.480374 0.258741 0.050000
v -0.495241 0.250222 0.050000
v -0.511594 0.243578 0.050000
v -0.529426 0.238819 0.050000
v -0.548730 0.235957 0.050000
v -0.569500 0.235000 0.050000
v -0.582940 0.235413 0.050000
v -0.596269 0.236639 0.050000
v -0.609500 0.238656 0.050000
v -0.622648 0.241444 0.050000
v -0.635727 0.244983 0.050000
v -0.648750 0.249250 0.050000
v -0.661731 0.254226 0.050000
v -0.674685 0.259889 0.050000
v -0.687625 0.266219 0.050000
v -0.700565 0.273194 0.050000
v -0.713518 0.280795 0.050000
v -0.726500 0.289000 0.050000
v -0.726500 0.203000 0.050000
v -0.645007 0.445469 0.050000
v -0.642056 0.460833 0.050000
v -0.637687 0.475031 0.050000
v -0.631944 0.488000 0.050000
v -0.624868 0.499677 0.050000
v -0.616500 0.510000 0.050000
v -0.606882 0.518906 0.050000
v -0.596056 0.526333 0.050000
v -0.584062 0.532219 0.050000
v -0.570944 0.536500 0.050000
v -0.556743 0.539115 0.050000
v -0.541500 0.540000 0.050000
v -0.525064 0.539172 0.050000
v -0.509759 0.536708 0.050000
v -0.495594 0.532641 0.050000
v -0.482574 0.527000 0.050000
v -0.470707 0.519818 0.050000
v -0.460000 0.511125 0.050000
v -0.450459 0.500953 0.050000
v -0.442093 0.489333 0.050000
v -0.434906 0.476297 0.050000
v -0.428907 0.461875 0.050000
v -0.424103 0.446099 0.050000
v -0.420500 0.429000 0.050000
v -0.646500 0.429000 0.050000
v 0.334500 0.549000 0.050000
v 0.323061 0.560001 0.050000
v 0.311741 0.570009 0.050000
v 0.300531 0.579031 0.050000
v 0.289426 0.587074 0.050000
v 0.278418 0.594145 0.050000
v 0.267500 0.600250 0.050000
v 0.256666 0.605397 0.050000
v 0.245908 0.609593 0.050000
v 0.235219 0.612844 0.050000
v 0.224593 0.615157 0.050000
v 0.214022 0.616540 0.050000
v 0.203500 0.617000 0.050000
v 0.189462 0.616418 0.050000
v 0.175866 0.614681 0.050000
v 0.162734 0.611797 0.050000
v 0.150093 0.607778 0.050000
v 0.137965 0.602634 0.050000
v 0.126375 0.596375 0.050000
v 0.115348 0.589012 0.050000
v 0.104907 0.580556 0.050000
v 0.095078 0.571016 0.050000
v 0.085884 0.560403 0.050000
v 0.077350 0.548727 0.050000
v 0.069500 0.536000 0.050000
v 0.059578 0.546837 0.050000
v 0.049292 0.557278 0.050000
v 0.038609 0.567219 0.050000
v 0.027500 0.576556 0.050000
v 0.015932 0.585184 0.050000
v 0.003875 0.593000 0.050000
v -0.008703 0.599899 0.050000
v -0.021833 0.605778 0.050000
v -0.035547 0.610531 0.050000
v -0.049875 0.614056 0.050000
v -0.064849 0.616247 0.050000
v -0.080500 0.617000 0.050000
v -0.102548 0.615561 0.050000
v -0.123134 0.611324 0.050000
v -0.142172 0.604406 0.050000
v -0.159574 0.594926 0.050000
v -0.175254 0.583001 0.050000
v -0.189125 0.568750 0.050000
v -0.201100 0.552290 0.050000
v -0.211093 0.533741 0.050000
v -0.219016 0.513219 0.050000
v -0.224782 0.490843 0.050000
v -0.228306 0.466730 0.050000
v -0.229500 0.441000 0.050000
v -0.229500 0.159000 0.050000
v -0.140500 0.159000 0.050000
v -0.140500 0.437000 0.050000
v -0.139644 0.453351 0.050000
v -0.137153 0.468389 0.050000
v -0.133141 0.482094 0.050000
v -0.127722 0.494444 0.050000
v -0.121012 0.505420 0.050000
v -0.113125 0.515000 0.050000
v -0.104175 0.523163 0.050000
v -0.094278 0.529889 0.050000
v -0.083547 0.535156 0.050000
v -0.072097 0.538944 0.050000
v -0.060043 0.541233 0.050000
v -0.047500 0.542000 0.050000
v -0.040051 0.541719 0.050000
v -0.032245 0.540417 0.050000
v -0.024141 0.538156 0.050000
v -0.015796 0.535000 0.050000
v -0.007271 0.531010 0.050000
v 0.001375 0.526250 0.050000
v 0.010084 0.520781 0.050000
v 0.018796 0.514667 0.050000
v 0.027453 0.507969 0.050000
v 0.035995 0.500750 0.050000
v 0.044364 0.493073 0.050000
v 0.052500 0.485000 0.050000
v 0.052500 0.159000 0.050000
v 0.141500 0.159000 0.050000
v 0.141500 0.438000 0.050000
v 0.142254 0.455381 0.050000
v 0.144445 0.471051 0.050000
v 0.147969 0.485047 0.050000
v 0.152722 0.497407 0.050000
v 0.158601 0.508171 0.050000
v 0.165500 0.517375 0.050000
v 0.173316 0.525058 0.050000
v 0.181945 0.531259 0.050000
v 0.191281 0.536016 0.050000
v 0.201222 0.539366 0.050000
v 0.211663 0.541348 0.050000
v 0.222500 0.542000 0.050000
v 0.233450 0.541700 0.050000
v 0.243852 0.540764 0.050000
v 0.253781 0.539141 0.050000
v 0.263315 0.536778 0.050000
v 0.272529 0.533623 0.050000
v 0.281500 0.529625 0.050000
v 0.290305 0.524731 0.050000
v 0.299019 0.518889 0.050000
v 0.307719 0.512047 0.050000
v 0.316482 0.504153 0.050000
v 0.325383 0.495154 0.050000
v 0.334500 0.485000 0.050000
v 0.334500 0.159000 0.050000
v 0.423500 0.159000 0.050000
v 0.423500 0.608000 0.050000
v 0.334500 0.608000 0.050000
v 0.508270 0.178639 0.050000
v 0.517162 0.173032 0.050000
v 0.525297 0.168141 0.050000
v 0.532796 0.163926 0.050000
v 0.539782 0.160350 0.050000
v 0.546375 0.157375 0.050000
v 0.552697 0.154962 0.050000
v 0.558870 0.153074 0.050000
v 0.565016 0.151672 0.050000
v 0.571255 0.150718 0.050000
v 0.577709 0.150173 0.050000
v 0.584500 0.150000 0.050000
v 0.593878 0.150294 0.050000
v 0.602523 0.151185 0.050000
v 0.610453 0.152687 0.050000
v 0.617685 0.154815 0.050000
v 0.624237 0.157581 0.050000
v 0.630125 0.161000 0.050000
v 0.635368 0.165086 0.050000
v 0.639982 0.169852 0.050000
v 0.643984 0.175312 0.050000
v 0.647394 0.181481 0.050000
v 0.650226 0.188373 0.050000
v 0.652500 0.196000 0.050000
v 0.662291 0.188583 0.050000
v 0.672158 0.181829 0.050000
v 0.682094 0.175734 0.050000
v 0.692093 0.170296 0.050000
v 0.702147 0.165511 0.050000
v 0.712250 0.161375 0.050000
v 0.722395 0.157885 0.050000
v 0.732574 0.155037 0.050000
v 0.742781 0.152828 0.050000
v 0.753009 0.151255 0.050000
v 0.763251 0.150313 0.050000
v 0.773500 0.150000 0.050000
v 0.789529 0.151057 0.050000
v 0.804565 0.154120 0.050000
v 0.818531 0.159031 0.050000
v 0.831352 0.165630 0.050000
v 0.842950 0.173756 0.050000
v 0.853250 0.183250 0.050000
v 0.862175 0.193952 0.050000
v 0.869648 0.205704 0.050000
v 0.875594 0.218344 0.050000
v 0.879935 0.231713 0.050000
v 0.882596 0.245652 0.050000
v 0.883500 0.260000 0.050000
v 0.881865 0.280994 0.050000
v 0.877167 0.299616 0.050000
v 0.869719 0.316078 0.050000
v 0.859833 0.330593 0.050000
v 0.847823 0.343371 0.050000
v 0.834000 0.354625 0.050000
v 0.818677 0.364567 0.050000
v 0.802167 0.373407 0.050000
v 0.784781 0.381359 0.050000
v 0.766833 0.388634 0.050000
v 0.748636 0.395444 0.050000
v 0.730500 0.402000 0.050000
v 0.651500 0.430000 0.050000
v 0.651500 0.454000 0.050000
v 0.652063 0.467318 0.050000
v 0.653750 0.479296 0.050000
v 0.656563 0.489969 0.050000
v 0.660500 0.499370 0.050000
v 0.665563 0.507536 0.050000
v 0.671750 0.514500 0.050000
v 0.679063 0.520297 0.050000
v 0.687500 0.524963 0.050000
v 0.697063 0.528531 0.050000
v 0.707750 0.531037 0.050000
v 0.719563 0.532515 0.050000
v 0.732500 0.533000 0.050000
v 0.744766 0.532518 0.050000
v 0.757046 0.531060 0.050000
v 0.769313 0.528609 0.050000
v 0.781537 0.525148 0.050000
v 0.793692 0.520659 0.050000
v 0.805750 0.515125 0.050000
v 0.817683 0.508528 0.050000
v 0.829463 0.500852 0.050000
v 0.841063 0.492078 0.050000
v 0.852454 0.482190 0.050000
v 0.863609 0.471170 0.050000
v 0.874500 0.459000 0.050000
v 0.874500 0.556000 0.050000
v 0.865457 0.565813 0.050000
v 0.855824 0.574755 0.050000
v 0.845594 0.582828 0.050000
v 0.834759 0.590037 0.050000
v 0.823314 0.596385 0.050000
v 0.811250 0.601875 0.050000
v 0.798561 0.606511 0.050000
v 0.785241 0.610296 0.050000
v 0.771281 0.613234 0.050000
v 0.756676 0.615329 0.050000
v 0.741418 0.616583 0.050000
v 0.725500 0.617000 0.050000
v 0.703176 0.616036 0.050000
v 0.681829 0.613120 0.050000
v 0.661641 0.608219 0.050000
v 0.642796 0.601296 0.050000
v 0.625480 0.592318 0.050000
v 0.609875 0.581250 0.050000
v 0.596166 0.568057 0.050000
v 0.584537 0.552704 0.050000
v 0.575172 0.535156 0.050000
v 0.568255 0.515380 0.050000
v 0.563969 0.493339 0.050000
v 0.562500 0.469000 0.050000
v 0.562500 0.238000 0.050000
v 0.562376 0.233976 0.050000
v 0.562005 0.230393 0.050000
v 0.561391 0.227234 0.050000
v 0.560537 0.224481 0.050000
v 0.559447 0.222117 0.050000
v 0.558125 0.220125 0.050000
v 0.556574 0.218487 0.050000
v 0.554796 0.217185 0.050000
v 0.552797 0.216203 0.050000
v 0.550579 0.215523 0.050000
v 0.548145 0.215128 0.050000
v 0.545500 0.215000 0.050000
v 0.543067 0.215186 0.050000
v 0.540282 0.215736 0.050000
v 0.537172 0.216641 0.050000
v 0.533759 0.217889 0.050000
v 0.530069 0.219470 0.050000
v 0.526125 0.221375 0.050000
v 0.521952 0.223592 0.050000
v 0.517574 0.226111 0.050000
v 0.513016 0.228922 0.050000
v 0.508301 0.232014 0.050000
v 0.503454 0.235377 0.050000
v 0.498500 0.239000 0.050000
v 0.498500 0.185000 0.050000
v 0.670259 0.374484 0.050000
v 0.688408 0.367875 0.050000
v 0.705750 0.361078 0.050000
v 0.722093 0.354000 0.050000
v 0.737241 0.346547 0.050000
v 0.751000 0.338625 0.050000
v 0.763176 0.330141 0.050000
v 0.773574 0.321000 0.050000
v 0.782000 0.311109 0.050000
v 0.788259 0.300375 0.050000
v 0.792158 0.288703 0.050000
v 0.793500 0.276000 0.050000
v 0.792947 0.266988 0.050000
v 0.791329 0.258486 0.050000
v 0.788703 0.250547 0.050000
v 0.785130 0.243222 0.050000
v 0.780667 0.236564 0.050000
v 0.775375 0.230625 0.050000
v 0.769312 0.225457 0.050000
v 0.762537 0.221111 0.050000
v 0.755109 0.217641 0.050000
v 0.747088 0.215097 0.050000
v 0.738532 0.213533 0.050000
v 0.729500 0.213000 0.050000
v 0.722542 0.213289 0.050000
v 0.715667 0.214143 0.050000
v 0.708875 0.215547 0.050000
v 0.702167 0.217481 0.050000
v 0.695542 0.219930 0.050000
v 0.689000 0.222875 0.050000
v 0.682542 0.226299 0.050000
v 0.676167 0.230185 0.050000
v 0.669875 0.234516 0.050000
v 0.663667 0.239273 0.050000
v 0.657542 0.244440 0.050000
v 0.651500 0.250000 0.050000
v 0.651500 0.381000 0.050000
v 0.998918 0.196495 0.050000
v 1.020759 0.187963 0.050000
v 1.042156 0.180375 0.050000
v 1.063241 0.173704 0.050000
v 1.084145 0.167921 0.050000
v 1.105000 0.163000 0.050000
v 1.125939 0.158912 0.050000
v 1.147093 0.155630 0.050000
v 1.168594 0.153125 0.050000
v 1.190574 0.151370 0.050000
v 1.213166 0.150338 0.050000
v 1.236500 0.150000 0.050000
v 1.287547 0.152988 0.050000
v 1.335958 0.161741 0.050000
v 1.381391 0.175938 0.050000
v 1.423500 0.195259 0.050000
v 1.461943 0.219387 0.050000
v 1.496375 0.248000 0.050000
v 1.526453 0.280780 0.050000
v 1.551834 0.317407 0.050000
v 1.572172 0.357562 0.050000
v 1.587125 0.400926 0.050000
v 1.596349 0.447178 0.050000
v 1.599500 0.496000 0.050000
v 1.596271 0.545189 0.050000
v 1.586833 0.592014 0.050000
v 1.571563 0.636109 0.050000
v 1.550833 0.677111 0.050000
v 1.525021 0.714655 0.050000
v 1.494500 0.748375 0.050000
v 1.459646 0.777908 0.050000
v 1.420833 0.802889 0.050000
v 1.378438 0.822953 0.050000
v 1.332833 0.837736 0.050000
v 1.284396 0.846873 0.050000
v 1.233500 0.850000 0.050000
v 1.213957 0.849718 0.050000
v 1.195153 0.848829 0.050000
v 1.176828 0.847266 0.050000
v 1.158722 0.844963 0.050000
v 1.140575 0.841855 0.050000
v 1.122125 0.837875 0.050000
v 1.103113 0.832958 0.050000
v 1.083278 0.827037 0.050000
v 1.062359 0.820047 0.050000
v 1.040097 0.811921 0.050000
v 1.016231 0.802594 0.050000
v 0.990500 0.792000 0.050000
v 0.990500 0.693000 0.050000
v 1.010560 0.703561 0.050000
v 1.030732 0.713241 0.050000
v 1.051000 0.722031 0.050000
v 1.071352 0.729926 0.050000
v 1.091773 0.736918 0.050000
v 1.112250 0.743000 0.050000
v 1.132769 0.748166 0.050000
v 1.153315 0.752407 0.050000
v 1.173875 0.755719 0.050000
v 1.194435 0.758093 0.050000
v 1.214982 0.759522 0.050000
v 1.235500 0.760000 0.050000
v 1.271765 0.757691 0.050000
v 1.306370 0.750944 0.050000
v 1.339031 0.740031 0.050000
v 1.369463 0.725222 0.050000
v 1.397381 0.706788 0.050000
v 1.422500 0.685000 0.050000
v 1.444536 0.660128 0.050000
v 1.463204 0.632444 0.050000
v 1.478219 0.602219 0.050000
v 1.489296 0.569722 0.050000
v 1.496152 0.535226 0.050000
v 1.498500 0.499000 0.050000
v 1.496163 0.461973 0.050000
v 1.489306 0.427037 0.050000
v 1.478156 0.394406 0.050000
v 1.462945 0.364296 0.050000
v 1.443900 0.336922 0.050000
v 1.421250 0.312500 0.050000
v 1.395226 0.291244 0.050000
v 1.366056 0.273370 0.050000
v 1.333969 0.259094 0.050000
v 1.299195 0.248630 0.050000
v 1.261962 0.242193 0.050000
v 1.222500 0.240000 0.050000
v 1.209352 0.240245 0.050000
v 1.196398 0.240958 0.050000
v 1.183625 0.242109 0.050000
v 1.171019 0.243667 0.050000
v 1.158565 0.245599 0.050000
v 1.146250 0.247875 0.050000
v 1.134060 0.250464 0.050000
v 1.121982 0.253333 0.050000
v 1.110000 0.256453 0.050000
v 1.098102 0.259792 0.050000
v 1.086273 0.263318 0.050000
v 1.074500 0.267000 0.050000
v 1.074500 0.407000 0.050000
v 1.205500 0.407000 0.050000
v 1.205500 0.495000 0.050000
v 0.976500 0.495000 0.050000
v 0.976500 0.206000 0.050000
v 0.998918 0.196495 0.050000
v 0.998918 0.196495 -0.050000
v 1.020759 0.187963 0.050000
v 1.020759 0.187963 -0.050000
v 1.042156 0.180375 0.050000
v 1.042156 0.180375 -0.050000
v 1.063241 0.173704 0.050000
v 1.063241 0.173704 -0.050000
v 1.084145 0.167921 0.050000
v 1.084145 0.167921 -0.050000
v 1.105000 0.163000 0.050000
v 1.105000 0.163000 -0.050000
v 1.125939 0.158912 0.050000
v 1.125939 0.158912 -0.050000
v 1.147093 0.155630 0.050000
v 1.147093 0.155630 -0.050000
v 1.168594 0.153125 0.050000
v 1.168594 0.153125 -0.050000
v 1.190574 0.151370 0.050000
v 1.190574 0.151370 -0.050000
v 1.213166 0.150338 0.050000
v 1.213166 0.150338 -0.050000
v 1.236500 0.150000 0.050000
v 1.236500 0.150000 -0.050000
v 1.287547 0.152988 0.050000
v 1.287547 0.152988 -0.050000
v 1.335958 0.161741 0.050000
v 1.335958 0.161741 -0.050000
v 1.381391 0.175938 0.050000
v 1.381391 0.175938 -0.050000
v 1.423500 0.195259 0.050000
v 1.423500 0.195259 -0.050000
v 1.461943 0.219387 0.050000
v 1.461943 0.219387 -0.050000
v 1.496375 0.248000 0.050000
v 1.496375 0.248000 -0.050000
v 1.526453 0.280780 0.050000
v 1.526453 0.280780 -0.050000
v 1.551834 0.317407 0.050000
v 1.551834 0.317407 -0.050000
v 1.572172 0.357562 0.050000
v 1.572172 0.357562 -0.050000
v 1.587125 0.400926 0.050000
v 1.587125 0.400926 -0.050000
v 1.596349 0.447178 0.050000
v 1.596349 0.447178 -0.050000
v 1.599500 0.496000 0.050000
v 1.599500 0.496000 -0.050000
v 1.596271 0.545189 0.050000
v 1.596271 0.545189 -0.050000
v 1.586833 0.592014 0.050000
v 1.586833 0.592014 -0.050000
v 1.571563 0.636109 0.050000
v 1.571563 0.636109 -0.050000
v 1.550833 0.677111 0.050000
v 1.550833 0.677111 -0.050000
v 1.525021 0.714655 0.050000
v 1.525021 0.714655 -0.050000
v 1.494500 0.748375 0.050000
v 1.494500 0.748375 -0.050000
v 1.459646 0.777908 0.050000
v 1.459646 0.777908 -0.050000
v 1.420833 0.802889 0.050000
v 1.420833 0.802889 -0.050000
v 1.378438 0.822953 0.050000
v 1.378438 0.822953 -0.050000
v 1.332833 0.837736 0.050000
v 1.332833 0.837736 -0.050000
v 1.284396 0.846873 0.050000
v 1.284396 0.846873 -0.050000
v 1.233500 0.850000 0.050000
v 1.233500 0.850000 -0.050000
v 1.213957 0.849718 0.050000
v 1.213957 0.849718 -0.050000
v 1.195153 0.848829 0.050000
v 1.195153 0.848829 -0.050000
v 1.176828 0.847266 0.050000
v 1.176828 0.847266 -0.050000
v 1.158722 0.844963 0.050000
v 1.158722 0.844963 -0.050000
v 1.140575 0.841855 0.050000
v 1.140575 0.841855 -0.050000
v 1.122125 0.837875 0.050000
v 1.122125 0.837875 -0.050000
v 1.103113 0.832958 0.050000
v 1.103113 0.832958 -0.050000
v 1.083278 0.827037 0.050000
v 1.083278 0.827037 -0.050000
v 1.062359 0.820047 0.050000
v 1.062359 0.820047 -0.050000
v 1.040097 0.811921 0.050000
v 1.040097 0.811921 -0.050000
v 1.016231 0.802594 0.050000
v 1.016231 0.802594 -0.050000
v 0.990500 0.792000 0.050000
v 0.990500 0.792000 -0.050000
v 0.990500 0.693000 0.050000
v 0.990500 0.693000 -0.050000
v 1.010560 0.703561 0.050000
v 1.010560 0.703561 -0.050000
v 1.030732 0.713241 0.050000
v 1.030732 0.713241 -0.050000
v 1.051000 0.722031 0.050000
v 1.051000 0.722031 -0.050000
v 1.071352 0.729926 0.050000
v 1.071352 0.729926 -0.050000
v 1.091773 0.736918 0.050000
v 1.091773 0.736918 -0.050000
v 1.112250 0.743000 0.050000
v 1.112250 0.743000 -0.050000
v 1.132769 0.748166 0.050000
v 1.132769 0.748166 -0.050000
v 1.153315 0.752407 0.050000
v 1.153315 0.752407 -0.050000
v 1.173875 0.755719 0.050000
v 1.173875 0.755719 -0.050000
v 1.194435 0.758093 0.050000
v 1.194435 0.758093 -0.050000
v 1.214982 0.759522 0.050000
v 1.214982 0.759522 -0.050000
v 1.235500 0.760000 0.050000
v 1.235500 0.760000 -0.050000
v 1.271765 0.757691 0.050000
v 1.271765 0.757691 -0.050000
v 1.306370 0.750944 0.050000
v 1.306370 0.750944 -0.050000
v 1.339031 0.740031 0.050000
v 1.339031 0.740031 -0.050000
v 1.369463 0.725222 0.050000
v 1.369463 0.725222 -0.050000
v 1.397381 0.706788 0.050000
v 1.397381 0.706788 -0.050000
v 1.422500 0.685000 0.050000
v 1.422500 0.685000 -0.050000
v 1.444536 0.660128 0.050000
v 1.444536 0.660128 -0.050000
v 1.463204 0.632444 0.050000
v 1.463204 0.632444 -0.050000
v 1.478219 0.602219 0.050000
v 1.478219 0.602219 -0.050000
v 1.489296 0.569722 0.050000
v 1.489296 0.569722 -0.050000
v 1.496152 0.535226 0.050000
v 1.496152 0.535226 -0.050000
v 1.498500 0.499000 0.050000
v 1.498500 0.499000 -0.050000
v 1.496163 0.461973 0.050000
v 1.496163 0.461973 -0.050000
v 1.489306 0.427037 0.050000
v 1.489306 0.427037 -0.050000
v 1.478156 0.394406 0.050000
v 1.478156 0.394406 -0.050000
v 1.462945 0.364296 0.050000
v 1.462945 0.364296 -0.050000
v 1.443900 0.336922 0.050000
v 1.443900 0.336922 -0.050000
v 1.421250 0.312500 0.050000
v 1.421250 0.312500 -0.050000
v 1.395226 0.291244 0.050000
v 1.395226 0.291244 -0.050000
v 1.366056 0.273370 0.050000
v 1.366056 0.273370 -0.050000
v 1.333969 0.259094 0.050000
v 1.333969 0.259094 -0.050000
v 1.299195 0.248630 0.050000
v 1.299195 0.248630 -0.050000
v 1.261962 0.242193 0.050000
v 1.261962 0.242193 -0.050000
v 1.222500 0.240000 0.050000
v 1.222500 0.240000 -0.050000
v 1.209352 0.240245 0.050000
v 1.209352 0.240245 -0.050000
v 1.196398 0.240958 0.050000
v 1.196398 0.240958 -0.050000
v 1.183625 0.242109 0.050000
v 1.183625 0.242109 -0.050000
v 1.171019 0.243667 0.050000
v 1.171019 0.243667 -0.050000
v 1.158565 0.245599 0.050000
v 1.158565 0.245599 -0.050000
v 1.146250 0.247875 0.050000
v 1.146250 0.247875 -0.050000
v 1.134060 0.250464 0.050000
v 1.134060 0.250464 -0.050000
v 1.121982 0.253333 0.050000
v 1.121982 0.253333 -0.050000
v 1.110000 0.256453 0.050000
v 1.110000 0.256453 -0.050000
v 1.098102 0.259792 0.050000
v 1.098102 0.259792 -0.050000
v 1.086273 0.263318 0.050000
v 1.086273 0.263318 -0.050000
v 1.074500 0.267000 0.050000
v 1.074500 0.267000 -0.050000
v 1.074500 0.407000 0.050000
v 1.074500 0.407000 -0.050000
v 1.205500 0.407000 0.050000
v 1.205500 0.407000 -0.050000
v 1.205500 0.495000 0.050000
v 1.205500 0.495000 -0.050000
v 0.976500 0.495000 0.050000
v 0.976500 0.495000 -0.050000
v 0.976500 0.206000 0.050000
v 0.976500 0.206000 -0.050000
v 0.508270 0.178639 0.050000
v 0.508270 0.178639 -0.050000
v 0.517162 0.173032 0.050000
v 0.517162 0.173032 -0.050000
v 0.525297 0.168141 0.050000
v 0.525297 0.168141 -0.050000
v 0.532796 0.163926 0.050000
v 0.532796 0.163926 -0.050000
v 0.539782 0.160350 0.050000
v 0.539782 0.160350 -0.050000
v 0.546375 0.157375 0.050000
v 0.546375 0.157375 -0.050000
v 0.552697 0.154962 0.050000
v 0.552697 0.154962 -0.050000
v 0.558870 0.153074 0.050000
v 0.558870 0.153074 -0.050000
v 0.565016 0.151672 0.050000
v 0.565016 0.151672 -0.050000
v 0.571255 0.150718 0.050000
v 0.571255 0.150718 -0.050000
v 0.577709 0.150173 0.050000
v 0.577709 0.150173 -0.050000
v 0.584500 0.150000 0.050000
v 0.584500 0.150000 -0.050000
v 0.593878 0.150294 0.050000
v 0.593878 0.150294 -0.050000
v 0.602523 0.151185 0.050000
v 0.602523 0.151185 -0.050000
v 0.610453 0.152687 0.050000
v 0.610453 0.152687 -0.050000
v 0.617685 0.154815 0.050000
v 0.617685 0.154815 -0.050000
v 0.624237 0.157581 0.050000
v 0.624237 0.157581 -0.050000
v 0.630125 0.161000 0.050000
v 0.630125 0.161000 -0.050000
v 0.635368 0.165086 0.050000
v 0.635368 0.165086 -0.050000
v 0.639982 0.169852 0.050000
v 0.639982 0.169852 -0.050000
v 0.643984 0.175312 0.050000
v 0.643984 0.175312 -0.050000
v 0.647394 0.181481 0.050000
v 0.647394 0.181481 -0.050000
v 0.650226 0.188373 0.050000
v 0.650226 0.188373 -0.050000
v 0.652500 0.196000 0.050000
v 0.652500 0.196000 -0.050000
v 0.662291 0.188583 0.050000
v 0.662291 0.188583 -0.050000
v 0.672158 0.181829 0.050000
v 0.672158 0.181829 -0.050000
v 0.682094 0.175734 0.050000
v 0.682094 0.175734 -0.050000
v 0.692093 0.170296 0.050000
v 0.692093 0.170296 -0.050000
v 0.702147 0.165511 0.050000
v 0.702147 0.165511 -0.050000
v 0.712250 0.161375 0.050000
v 0.712250 0.161375 -0.050000
v 0.722395 0.157885 0.050000
v 0.722395 0.157885 -0.050000
v 0.732574 0.155037 0.050000
v 0.732574 0.155037 -0.050000
v 0.742781 0.152828 0.050000
v 0.742781 0.152828 -0.050000
v 0.753009 0.151255 0.050000
v 0.753009 0.151255 -0.050000
v 0.763251 0.150313 0.050000
v 0.763251 0.150313 -0.050000
v 0.773500 0.150000 0.050000
v 0.773500 0.150000 -0.050000
v 0.789529 0.151057 0.050000
v 0.789529 0.151057 -0.050000
v 0.804565 0.154120 0.050000
v 0.804565 0.154120 -0.050000
v 0.818531 0.159031 0.050000
v 0.818531 0.159031 -0.050000
v 0.831352 0.165630 0.050000
v 0.831352 0.165630 -0.050000
v 0.842950 0.173756 0.050000
v 0.842950 0.173756 -0.050000
v 0.853250 0.183250 0.050000
v 0.853250 0.183250 -0.050000
v 0.862175 0.193952 0.050000
v 0.862175 0.193952 -0.050000
v 0.869648 0.205704 0.050000
v 0.869648 0.205704 -0.050000
v 0.875594 0.218344 0.050000
v 0.875594 0.218344 -0.050000
v 0.879935 0.231713 0.050000
v 0.879935 0.231713 -0.050000
v 0.882596 0.245652 0.050000
v 0.882596 0.245652 -0.050000
v 0.883500 0.260000 0.050000
v 0.883500 0.260000 -0.050000
v 0.881865 0.280994 0.050000
v 0.881865 0.280994 -0.050000
v 0.877167 0.299616 0.050000
v 0.877167 0.299616 -0.050000
v 0.869719 0.316078 0.050000
v 0.869719 0.316078 -0.050000
v 0.859833 0.330593 0.050000
v 0.859833 0.330593 -0.050000
v 0.847823 0.343371 0.050000
v 0.847823 0.343371 -0.050000
v 0.834000 0.354625 0.050000
v 0.834000 0.354625 -0.050000
v 0.818677 0.364567 0.050000
v 0.818677 0.364567 -0.050000
v 0.802167 0.373407 0.050000
v 0.802167 0.373407 -0.050000
v 0.784781 0.381359 0.050000
v 0.784781 0.381359 -0.050000
v 0.766833 0.388634 0.050000
v 0.766833 0.388634 -0.050000
v 0.748636 0.395444 0.050000
v 0.748636 0.395444 -0.050000
v 0.730500 0.402000 0.050000
v 0.730500 0.402000 -0.050000
v 0.651500 0.430000 0.050000
v 0.651500 0.430000 -0.050000
v 0.651500 0.454000 0.050000
v 0.651500 0.454000 -0.050000
v 0.652063 0.467318 0.050000
v 0.652063 0.467318 -0.050000
v 0.653750 0.479296 0.050000
v 0.653750 0.479296 -0.050000
v 0.656563 0.489969 0.050000
v 0.656563 0.489969 -0.050000
v 0.660500 0.499370 0.050000
v 0.660500 0.499370 -0.050000
v 0.665563 0.507536 0.050000
v 0.665563 0.507536 -0.050000
v 0.671750 0.514500 0.050000
v 0.671750 0.514500 -0.050000
v 0.679063 0.520297 0.050000
v 0.679063 0.520297 -0.050000
v 0.687500 0.524963 0.050000
v 0.687500 0.524963 -0.050000
v 0.697063 0.528531 0.050000
v 0.697063 0.528531 -0.050000
v 0.707750 0.531037 0.050000
v 0.707750 0.531037 -0.050000
v 0.719563 0.532515 0.050000
v 0.719563 0.532515 -0.050000
v 0.732500 0.533000 0.050000
v 0.732500 0.533000 -0.050000
v 0.744766 0.532518 0.050000
v 0.744766 0.532518 -0.050000
v 0.757046 0.531060 0.050000
v 0.757046 0.531060 -0.050000
v 0.769313 0.528609 0.050000
v 0.769313 0.528609 -0.050000
v 0.781537 0.525148 0.050000
v 0.781537 0.525148 -0.050000
v 0.793692 0.520659 0.050000
v 0.793692 0.520659 -0.050000
v 0.805750 0.515125 0.050000
v 0.805750 0.515125 -0.050000
v 0.817683 0.508528 0.050000
v 0.817683 0.508528 -0.050000
v 0.829463 0.500852 0.050000
v 0.829463 0.500852 -0.050000
v 0.841063 0.492078 0.050000
v 0.841063 0.492078 -0.050000
v 0.852454 0.482190 0.050000
v 0.852454 0.482190 -0.050000
v 0.863609 0.471170 0.050000
v 0.863609 0.471170 -0.050000
v 0.874500 0.459000 0.050000
v 0.874500 0.459000 -0.050000
v 0.874500 0.556000 0.050000
v 0.874500 0.556000 -0.050000
v 0.865457 0.565813 0.050000
v 0.865457 0.565813 -0.050000
v 0.855824 0.574755 0.050000
v 0.855824 0.574755 -0.050000
v 0.845594 0.582828 0.050000
v 0.845594 0.582828 -0.050000
v 0.834759 0.590037 0.050000
v 0.834759 0.590037 -0.050000
v 0.823314 0.596385 0.050000
v 0.823314 0.596385 -0.050000
v 0.811250 0.601875 0.050000
v 0.811250 0.601875 -0.050000
v 0.798561 0.606511 0.050000
v 0.798561 0.606511 -0.050000
v 0.785241 0.610296 0.050000
v 0.785241 0.610296 -0.050000
v 0.771281 0.613234 0.050000
v 0.771281 0.613234 -0.050000
v 0.756676 0.615329 0.050000
v 0.756676 0.615329 -0.050000
v 0.741418 0.616583 0.050000
v 0.741418 0.616583 -0.050000
v 0.725500 0.617000 0.050000
v 0.725500 0.617000 -0.050000
v 0.703176 0.616036 0.050000
v 0.703176 0.616036 -0.050000
v 0.681829 0.613120 0.050000
v 0.681829 0.613120 -0.050000
v 0.661641 0.608219 0.050000
v 0.661641 0.608219 -0.050000
v 0.642796 0.601296 0.050000
v 0.642796 0.601296 -0.050000
v 0.625480 0.592318 0.050000
v 0.625480 0.592318 -0.050000
v 0.609875 0.581250 0.050000
v 0.609875 0.581250 -0.050000
v 0.596166 0.568057 0.050000
v 0.596166 0.568057 -0.050000
v 0.584537 0.552704 0.050000
v 0.584537 0.552704 -0.050000
v 0.575172 0.535156 0.050000
v 0.575172 0.535156 -0.050000
v 0.568255 0.515380 0.050000
v 0.568255 0.515380 -0.050000
v 0.563969 0.493339 0.050000
v 0.563969 0.493339 -0.050000
v 0.562500 0.469000 0.050000
v 0.562500 0.469000 -0.050000
v 0.562500 0.238000 0.050000
v 0.562500 0.238000 -0.050000
v 0.562376 0.233976 0.050000
v 0.562376 0.233976 -0.050000
v 0.562005 0.230393 0.050000
v 0.562005 0.230393 -0.050000
v 0.561391 0.227234 0.050000
v 0.561391 0.227234 -0.050000
v 0.560537 0.224481 0.050000
v 0.560537 0.224481 -0.050000
v 0.559447 0.222117 0.050000
v 0.559447 0.222117 -0.050000
v 0.558125 0.220125 0.050000
v 0.558125 0.220125 -0.050000
v 0.556574 0.218487 0.050000
v 0.556574 0.218487 -0.050000
v 0.554796 0.217185 0.050000
v 0.554796 0.217185 -0.050000
v 0.552797 0.216203 0.050000
v 0.552797 0.216203 -0.050000
v 0.550579 0.215523 0.050000
v 0.550579 0.215523 -0.050000
v 0.548145 0.215128 0.050000
v 0.548145 0.215128 -0.050000
v 0.545500 0.215000 0.050000
v 0.545500 0.215000 -0.050000
v 0.543067 0.215186 0.050000
v 0.543067 0.215186 -0.050000
v 0.540282 0.215736 0.050000
v 0.540282 0.215736 -0.050000
v 0.537172 0.216641 0.050000
v 0.537172 0.216641 -0.050000
v 0.533759 0.217889 0.050000
v 0.533759 0.217889 -0.050000
v 0.530069 0.219470 0.050000
v 0.530069 0.219470 -0.050000
v 0.526125 0.221375 0.050000
v 0.526125 0.221375 -0.050000
v 0.521952 0.223592 0.050000
v 0.521952 0.223592 -0.050000
v 0.517574 0.226111 0.050000
v 0.517574 0.226111 -0.050000
v 0.513016 0.228922 0.050000
v 0.513016 0.228922 -0.050000
v 0.508301 0.232014 0.050000
v 0.508301 0.232014 -0.050000
v 0.503454 0.235377 0.050000
v 0.503454 0.235377 -0.050000
v 0.498500 0.239000 0.050000
v 0.498500 0.239000 -0.050000
v 0.498500 0.185000 0.050000
v 0.498500 0.185000 -0.050000
v 0.670259 0.374484 0.050000
v 0.670259 0.374484 -0.050000
v 0.688408 0.367875 0.050000
v 0.688408 0.367875 -0.050000
v 0.705750 0.361078 0.050000
v 0.705750 0.361078 -0.050000
v 0.722093 0.354000 0.050000
v 0.722093 0.354000 -0.050000
v 0.737241 0.346547 0.050000
v 0.737241 0.346547 -0.050000
v 0.751000 0.338625 0.050000
v 0.751000 0.338625 -0.050000
v 0.763176 0.330141 0.050000
v 0.763176 0.330141 -0.050000
v 0.773574 0.321000 0.050000
v 0.773574 0.321000 -0.050000
v 0.782000 0.311109 0.050000
v 0.782000 0.311109 -0.050000
v 0.788259 0.300375 0.050000
v 0.788259 0.300375 -0.050000
v 0.792158 0.288703 0.050000
v 0.792158 0.288703 -0.050000
v 0.793500 0.276000 0.050000
v 0.793500 0.276000 -0.050000
v 0.792947 0.266988 0.050000
v 0.792947 0.266988 -0.050000
v 0.791329 0.258486 0.050000
v 0.791329 0.258486 -0.050000
v 0.788703 0.250547 0.050000
v 0.788703 0.250547 -0.050000
v 0.785130 0.243222 0.050000
v 0.785130 0.243222 -0.050000
v 0.780667 0.236564 0.050000
v 0.780667 0.236564 -0.050000
v 0.775375 0.230625 0.050000
v 0.775375 0.230625 -0.050000
v 0.769312 0.225457 0.050000
v 0.769312 0.225457 -0.050000
v 0.762537 0.221111 0.050000
v 0.762537 0.221111 -0.050000
v 0.755109 0.217641 0.050000
v 0.755109 0.217641 -0.050000
v 0.747088 0.215097 0.050000
v 0.747088 0.215097 -0.050000
v 0.738532 0.213533 0.050000
v 0.738532 0.213533 -0.050000
v 0.729500 0.213000 0.050000
v 0.729500 0.213000 -0.050000
v 0.722542 0.213289 0.050000
v 0.722542 0.213289 -0.050000
v 0.715667 0.214143 0.050000
v 0.715667 0.214143 -0.050000
v 0.708875 0.215547 0.050000
v 0.708875 0.215547 -0.050000
v 0.702167 0.217481 0.050000
v 0.702167 0.217481 -0.050000
v 0.695542 0.219930 0.050000
v 0.695542 0.219930 -0.050000
v 0.689000 0.222875 0.050000
v 0.689000 0.222875 -0.050000
v 0.682542 0.226299 0.050000
v 0.682542 0.226299 -0.050000
v 0.676167 0.230185 0.050000
v 0.676167 0.230185 -0.050000
v 0.669875 0.234516 0.050000
v 0.669875 0.234516 -0.050000
v 0.663667 0.239273 0.050000
v 0.663667 0.239273 -0.050000
v 0.657542 0.244440 0.050000
v 0.657542 0.244440 -0.050000
v 0.651500 0.250000 0.050000
v 0.651500 0.250000 -0.050000
v 0.651500 0.381000 0.050000
v 0.651500 0.381000 -0.050000
v 0.334500 0.549000 0.050000
v 0.334500 0.549000 -0.050000
v 0.323061 0.560001 0.050000
v 0.323061 0.560001 -0.050000
v 0.311741 0.570009 0.050000
v 0.311741 0.570009 -0.050000
v 0.300531 0.579031 0.050000
v 0.300531 0.579031 -0.050000
v 0.289426 0.587074 0.050000
v 0.289426 0.587074 -0.050000
v 0.278418 0.594145 0.050000
v 0.278418 0.594145 -0.050000
v 0.267500 0.600250 0.050000
v 0.267500 0.600250 -0.050000
v 0.256666 0.605397 0.050000
v 0.256666 0.605397 -0.050000
v 0.245908 0.609593 0.050000
v 0.245908 0.609593 -0.050000
v 0.235219 0.612844 0.050000
v 0.235219 0.612844 -0.050000
v 0.224593 0.615157 0.050000
v 0.224593 0.615157 -0.050000
v 0.214022 0.616540 0.050000
v 0.214022 0.616540 -0.050000
v 0.203500 0.617000 0.050000
v 0.203500 0.617000 -0.050000
v 0.189462 0.616418 0.050000
v 0.189462 0.616418 -0.050000
v 0.175866 0.614681 0.050000
v 0.175866 0.614681 -0.050000
v 0.162734 0.611797 0.050000
v 0.162734 0.611797 -0.050000
v 0.150093 0.607778 0.050000
v 0.150093 0.607778 -0.050000
v 0.137965 0.602634 0.050000
v 0.137965 0.602634 -0.050000
v 0.126375 0.596375 0.050000
v 0.126375 0.596375 -0.050000
v 0.115348 0.589012 0.050000
v 0.115348 0.589012 -0.050000
v 0.104907 0.580556 0.050000
v 0.104907 0.580556 -0.050000
v 0.095078 0.571016 0.050000
v 0.095078 0.571016 -0.050000
v 0.085884 0.560403 0.050000
v 0.085884 0.560403 -0.050000
v 0.077350 0.548727 0.050000
v 0.077350 0.548727 -0.050000
v 0.069500 0.536000 0.050000
v 0.069500 0.536000 -0.050000
v 0.059578 0.546837 0.050000
v 0.059578 0.546837 -0.050000
v 0.049292 0.557278 0.050000
v 0.049292 0.557278 -0.050000
v 0.038609 0.567219 0.050000
v 0.038609 0.567219 -0.050000
v 0.027500 0.576556 0.050000
v 0.027500 0.576556 -0.050000
v 0.015932 0.585184 0.050000
v 0.015932 0.585184 -0.050000
v 0.003875 0.593000 0.050000
v 0.003875 0.593000 -0.050000
v -0.008703 0.599899 0.050000
v -0.008703 0.599899 -0.050000
v -0.021833 0.605778 0.050000
v -0.021833 0.605778 -0.050000
v -0.035547 0.610531 0.050000
v -0.035547 0.610531 -0.050000
v -0.049875 0.614056 0.050000
v -0.049875 0.614056 -0.050000
v -0.064849 0.616247 0.050000
v -0.064849 0.616247 -0.050000
v -0.080500 0.617000 0.050000
v -0.080500 0.617000 -0.050000
v -0.102548 0.615561 0.050000
v -0.102548 0.615561 -0.050000
v -0.123134 0.611324 0.050000
v -0.123134 0.611324 -0.050000
v -0.142172 0.604406 0.050000
v -0.142172 0.604406 -0.050000
v -0.159574 0.594926 0.050000
v -0.159574 0.594926 -0.050000
v -0.175254 0.583001 0.050000
v -0.175254 0.583001 -0.050000
v -0.189125 0.568750 0.050000
v -0.189125 0.568750 -0.050000
v -0.201100 0.552290 0.050000
v -0.201100 0.552290 -0.050000
v -0.211093 0.533741 0.050000
v -0.211093 0.533741 -0.050000
v -0.219016 0.513219 0.050000
v -0.219016 0.513219 -0.050000
v -0.224782 0.490843 0.050000
v -0.224782 0.490843 -0.050000
v -0.228306 0.466730 0.050000
v -0.228306 0.466730 -0.050000
v -0.229500 0.441000 0.050000
v -0.229500 0.441000 -0.050000
v -0.229500 0.159000 0.050000
v -0.229500 0.159000 -0.050000
v -0.140500 0.159000 0.050000
v -0.140500 0.159000 -0.050000
v -0.140500 0.437000 0.050000
v -0.140500 0.437000 -0.050000
v -0.139644 0.453351 0.050000
v -0.139644 0.453351 -0.050000
v -0.137153 0.468389 0.050000
v -0.137153 0.468389 -0.050000
v -0.133141 0.482094 0.050000
v -0.133141 0.482094 -0.050000
v -0.127722 0.494444 0.050000
v -0.127722 0.494444 -0.050000
v -0.121012 0.505420 0.050000
v -0.121012 0.505420 -0.050000
v -0.113125 0.515000 0.050000
v -0.113125 0.515000 -0.050000
v -0.104175 0.523163 0.050000
v -0.104175 0.523163 -0.050000
v -0.094278 0.529889 0.050000
v -0.094278 0.529889 -0.050000
v -0.083547 0.535156 0.050000
v -0.083547 0.535156 -0.050000
v -0.072097 0.538944 0.050000
v -0.072097 0.538944 -0.050000
v -0.060043 0.541233 0.050000
v -0.060043 0.541233 -0.050000
v -0.047500 0.542000 0.050000
v -0.047500 0.542000 -0.050000
v -0.040051 0.541719 0.050000
v -0.040051 0.541719 -0.050000
v -0.032245 0.540417 0.050000
v -0.032245 0.540417 -0.050000
v -0.024141 0.538156 0.050000
v -0.024141 0.538156 -0.050000
v -0.015796 0.535000 0.050000
v -0.015796 0.535000 -0.050000
v -0.007271 0.531010 0.050000
v -0.007271 0.531010 -0.050000
v 0.001375 0.526250 0.050000
v 0.001375 0.526250 -0.050000
v 0.010084 0.520781 0.050000
v 0.010084 0.520781 -0.050000
v 0.018796 0.514667 0.050000
v 0.018796 0.514667 -0.050000
v 0.027453 0.507969 0.050000
v 0.027453 0.507969 -0.050000
v 0.035995 0.500750 0.050000
v 0.035995 0.500750 -0.050000
v 0.044364 0.493073 0.050000
v 0.044364 0.493073 -0.050000
v 0.052500 0.485000 0.050000
v 0.052500 0.485000 -0.050000
v 0.052500 0.159000 0.050000
v 0.052500 0.159000 -0.050000
v 0.141500 0.159000 0.050000
v 0.141500 0.159000 -0.050000
v 0.141500 0.438000 0.050000
v 0.141500 0.438000 -0.050000
v 0.142254 0.455381 0.050000
v 0.142254 0.455381 -0.050000
v 0.144445 0.471051 0.050000
v 0.144445 0.471051 -0.050000
v 0.147969 0.485047 0.050000
v 0.147969 0.485047 -0.050000
v 0.152722 0.497407 0.050000
v 0.152722 0.497407 -0.050000
v 0.158601 0.508171 0.050000
v 0.158601 0.508171 -0.050000
v 0.165500 0.517375 0.050000
v 0.165500 0.517375 -0.050000
v 0.173316 0.525058 0.050000
v 0.173316 0.525058 -0.050000
v 0.181945 0.531259 0.050000
v 0.181945 0.531259 -0.050000
v 0.191281 0.536016 0.050000
v 0.191281 0.536016 -0.050000
v 0.201222 0.539366 0.050000
v 0.201222 0.539366 -0.050000
v 0.211663 0.541348 0.050000
v 0.211663 0.541348 -0.050000
v 0.222500 0.542000 0.050000
v 0.222500 0.542000 -0.050000
v 0.233450 0.541700 0.050000
v 0.233450 0.541700 -0.050000
v 0.243852 0.540764 0.050000
v 0.243852 0.540764 -0.050000
v 0.253781 0.539141 0.050000
v 0.253781 0.539141 -0.050000
v 0.263315 0.536778 0.050000
v 0.263315 0.536778 -0.050000
v 0.272529 0.533623 0.050000
v 0.272529 0.533623 -0.050000
v 0.281500 0.529625 0.050000
v 0.281500 0.529625 -0.050000
v 0.290305 0.524731 0.050000
v 0.290305 0.524731 -0.050000
v 0.299019 0.518889 0.050000
v 0.299019 0.518889 -0.050000
v 0.307719 0.512047 0.050000
v 0.307719 0.512047 -0.050000
v 0.316482 0.504153 0.050000
v 0.316482 0.504153 -0.050000
v 0.325383 0.495154 0.050000
v 0.325383 0.495154 -0.050000
v 0.334500 0.485000 0.050000
v 0.334500 0.485000 -0.050000
v 0.334500 0.159000 0.050000
v 0.334500 0.159000 -0.050000
v 0.423500 0.159000 0.050000
v 0.423500 0.159000 -0.050000
v 0.423500 0.608000 0.050000
v 0.423500 0.608000 -0.050000
v 0.334500 0.608000 0.050000
v 0.334500 0.608000 -0.050000
v -0.713085 0.194395 0.050000
v -0.713085 0.194395 -0.050000
v -0.699768 0.186574 0.050000
v -0.699768 0.186574 -0.050000
v -0.686437 0.179531 0.050000
v -0.686437 0.179531 -0.050000
v -0.672981 0.173259 0.050000
v -0.672981 0.173259 -0.050000
v -0.659289 0.167751 0.050000
v -0.659289 0.167751 -0.050000
v -0.645250 0.163000 0.050000
v -0.645250 0.163000 -0.050000
v -0.630752 0.158999 0.050000
v -0.630752 0.158999 -0.050000
v -0.615685 0.155741 0.050000
v -0.615685 0.155741 -0.050000
v -0.599937 0.153219 0.050000
v -0.599937 0.153219 -0.050000
v -0.583398 0.151426 0.050000
v -0.583398 0.151426 -0.050000
v -0.565956 0.150355 0.050000
v -0.565956 0.150355 -0.050000
v -0.547500 0.150000 0.050000
v -0.547500 0.150000 -0.050000
v -0.513801 0.152334 0.050000
v -0.513801 0.152334 -0.050000
v -0.482741 0.159093 0.050000
v -0.482741 0.159093 -0.050000
v -0.454375 0.169906 0.050000
v -0.454375 0.169906 -0.050000
v -0.428759 0.184407 0.050000
v -0.428759 0.184407 -0.050000
v -0.405949 0.202228 0.050000
v -0.405949 0.202228 -0.050000
v -0.386000 0.223000 0.050000
v -0.386000 0.223000 -0.050000
v -0.368968 0.246355 0.050000
v -0.368968 0.246355 -0.050000
v -0.354907 0.271926 0.050000
v -0.354907 0.271926 -0.050000
v -0.343875 0.299344 0.050000
v -0.343875 0.299344 -0.050000
v -0.335926 0.328241 0.050000
v -0.335926 0.328241 -0.050000
v -0.331116 0.358249 0.050000
v -0.331116 0.358249 -0.050000
v -0.329500 0.389000 0.050000
v -0.329500 0.389000 -0.050000
v -0.331264 0.422056 0.050000
v -0.331264 0.422056 -0.050000
v -0.336444 0.453111 0.050000
v -0.336444 0.453111 -0.050000
v -0.344875 0.482000 0.050000
v -0.344875 0.482000 -0.050000
v -0.356389 0.508556 0.050000
v -0.356389 0.508556 -0.050000
v -0.370819 0.532611 0.050000
v -0.370819 0.532611 -0.050000
v -0.388000 0.554000 0.050000
v -0.388000 0.554000 -0.050000
v -0.407764 0.572556 0.050000
v -0.407764 0.572556 -0.050000
v -0.429944 0.588111 0.050000
v -0.429944 0.588111 -0.050000
v -0.454375 0.600500 0.050000
v -0.454375 0.600500 -0.050000
v -0.480889 0.609556 0.050000
v -0.480889 0.609556 -0.050000
v -0.509319 0.615111 0.050000
v -0.509319 0.615111 -0.050000
v -0.539500 0.617000 0.050000
v -0.539500 0.617000 -0.050000
v -0.568335 0.615310 0.050000
v -0.568335 0.615310 -0.050000
v -0.595264 0.610232 0.050000
v -0.595264 0.610232 -0.050000
v -0.620172 0.601750 0.050000
v -0.620172 0.601750 -0.050000
v -0.642944 0.589852 0.050000
v -0.642944 0.589852 -0.050000
v -0.663467 0.574523 0.050000
v -0.663467 0.574523 -0.050000
v -0.681625 0.555750 0.050000
v -0.681625 0.555750 -0.050000
v -0.697304 0.533518 0.050000
v -0.697304 0.533518 -0.050000
v -0.710389 0.507815 0.050000
v -0.710389 0.507815 -0.050000
v -0.720766 0.478625 0.050000
v -0.720766 0.478625 -0.050000
v -0.728319 0.445935 0.050000
v -0.728319 0.445935 -0.050000
v -0.732936 0.409731 0.050000
v -0.732936 0.409731 -0.050000
v -0.734500 0.370000 0.050000
v -0.734500 0.370000 -0.050000
v -0.418500 0.370000 0.050000
v -0.418500 0.370000 -0.050000
v -0.422770 0.348647 0.050000
v -0.422770 0.348647 -0.050000
v -0.428574 0.329097 0.050000
v -0.428574 0.329097 -0.050000
v -0.435906 0.311359 0.050000
v -0.435906 0.311359 -0.050000
v -0.444759 0.295444 0.050000
v -0.444759 0.295444 -0.050000
v -0.455126 0.281363 0.050000
v -0.455126 0.281363 -0.050000
v -0.467000 0.269125 0.050000
v -0.467000 0.269125 -0.050000
v -0.480374 0.258741 0.050000
v -0.480374 0.258741 -0.050000
v -0.495241 0.250222 0.050000
v -0.495241 0.250222 -0.050000
v -0.511594 0.243578 0.050000
v -0.511594 0.243578 -0.050000
v -0.529426 0.238819 0.050000
v -0.529426 0.238819 -0.050000
v -0.548730 0.235957 0.050000
v -0.548730 0.235957 -0.050000
v -0.569500 0.235000 0.050000
v -0.569500 0.235000 -0.050000
v -0.582940 0.235413 0.050000
v -0.582940 0.235413 -0.050000
v -0.596269 0.236639 0.050000
v -0.596269 0.236639 -0.050000
v -0.609500 0.238656 0.050000
v -0.609500 0.238656 -0.050000
v -0.622648 0.241444 0.050000
v -0.622648 0.241444 -0.050000
v -0.635727 0.244983 0.050000
v -0.635727 0.244983 -0.050000
v -0.648750 0.249250 0.050000
v -0.648750 0.249250 -0.050000
v -0.661731 0.254226 0.050000
v -0.661731 0.254226 -0.050000
v -0.674685 0.259889 0.050000
v -0.674685 0.259889 -0.050000
v -0.687625 0.266219 0.050000
v -0.687625 0.266219 -0.050000
v -0.700565 0.273194 0.050000
v -0.700565 0.273194 -0.050000
v -0.713518 0.280795 0.050000
v -0.713518 0.280795 -0.050000
v -0.726500 0.289000 0.050000
v -0.726500 0.289000 -0.050000
v -0.726500 0.203000 0.050000
v -0.726500 0.203000 -0.050000
v -0.645007 0.445469 0.050000
v -0.645007 0.445469 -0.050000
v -0.642056 0.460833 0.050000
v -0.642056 0.460833 -0.050000
v -0.637687 0.475031 0.050000
v -0.637687 0.475031 -0.050000
v -0.631944 0.488000 0.050000
v -0.631944 0.488000 -0.050000
v -0.624868 0.499677 0.050000
v -0.624868 0.499677 -0.050000
v -0.616500 0.510000 0.050000
v -0.616500 0.510000 -0.050000
v -0.606882 0.518906 0.050000
v -0.606882 0.518906 -0.050000
v -0.596056 0.526333 0.050000
v -0.596056 0.526333 -0.050000
v -0.584062 0.532219 0.050000
v -0.584062 0.532219 -0.050000
v -0.570944 0.536500 0.050000
v -0.570944 0.536500 -0.050000
v -0.556743 0.539115 0.050000
v -0.556743 0.539115 -0.050000
v -0.541500 0.540000 0.050000
v -0.541500 0.540000 -0.050000
v -0.525064 0.539172 0.050000
v -0.525064 0.539172 -0.050000
v -0.509759 0.536708 0.050000
v -0.509759 0.536708 -0.050000
v -0.495594 0.532641 0.050000
v -0.495594 0.532641 -0.050000
v -0.482574 0.527000 0.050000
v -0.482574 0.527000 -0.050000
v -0.470707 0.519818 0.050000
v -0.470707 0.519818 -0.050000
v -0.460000 0.511125 0.050000
v -0.460000 0.511125 -0.050000
v -0.450459 0.500953 0.050000
v -0.450459 0.500953 -0.050000
v -0.442093 0.489333 0.050000
v -0.442093 0.489333 -0.050000
v -0.434906 0.476297 0.050000
v -0.434906 0.476297 -0.050000
v -0.428907 0.461875 0.050000
v -0.428907 0.461875 -0.050000
v -0.424103 0.446099 0.050000
v -0.424103 0.446099 -0.050000
v -0.420500 0.429000 0.050000
v -0.420500 0.429000 -0.050000
v -0.646500 0.429000 0.050000
v -0.646500 0.429000 -0.050000
v 0.072013 -0.153258 0.050000
v 0.072013 -0.153258 -0.050000
v 0.021190 -0.162732 0.050000
v 0.021190 -0.162732 -0.050000
v -0.025766 -0.177969 0.050000
v -0.025766 -0.177969 -0.050000
v -0.068648 -0.198519 0.050000
v -0.068648 -0.198519 -0.050000
v -0.107253 -0.223929 0.050000
v -0.107253 -0.223929 -0.050000
v -0.141375 -0.253750 0.050000
v -0.141375 -0.253750 -0.050000
v -0.170810 -0.287529 0.050000
v -0.170810 -0.287529 -0.050000
v -0.195352 -0.324815 0.050000
v -0.195352 -0.324815 -0.050000
v -0.214797 -0.365156 0.050000
v -0.214797 -0.365156 -0.050000
v -0.228940 -0.408102 0.050000
v -0.228940 -0.408102 -0.050000
v -0.237576 -0.453200 0.050000
v -0.237576 -0.453200 -0.050000
v -0.240500 -0.500000 0.050000
v -0.240500 -0.500000 -0.050000
v -0.237651 -0.545539 0.050000
v -0.237651 -0.545539 -0.050000
v -0.229208 -0.589815 0.050000
v -0.229208 -0.589815 -0.050000
v -0.215328 -0.632313 0.050000
v -0.215328 -0.632313 -0.050000
v -0.196167 -0.672519 0.050000
v -0.196167 -0.672519 -0.050000
v -0.171880 -0.709919 0.050000
v -0.171880 -0.709919 -0.050000
v -0.142625 -0.744000 0.050000
v -0.142625 -0.744000 -0.050000
v -0.108557 -0.774248 0.050000
v -0.108557 -0.774248 -0.050000
v -0.069833 -0.800148 0.050000
v -0.069833 -0.800148 -0.050000
v -0.026609 -0.821188 0.050000
v -0.026609 -0.821188 -0.050000
v 0.020958 -0.836852 0.050000
v 0.020958 -0.836852 -0.050000
v 0.072714 -0.846627 0.050000
v 0.072714 -0.846627 -0.050000
v 0.128500 -0.850000 0.050000
v 0.128500 -0.850000 -0.050000
v 0.182508 -0.846646 0.050000
v 0.182508 -0.846646 -0.050000
v 0.232894 -0.836921 0.050000
v 0.232894 -0.836921 -0.050000
v 0.279453 -0.821328 0.050000
v 0.279453 -0.821328 -0.050000
v 0.321982 -0.800370 0.050000
v 0.321982 -0.800370 -0.050000
v 0.360274 -0.774552 0.050000
v 0.360274 -0.774552 -0.050000
v 0.394125 -0.744375 0.050000
v 0.394125 -0.744375 -0.050000
v 0.423331 -0.710344 0.050000
v 0.423331 -0.710344 -0.050000
v 0.447685 -0.672963 0.050000
v 0.447685 -0.672963 -0.050000
v 0.466985 -0.632734 0.050000
v 0.466985 -0.632734 -0.050000
v 0.481023 -0.590162 0.050000
v 0.481023 -0.590162 -0.050000
v 0.489597 -0.545749 0.050000
v 0.489597 -0.545749 -0.050000
v 0.492500 -0.500000 0.050000
v 0.492500 -0.500000 -0.050000
v 0.489519 -0.453410 0.050000
v 0.489519 -0.453410 -0.050000
v 0.480736 -0.408449 0.050000
v 0.480736 -0.408449 -0.050000
v 0.466391 -0.365578 0.050000
v 0.466391 -0.365578 -0.050000
v 0.446722 -0.325259 0.050000
v 0.446722 -0.325259 -0.050000
v 0.421971 -0.287954 0.050000
v 0.421971 -0.287954 -0.050000
v 0.392375 -0.254125 0.050000
v 0.392375 -0.254125 -0.050000
v 0.358175 -0.224233 0.050000
v 0.358175 -0.224233 -0.050000
v 0.319611 -0.198741 0.050000
v 0.319611 -0.198741 -0.050000
v 0.276922 -0.178109 0.050000
v 0.276922 -0.178109 -0.050000
v 0.230347 -0.162801 0.050000
v 0.230347 -0.162801 -0.050000
v 0.180127 -0.153277 0.050000
v 0.180127 -0.153277 -0.050000
v 0.126500 -0.150000 0.050000
v 0.126500 -0.150000 -0.050000
v 0.089126 -0.757730 0.050000
v 0.089126 -0.757730 -0.050000
v 0.053671 -0.751088 0.050000
v 0.053671 -0.751088 -0.050000
v 0.020391 -0.740328 0.050000
v 0.020391 -0.740328 -0.050000
v -0.010463 -0.725704 0.050000
v -0.010463 -0.725704 -0.050000
v -0.038636 -0.707468 0.050000
v -0.038636 -0.707468 -0.050000
v -0.063875 -0.685875 0.050000
v -0.063875 -0.685875 -0.050000
v -0.085926 -0.661178 0.050000
v -0.085926 -0.661178 -0.050000
v -0.104537 -0.633630 0.050000
v -0.104537 -0.633630 -0.050000
v -0.119453 -0.603484 0.050000
v -0.119453 -0.603484 -0.050000
v -0.130421 -0.570995 0.050000
v -0.130421 -0.570995 -0.050000
v -0.137188 -0.536416 0.050000
v -0.137188 -0.536416 -0.050000
v -0.139500 -0.500000 0.050000
v -0.139500 -0.500000 -0.050000
v -0.137188 -0.463374 0.050000
v -0.137188 -0.463374 -0.050000
v -0.130421 -0.428657 0.050000
v -0.130421 -0.428657 -0.050000
v -0.119453 -0.396094 0.050000
v -0.119453 -0.396094 -0.050000
v -0.104537 -0.365926 0.050000
v -0.104537 -0.365926 -0.050000
v -0.085926 -0.338397 0.050000
v -0.085926 -0.338397 -0.050000
v -0.063875 -0.313750 0.050000
v -0.063875 -0.313750 -0.050000
v -0.038636 -0.292228 0.050000
v -0.038636 -0.292228 -0.050000
v -0.010463 -0.274074 0.050000
v -0.010463 -0.274074 -0.050000
v 0.020391 -0.259531 0.050000
v 0.020391 -0.259531 -0.050000
v 0.053671 -0.248843 0.050000
v 0.053671 -0.248843 -0.050000
v 0.089126 -0.242251 0.050000
v 0.089126 -0.242251 -0.050000
v 0.126500 -0.240000 0.050000
v 0.126500 -0.240000 -0.050000
v 0.163645 -0.242251 0.050000
v 0.163645 -0.242251 -0.050000
v 0.198908 -0.248843 0.050000
v 0.198908 -0.248843 -0.050000
v 0.232031 -0.259531 0.050000
v 0.232031 -0.259531 -0.050000
v 0.262759 -0.274074 0.050000
v 0.262759 -0.274074 -0.050000
v 0.290835 -0.292228 0.050000
v 0.290835 -0.292228 -0.050000
v 0.316000 -0.313750 0.050000
v 0.316000 -0.313750 -0.050000
v 0.337999 -0.338397 0.050000
v 0.337999 -0.338397 -0.050000
v 0.356574 -0.365926 0.050000
v 0.356574 -0.365926 -0.050000
v 0.371469 -0.396094 0.050000
v 0.371469 -0.396094 -0.050000
v 0.382426 -0.428657 0.050000
v 0.382426 -0.428657 -0.050000
v 0.389189 -0.463374 0.050000
v 0.389189 -0.463374 -0.050000
v 0.391500 -0.500000 0.050000
v 0.391500 -0.500000 -0.050000
v 0.389189 -0.536416 0.050000
v 0.389189 -0.536416 -0.050000
v 0.382426 -0.570995 0.050000
v 0.382426 -0.570995 -0.050000
v 0.371469 -0.603484 0.050000
v 0.371469 -0.603484 -0.050000
v 0.356574 -0.633630 0.050000
v 0.356574 -0.633630 -0.050000
v 0.337999 -0.661178 0.050000
v 0.337999 -0.661178 -0.050000
v 0.316000 -0.685875 0.050000
v 0.316000 -0.685875 -0.050000
v 0.290835 -0.707468 0.050000
v 0.290835 -0.707468 -0.050000
v 0.262759 -0.725704 0.050000
v 0.262759 -0.725704 -0.050000
v 0.232031 -0.740328 0.050000
v 0.232031 -0.740328 -0.050000
v 0.198908 -0.751088 0.050000
v 0.198908 -0.751088 -0.050000
v 0.163645 -0.757730 0.050000
v 0.163645 -0.757730 -0.050000
v 0.126500 -0.760000 0.050000
v 0.126500 -0.760000 -0.050000
v -0.385500 -0.392000 0.050000
v -0.385500 -0.392000 -0.050000
v -0.506500 -0.668000 0.050000
v -0.506500 -0.668000 -0.050000
v -0.624500 -0.392000 0.050000
v -0.624500 -0.392000 -0.050000
v -0.719500 -0.392000 0.050000
v -0.719500 -0.392000 -0.050000
v -0.521500 -0.850000 0.050000
v -0.521500 -0.850000 -0.050000
v -0.491500 -0.850000 0.050000
v -0.491500 -0.850000 -0.050000
v -0.288500 -0.392000 0.050000
v -0.288500 -0.392000 -0.050000
v -1.148085 -0.805605 0.050000
v -1.148085 -0.805605 -0.050000
v -1.134768 -0.813426 0.050000
v -1.134768 -0.813426 -0.050000
v -1.121437 -0.820469 0.050000
v -1.121437 -0.820469 -0.050000
v -1.107981 -0.826741 0.050000
v -1.107981 -0.826741 -0.050000
v -1.094289 -0.832249 0.050000
v -1.094289 -0.832249 -0.050000
v -1.080250 -0.837000 0.050000
v -1.080250 -0.837000 -0.050000
v -1.065752 -0.841001 0.050000
v -1.065752 -0.841001 -0.050000
v -1.050685 -0.844259 0.050000
v -1.050685 -0.844259 -0.050000
v -1.034937 -0.846781 0.050000
v -1.034937 -0.846781 -0.050000
v -1.018398 -0.848574 0.050000
v -1.018398 -0.848574 -0.050000
v -1.000956 -0.849645 0.050000
v -1.000956 -0.849645 -0.050000
v -0.982500 -0.850000 0.050000
v -0.982500 -0.850000 -0.050000
v -0.948801 -0.847666 0.050000
v -0.948801 -0.847666 -0.050000
v -0.917741 -0.840907 0.050000
v -0.917741 -0.840907 -0.050000
v -0.889375 -0.830094 0.050000
v -0.889375 -0.830094 -0.050000
v -0.863759 -0.815593 0.050000
v -0.863759 -0.815593 -0.050000
v -0.840949 -0.797772 0.050000
v -0.840949 -0.797772 -0.050000
v -0.821000 -0.777000 0.050000
v -0.821000 -0.777000 -0.050000
v -0.803968 -0.753645 0.050000
v -0.803968 -0.753645 -0.050000
v -0.789907 -0.728074 0.050000
v -0.789907 -0.728074 -0.050000
v -0.778875 -0.700656 0.050000
v -0.778875 -0.700656 -0.050000
v -0.770926 -0.671759 0.050000
v -0.770926 -0.671759 -0.050000
v -0.766116 -0.641751 0.050000
v -0.766116 -0.641751 -0.050000
v -0.764500 -0.611000 0.050000
v -0.764500 -0.611000 -0.050000
v -0.766264 -0.577945 0.050000
v -0.766264 -0.577945 -0.050000
v -0.771444 -0.546889 0.050000
v -0.771444 -0.546889 -0.050000
v -0.779875 -0.518000 0.050000
v -0.779875 -0.518000 -0.050000
v -0.791389 -0.491445 0.050000
v -0.791389 -0.491445 -0.050000
v -0.805819 -0.467389 0.050000
v -0.805819 -0.467389 -0.050000
v -0.823000 -0.446000 0.050000
v -0.823000 -0.446000 -0.050000
v -0.842764 -0.427445 0.050000
v -0.842764 -0.427445 -0.050000
v -0.864944 -0.411889 0.050000
v -0.864944 -0.411889 -0.050000
v -0.889375 -0.399500 0.050000
v -0.889375 -0.399500 -0.050000
v -0.915889 -0.390445 0.050000
v -0.915889 -0.390445 -0.050000
v -0.944319 -0.384889 0.050000
v -0.944319 -0.384889 -0.050000
v -0.974500 -0.383000 0.050000
v -0.974500 -0.383000 -0.050000
v -1.003335 -0.384690 0.050000
v -1.003335 -0.384690 -0.050000
v -1.030264 -0.389769 0.050000
v -1.030264 -0.389769 -0.050000
v -1.055172 -0.398250 0.050000
v -1.055172 -0.398250 -0.050000
v -1.077945 -0.410148 0.050000
v -1.077945 -0.410148 -0.050000
v -1.098467 -0.425477 0.050000
v -1.098467 -0.425477 -0.050000
v -1.116625 -0.444250 0.050000
v -1.116625 -0.444250 -0.050000
v -1.132304 -0.466482 0.050000
v -1.132304 -0.466482 -0.050000
v -1.145389 -0.492185 0.050000
v -1.145389 -0.492185 -0.050000
v -1.155766 -0.521375 0.050000
v -1.155766 -0.521375 -0.050000
v -1.163319 -0.554065 0.050000
v -1.163319 -0.554065 -0.050000
v -1.167936 -0.590269 0.050000
v -1.167936 -0.590269 -0.050000
v -1.169500 -0.630000 0.050000
v -1.169500 -0.630000 -0.050000
v -0.853500 -0.630000 0.050000
v -0.853500 -0.630000 -0.050000
v -0.857770 -0.651353 0.050000
v -0.857770 -0.651353 -0.050000
v -0.863574 -0.670903 0.050000
v -0.863574 -0.670903 -0.050000
v -0.870906 -0.688641 0.050000
v -0.870906 -0.688641 -0.050000
v -0.879759 -0.704556 0.050000
v -0.879759 -0.704556 -0.050000
v -0.890126 -0.718637 0.050000
v -0.890126 -0.718637 -0.050000
v -0.902000 -0.730875 0.050000
v -0.902000 -0.730875 -0.050000
v -0.915374 -0.741259 0.050000
v -0.915374 -0.741259 -0.050000
v -0.930241 -0.749778 0.050000
v -0.930241 -0.749778 -0.050000
v -0.946594 -0.756422 0.050000
v -0.946594 -0.756422 -0.050000
v -0.964426 -0.761181 0.050000
v -0.964426 -0.761181 -0.050000
v -0.983730 -0.764044 0.050000
v -0.983730 -0.764044 -0.050000
v -1.004500 -0.765000 0.050000
v -1.004500 -0.765000 -0.050000
v -1.017940 -0.764587 0.050000
v -1.017940 -0.764587 -0.050000
v -1.031268 -0.763361 0.050000
v -1.031268 -0.763361 -0.050000
v -1.044500 -0.761344 0.050000
v -1.044500 -0.761344 -0.050000
v -1.057648 -0.758556 0.050000
v -1.057648 -0.758556 -0.050000
v -1.070727 -0.755017 0.050000
v -1.070727 -0.755017 -0.050000
v -1.083750 -0.750750 0.050000
v -1.083750 -0.750750 -0.050000
v -1.096731 -0.745774 0.050000
v -1.096731 -0.745774 -0.050000
v -1.109685 -0.740111 0.050000
v -1.109685 -0.740111 -0.050000
v -1.122625 -0.733781 0.050000
v -1.122625 -0.733781 -0.050000
v -1.135565 -0.726806 0.050000
v -1.135565 -0.726806 -0.050000
v -1.148518 -0.719205 0.050000
v -1.148518 -0.719205 -0.050000
v -1.161500 -0.711000 0.050000
v -1.161500 -0.711000 -0.050000
v -1.161500 -0.797000 0.050000
v -1.161500 -0.797000 -0.050000
v -1.080007 -0.554531 0.050000
v -1.080007 -0.554531 -0.050000
v -1.077055 -0.539167 0.050000
v -1.077055 -0.539167 -0.050000
v -1.072687 -0.524969 0.050000
v -1.072687 -0.524969 -0.050000
v -1.066944 -0.512000 0.050000
v -1.066944 -0.512000 -0.050000
v -1.059868 -0.500323 0.050000
v -1.059868 -0.500323 -0.050000
v -1.051500 -0.490000 0.050000
v -1.051500 -0.490000 -0.050000
v -1.041882 -0.481094 0.050000
v -1.041882 -0.481094 -0.050000
v -1.031055 -0.473667 0.050000
v -1.031055 -0.473667 -0.050000
v -1.019062 -0.467781 0.050000
v -1.019062 -0.467781 -0.050000
v -1.005944 -0.463500 0.050000
v -1.005944 -0.463500 -0.050000
v -0.991743 -0.460885 0.050000
v -0.991743 -0.460885 -0.050000
v -0.976500 -0.460000 0.050000
v -0.976500 -0.460000 -0.050000
v -0.960064 -0.460828 0.050000
v -0.960064 -0.460828 -0.050000
v -0.944759 -0.463292 0.050000
v -0.944759 -0.463292 -0.050000
v -0.930594 -0.467359 0.050000
v -0.930594 -0.467359 -0.050000
v -0.917574 -0.473000 0.050000
v -0.917574 -0.473000 -0.050000
v -0.905707 -0.480182 0.050000
v -0.905707 -0.480182 -0.050000
v -0.895000 -0.488875 0.050000
v -0.895000 -0.488875 -0.050000
v -0.885459 -0.499047 0.050000
v -0.885459 -0.499047 -0.050000
v -0.877093 -0.510667 0.050000
v -0.877093 -0.510667 -0.050000
v -0.869906 -0.523703 0.050000
v -0.869906 -0.523703 -0.050000
v -0.863907 -0.538125 0.050000
v -0.863907 -0.538125 -0.050000
v -0.859103 -0.553901 0.050000
v -0.859103 -0.553901 -0.050000
v -0.855500 -0.571000 0.050000
v -0.855500 -0.571000 -0.050000
v -1.081500 -0.571000 0.050000
v -1.081500 -0.571000 -0.050000
v -1.360500 -0.495000 0.050000
v -1.360500 -0.495000 -0.050000
v -1.362500 -0.495000 0.050000
v -1.362500 -0.495000 -0.050000
v -1.373709 -0.476201 0.050000
v -1.373709 -0.476201 -0.050000
v -1.384838 -0.459273 0.050000
v -1.384838 -0.459273 -0.050000
v -1.395890 -0.444172 0.050000
v -1.395890 -0.444172 -0.050000
v -1.406870 -0.430852 0.050000
v -1.406870 -0.430852 -0.050000
v -1.417781 -0.419268 0.050000
v -1.417781 -0.419268 -0.050000
v -1.428625 -0.409375 0.050000
v -1.428625 -0.409375 -0.050000
v -1.439407 -0.401128 0.050000
v -1.439407 -0.401128 -0.050000
v -1.450130 -0.394482 0.050000
v -1.450130 -0.394482 -0.050000
v -1.460797 -0.389391 0.050000
v -1.460797 -0.389391 -0.050000
v -1.471412 -0.385810 0.050000
v -1.471412 -0.385810 -0.050000
v -1.481978 -0.383695 0.050000
v -1.481978 -0.383695 -0.050000
v -1.492500 -0.383000 0.050000
v -1.492500 -0.383000 -0.050000
v -1.501461 -0.383355 0.050000
v -1.501461 -0.383355 -0.050000
v -1.510356 -0.384421 0.050000
v -1.510356 -0.384421 -0.050000
v -1.519203 -0.386203 0.050000
v -1.519203 -0.386203 -0.050000
v -1.528018 -0.388704 0.050000
v -1.528018 -0.388704 -0.050000
v -1.536820 -0.391927 0.050000
v -1.536820 -0.391927 -0.050000
v -1.545625 -0.395875 0.050000
v -1.545625 -0.395875 -0.050000
v -1.554451 -0.400553 0.050000
v -1.554451 -0.400553 -0.050000
v -1.563315 -0.405963 0.050000
v -1.563315 -0.405963 -0.050000
v -1.572234 -0.412109 0.050000
v -1.572234 -0.412109 -0.050000
v -1.581227 -0.418995 0.050000
v -1.581227 -0.418995 -0.050000
v -1.590310 -0.426624 0.050000
v -1.590310 -0.426624 -0.050000
v -1.599500 -0.435000 0.050000
v -1.599500 -0.435000 -0.050000
v -1.552500 -0.512000 0.050000
v -1.552500 -0.512000 -0.050000
v -1.545596 -0.505673 0.050000
v -1.545596 -0.505673 -0.050000
v -1.538435 -0.499713 0.050000
v -1.538435 -0.499713 -0.050000
v -1.531093 -0.494156 0.050000
v -1.531093 -0.494156 -0.050000
v -1.523648 -0.489037 0.050000
v -1.523648 -0.489037 -0.050000
v -1.516175 -0.484390 0.050000
v -1.516175 -0.484390 -0.050000
v -1.508750 -0.480250 0.050000
v -1.508750 -0.480250 -0.050000
v -1.501450 -0.476652 0.050000
v -1.501450 -0.476652 -0.050000
v -1.494352 -0.473630 0.050000
v -1.494352 -0.473630 -0.050000
v -1.487531 -0.471219 0.050000
v -1.487531 -0.471219 -0.050000
v -1.481065 -0.469454 0.050000
v -1.481065 -0.469454 -0.050000
v -1.475029 -0.468369 0.050000
v -1.475029 -0.468369 -0.050000
v -1.469500 -0.468000 0.050000
v -1.469500 -0.468000 -0.050000
v -1.454541 -0.469245 0.050000
v -1.454541 -0.469245 -0.050000
v -1.440245 -0.472875 0.050000
v -1.440245 -0.472875 -0.050000
v -1.426734 -0.478734 0.050000
v -1.426734 -0.478734 -0.050000
v -1.414130 -0.486667 0.050000
v -1.414130 -0.486667 -0.050000
v -1.402553 -0.496516 0.050000
v -1.402553 -0.496516 -0.050000
v -1.392125 -0.508125 0.050000
v -1.392125 -0.508125 -0.050000
v -1.382968 -0.521339 0.050000
v -1.382968 -0.521339 -0.050000
v -1.375204 -0.536000 0.050000
v -1.375204 -0.536000 -0.050000
v -1.368953 -0.551953 0.050000
v -1.368953 -0.551953 -0.050000
v -1.364338 -0.569042 0.050000
v -1.364338 -0.569042 -0.050000
v -1.361480 -0.587109 0.050000
v -1.361480 -0.587109 -0.050000
v -1.360500 -0.606000 0.050000
v -1.360500 -0.606000 -0.050000
v -1.360500 -0.841000 0.050000
v -1.360500 -0.841000 -0.050000
v -1.271500 -0.841000 0.050000
v -1.271500 -0.841000 -0.050000
v -1.271500 -0.392000 0.050000
v -1.271500 -0.392000 -0.050000
v -1.360500 -0.392000 0.050000
v -1.360500 -0.392000 -0.050000
vn -0.0000 -0.0000 -1.0000
vn -0.0000 -0.0001 -1.0000
vn -0.0000 0.0001 -1.0000
vn -0.0000 -0.0000 1.0000
vn -0.0000 0.0001 1.0000
vn -0.0000 -0.0001 1.0000
vn -0.3491 -0.9371 -0.0000
vn -0.3771 -0.9262 -0.0000
vn -0.3180 -0.9481 -0.0000
vn -0.2842 -0.9588 -0.0000
vn -0.2482 -0.9687 -0.0000
vn -0.2107 -0.9776 -0.0000
vn -0.1725 -0.9850 -0.0000
vn -0.1345 -0.9909 -0.0000
vn -0.0977 -0.9952 -0.0000
vn -0.0626 -0.9980 -0.0000
vn -0.0301 -0.9995 -0.0000
vn 0.0220 -0.9998 -0.0000
vn 0.1184 -0.9930 -0.0000
vn 0.2385 -0.9711 -0.0000
vn 0.3584 -0.9336 -0.0000
vn 0.4753 -0.8798 -0.0000
vn 0.5867 -0.8098 -0.0000
vn 0.6895 -0.7242 -0.0000
vn 0.7812 -0.6243 -0.0000
vn 0.8590 -0.5119 -0.0000
vn 0.9209 -0.3898 -0.0000
vn 0.9652 -0.2614 -0.0000
vn 0.9915 -0.1303 -0.0000
vn 1.0000 0.0006 -0.0000
vn 0.9913 0.1318 -0.0000
vn 0.9648 0.2630 -0.0000
vn 0.9208 0.3901 -0.0000
vn 0.8602 0.5100 -0.0000
vn 0.7845 0.6202 -0.0000
vn 0.6955 0.7186 -0.0000
vn 0.5951 0.8036 -0.0000
vn 0.4855 0.8742 -0.0000
vn 0.3688 0.9295 -0.0000
vn 0.2474 0.9689 -0.0000
vn 0.1236 0.9923 -0.0000
vn 0.0235 0.9997 -0.0000
vn -0.0308 0.9995 -0.0000
vn -0.0661 0.9978 -0.0000
vn -0.1056 0.9944 -0.0000
vn -0.1475 0.9891 -0.0000
vn -0.1899 0.9818 -0.0000
vn -0.2307 0.9730 -0.0000
vn -0.2683 0.9633 -0.0000
vn -0.3015 0.9535 -0.0000
vn -0.3299 0.9440 -0.0000
vn -0.3535 0.9355 -0.0000
vn -0.3724 0.9281 -0.0000
vn -0.8309 0.5564 -0.0000
vn -0.5168 -0.8561 -0.0000
vn 0.4493 -0.8934 -0.0000
vn 0.4153 -0.9097 -0.0000
vn 0.3798 -0.9250 -0.0000
vn 0.3429 -0.9394 -0.0000
vn 0.3798 -0.9251 -0.0000
vn 0.3044 -0.9525 -0.0000
vn 0.2645 -0.9644 -0.0000
vn 0.2232 -0.9748 -0.0000
vn 0.1806 -0.9835 -0.0000
vn 0.1369 -0.9906 -0.0000
vn 0.0921 -0.9958 -0.0000
vn 0.0464 -0.9989 -0.0000
vn -0.0201 -0.9998 -0.0000
vn -0.1277 -0.9918 -0.0000
vn -0.2547 -0.9670 -0.0000
vn -0.3780 -0.9258 -0.0000
vn -0.4954 -0.8687 -0.0000
vn -0.6044 -0.7967 -0.0000
vn -0.4953 -0.8687 -0.0000
vn -0.7034 -0.7108 -0.0000
vn -0.7905 -0.6124 -0.0000
vn -0.8642 -0.5031 -0.0000
vn -0.9231 -0.3846 -0.0000
vn -0.9658 -0.2593 -0.0000
vn -0.9915 -0.1301 -0.0000
vn -0.9658 -0.2594 -0.0000
vn -1.0000 -0.0009 -0.0000
vn -0.9918 0.1281 -0.0000
vn -0.9660 0.2586 -0.0000
vn -0.9216 0.3881 -0.0000
vn -0.8588 0.5123 -0.0000
vn -0.7790 0.6271 -0.0000
vn -0.6845 0.7290 -0.0000
vn -0.5788 0.8154 -0.0000
vn -0.4655 0.8851 -0.0000
vn -0.3480 0.9375 -0.0000
vn -0.2297 0.9733 -0.0000
vn -0.1131 0.9936 -0.0000
vn -0.0185 0.9998 -0.0000
vn 0.0368 0.9993 -0.0000
vn 0.0724 0.9974 -0.0000
vn 0.1062 0.9943 -0.0000
vn 0.1380 0.9904 -0.0000
vn 0.1676 0.9859 -0.0000
vn 0.1947 0.9809 -0.0000
vn 0.2195 0.9756 -0.0000
vn 0.1948 0.9809 -0.0000
vn 0.2416 0.9704 -0.0000
vn 0.2611 0.9653 -0.0000
vn 0.2779 0.9606 -0.0000
vn 0.2921 0.9564 -0.0000
vn 0.8058 0.5922 -0.0000
vn 0.7071 -0.7071 -0.0000
vn 0.7071 0.7071 -0.0000
vn -0.7071 0.7071 -0.0000
vn -0.8338 -0.5521 -0.0000
vn -0.5244 -0.8515 -0.0000
vn -0.5395 -0.8420 -0.0000
vn -0.5027 -0.8645 -0.0000
vn -0.4729 -0.8811 -0.0000
vn -0.4336 -0.9011 -0.0000
vn -0.3841 -0.9233 -0.0000
vn -0.3247 -0.9458 -0.0000
vn -0.2577 -0.9662 -0.0000
vn -0.1869 -0.9824 -0.0000
vn -0.1177 -0.9930 -0.0000
vn -0.1870 -0.9824 -0.0000
vn -0.0548 -0.9985 -0.0000
vn 0.0029 -1.0000 -0.0000
vn 0.0670 -0.9978 -0.0000
vn 0.1445 -0.9895 -0.0000
vn 0.2345 -0.9721 -0.0000
vn 0.3361 -0.9418 -0.0000
vn 0.4464 -0.8948 -0.0000
vn 0.5597 -0.8287 -0.0000
vn 0.6682 -0.7440 -0.0000
vn 0.7643 -0.6449 -0.0000
vn 0.8426 -0.5385 -0.0000
vn 0.9016 -0.4327 -0.0000
vn 0.9428 -0.3334 -0.0000
vn 0.3111 -0.9504 -0.0000
vn -0.5845 -0.8114 -0.0000
vn -0.5440 -0.8391 -0.0000
vn -0.5005 -0.8658 -0.0000
vn -0.4539 -0.8910 -0.0000
vn -0.4045 -0.9146 -0.0000
vn -0.3522 -0.9359 -0.0000
vn -0.2975 -0.9547 -0.0000
vn -0.2406 -0.9706 -0.0000
vn -0.1819 -0.9833 -0.0000
vn -0.1219 -0.9925 -0.0000
vn -0.0611 -0.9981 -0.0000
vn 0.0176 -0.9998 -0.0000
vn 0.1330 -0.9911 -0.0000
vn 0.2663 -0.9639 -0.0000
vn 0.3956 -0.9184 -0.0000
vn 0.5169 -0.8560 -0.0000
vn 0.6272 -0.7789 -0.0000
vn 0.7244 -0.6893 -0.0000
vn 0.8076 -0.5898 -0.0000
vn 0.8761 -0.4821 -0.0000
vn 0.9298 -0.3680 -0.0000
vn 0.9686 -0.2487 -0.0000
vn 0.9921 -0.1254 -0.0000
vn 1.0000 0.0074 -0.0000
vn 0.9868 0.1617 -0.0000
vn 0.9441 0.3297 -0.0000
vn 0.8721 0.4894 -0.0000
vn 0.7800 0.6258 -0.0000
vn 0.6815 0.7318 -0.0000
vn 0.5887 0.8084 -0.0000
vn 0.5086 0.8610 -0.0000
vn 0.4442 0.8959 -0.0000
vn 0.3959 0.9183 -0.0000
vn 0.3631 0.9318 -0.0000
vn 0.3452 0.9385 -0.0000
vn 0.3370 0.9415 -0.0000
vn 0.8167 0.5770 -0.0000
vn 0.9998 -0.0211 -0.0000
vn 0.9959 -0.0910 -0.0000
vn 0.9803 -0.1975 -0.0000
vn 0.9470 -0.3213 -0.0000
vn 0.8889 -0.4581 -0.0000
vn 0.8017 -0.5978 -0.0000
vn 0.6870 -0.7267 -0.0000
vn 0.5545 -0.8322 -0.0000
vn 0.6870 -0.7266 -0.0000
vn 0.4179 -0.9085 -0.0000
vn 0.2895 -0.9572 -0.0000
vn 0.1765 -0.9843 -0.0000
vn 0.0809 -0.9967 -0.0000
vn -0.0009 -1.0000 -0.0000
vn -0.0786 -0.9969 -0.0000
vn -0.1570 -0.9876 -0.0000
vn -0.2344 -0.9721 -0.0000
vn -0.3097 -0.9508 -0.0000
vn -0.3821 -0.9241 -0.0000
vn -0.4508 -0.8926 -0.0000
vn -0.5152 -0.8571 -0.0000
vn -0.5750 -0.8182 -0.0000
vn -0.6298 -0.7768 -0.0000
vn -0.6795 -0.7337 -0.0000
vn -0.7243 -0.6895 -0.0000
vn 0.3570 -0.9341 -0.0000
vn 0.9315 0.3637 -0.0000
vn 0.7084 0.7058 -0.0000
vn 0.6504 0.7596 -0.0000
vn 0.5872 0.8094 -0.0000
vn 0.5199 0.8542 -0.0000
vn 0.4500 0.8930 -0.0000
vn 0.3790 0.9254 -0.0000
vn 0.3085 0.9512 -0.0000
vn 0.2398 0.9708 -0.0000
vn 0.1740 0.9847 -0.0000
vn 0.1120 0.9937 -0.0000
vn 0.0541 0.9985 -0.0000
vn -0.0085 1.0000 -0.0000
vn -0.0893 0.9960 -0.0000
vn -0.1859 0.9826 -0.0000
vn -0.2909 0.9568 -0.0000
vn -0.4034 0.9150 -0.0000
vn -0.5207 0.8538 -0.0000
vn -0.6378 0.7702 -0.0000
vn -0.7476 0.6642 -0.0000
vn -0.8423 0.5390 -0.0000
vn -0.9158 0.4017 -0.0000
vn -0.9653 0.2612 -0.0000
vn -0.9921 0.1258 -0.0000
vn -0.9995 0.0301 -0.0000
vn -0.9999 0.0155 -0.0000
vn -0.9978 0.0670 -0.0000
vn -0.9891 0.1470 -0.0000
vn -0.9698 0.2438 -0.0000
vn -0.9337 0.3582 -0.0000
vn -0.8733 0.4872 -0.0000
vn -0.7825 0.6226 -0.0000
vn -0.6612 0.7503 -0.0000
vn -0.5178 0.8555 -0.0000
vn -0.3681 0.9298 -0.0000
vn -0.2272 0.9738 -0.0000
vn -0.1045 0.9945 -0.0000
vn 0.0139 0.9999 -0.0000
vn 0.1353 0.9908 -0.0000
vn 0.2368 0.9716 -0.0000
vn 0.3116 0.9502 -0.0000
vn 0.3689 0.9295 -0.0000
vn 0.4145 0.9101 -0.0000
vn 0.4521 0.8920 -0.0000
vn 0.4840 0.8751 -0.0000
vn 0.5119 0.8591 -0.0000
vn 0.5367 0.8438 -0.0000
vn 0.5593 0.8290 -0.0000
vn 0.5802 0.8144 -0.0000
vn -0.4526 0.8917 -0.0000
vn -0.8791 -0.4767 -0.0000
vn -0.3536 -0.9354 -0.0000
vn -0.3352 -0.9422 -0.0000
vn -0.3812 -0.9245 -0.0000
vn -0.4196 -0.9077 -0.0000
vn -0.4705 -0.8824 -0.0000
vn -0.5358 -0.8443 -0.0000
vn -0.6169 -0.7870 -0.0000
vn -0.7126 -0.7016 -0.0000
vn -0.8158 -0.5784 -0.0000
vn -0.9110 -0.4124 -0.0000
vn -0.9772 -0.2122 -0.0000
vn -0.9998 -0.0220 -0.0000
vn -0.9922 0.1244 -0.0000
vn -0.9680 0.2510 -0.0000
vn -0.9262 0.3771 -0.0000
vn -0.8667 0.4988 -0.0000
vn -0.7905 0.6125 -0.0000
vn -0.6993 0.7148 -0.0000
vn -0.5957 0.8032 -0.0000
vn -0.4827 0.8758 -0.0000
vn -0.3635 0.9316 -0.0000
vn -0.2415 0.9704 -0.0000
vn -0.1196 0.9928 -0.0000
vn -0.0087 1.0000 -0.0000
vn 0.0825 0.9966 -0.0000
vn 0.1630 0.9866 -0.0000
vn 0.2399 0.9708 -0.0000
vn 0.3121 0.9501 -0.0000
vn 0.3788 0.9255 -0.0000
vn 0.4397 0.8981 -0.0000
vn 0.4947 0.8691 -0.0000
vn 0.5439 0.8391 -0.0000
vn 0.5878 0.8090 -0.0000
vn 0.6267 0.7793 -0.0000
vn 0.6611 0.7503 -0.0000
vn 0.9157 0.4018 -0.0000
vn 0.5796 -0.8149 -0.0000
vn -0.3917 0.9201 -0.0000
vn 0.6779 0.7351 -0.0000
vn 0.6448 0.7643 -0.0000
vn 0.6070 0.7947 -0.0000
vn 0.5637 0.8260 -0.0000
vn 0.5145 0.8575 -0.0000
vn 0.4588 0.8885 -0.0000
vn 0.3965 0.9180 -0.0000
vn 0.3274 0.9449 -0.0000
vn 0.2521 0.9677 -0.0000
vn 0.1714 0.9852 -0.0000
vn 0.0868 0.9962 -0.0000
vn 0.0011 1.0000 -0.0000
vn -0.0842 0.9965 -0.0000
vn -0.1708 0.9853 -0.0000
vn -0.2590 0.9659 -0.0000
vn -0.3471 0.9378 -0.0000
vn -0.4333 0.9012 -0.0000
vn -0.5158 0.8567 -0.0000
vn -0.5930 0.8052 -0.0000
vn -0.6636 0.7481 -0.0000
vn -0.7268 0.6868 -0.0000
vn -0.7822 0.6230 -0.0000
vn -0.8299 0.5580 -0.0000
vn -0.0942 0.9956 -0.0000
vn 0.7251 0.6887 -0.0000
vn 0.6970 0.7171 -0.0000
vn 0.6625 0.7490 -0.0000
vn 0.6209 0.7839 -0.0000
vn 0.5712 0.8208 -0.0000
vn 0.5128 0.8585 -0.0000
vn 0.4451 0.8955 -0.0000
vn 0.3684 0.9297 -0.0000
vn 0.2835 0.9590 -0.0000
vn 0.1920 0.9814 -0.0000
vn 0.0965 0.9953 -0.0000
vn -0.1337 0.9910 -0.0000
vn -0.2723 0.9622 -0.0000
vn -0.4111 0.9116 -0.0000
vn -0.5434 0.8395 -0.0000
vn -0.6628 0.7488 -0.0000
vn -0.7646 0.6445 -0.0000
vn -0.8464 0.5325 -0.0000
vn -0.9084 0.4180 -0.0000
vn -0.9522 0.3054 -0.0000
vn -0.9803 0.1974 -0.0000
vn -0.9954 0.0956 -0.0000
vn -0.9997 0.0232 -0.0000
vn -0.7071 -0.7071 -0.0000
vn 0.9997 -0.0261 -0.0000
vn 0.9941 -0.1080 -0.0000
vn 0.9749 -0.2226 -0.0000
vn 0.9397 -0.3421 -0.0000
vn 0.8865 -0.4627 -0.0000
vn 0.8146 -0.5800 -0.0000
vn 0.7248 -0.6890 -0.0000
vn 0.6195 -0.7850 -0.0000
vn 0.5026 -0.8645 -0.0000
vn 0.3783 -0.9257 -0.0000
vn 0.2509 -0.9680 -0.0000
vn 0.1240 -0.9923 -0.0000
vn 0.2508 -0.9680 -0.0000
vn 0.0117 -0.9999 -0.0000
vn -0.1013 -0.9949 -0.0000
vn -0.2169 -0.9762 -0.0000
vn -0.3115 -0.9502 -0.0000
vn -0.3891 -0.9212 -0.0000
vn -0.4533 -0.8913 -0.0000
vn -0.5073 -0.8618 -0.0000
vn -0.5533 -0.8330 -0.0000
vn -0.5934 -0.8049 -0.0000
vn -0.6288 -0.7775 -0.0000
vn -0.6609 -0.7505 -0.0000
vn -0.6903 -0.7235 -0.0000
vn -0.9231 -0.3845 -0.0000
vn 0.9998 -0.0217 -0.0000
vn 0.9815 -0.1916 -0.0000
vn 0.9533 -0.3021 -0.0000
vn 0.9075 -0.4201 -0.0000
vn 0.8411 -0.5409 -0.0000
vn 0.7527 -0.6583 -0.0000
vn 0.6442 -0.7648 -0.0000
vn 0.5203 -0.8540 -0.0000
vn 0.6442 -0.7649 -0.0000
vn 0.3877 -0.9218 -0.0000
vn 0.5202 -0.8540 -0.0000
vn 0.2535 -0.9673 -0.0000
vn 0.1235 -0.9923 -0.0000
vn 0.0163 -0.9999 -0.0000
vn -0.0585 -0.9983 -0.0000
vn -0.1255 -0.9921 -0.0000
vn -0.2011 -0.9796 -0.0000
vn -0.1256 -0.9921 -0.0000
vn -0.2825 -0.9593 -0.0000
vn -0.3659 -0.9307 -0.0000
vn -0.4469 -0.8946 -0.0000
vn -0.5218 -0.8531 -0.0000
vn -0.5879 -0.8089 -0.0000
vn -0.6441 -0.7649 -0.0000
vn -0.6904 -0.7234 -0.0000
vn -0.7277 -0.6859 -0.0000
vn -0.9338 -0.3577 -0.0000
vn -0.4869 -0.8735 -0.0000
vn -0.5233 -0.8522 -0.0000
vn -0.4449 -0.8956 -0.0000
vn -0.3980 -0.9174 -0.0000
vn -0.3470 -0.9379 -0.0000
vn -0.2934 -0.9560 -0.0000
vn -0.2388 -0.9711 -0.0000
vn -0.1848 -0.9828 -0.0000
vn -0.1330 -0.9911 -0.0000
vn -0.0845 -0.9964 -0.0000
vn -0.0403 -0.9992 -0.0000
vn 0.0250 -0.9997 -0.0000
vn 0.1412 -0.9900 -0.0000
vn 0.2852 -0.9585 -0.0000
vn 0.4256 -0.9049 -0.0000
vn 0.5557 -0.8314 -0.0000
vn 0.6701 -0.7422 -0.0000
vn 0.7664 -0.6424 -0.0000
vn 0.8438 -0.5366 -0.0000
vn 0.9036 -0.4283 -0.0000
vn 0.9475 -0.3198 -0.0000
vn 0.9773 -0.2121 -0.0000
vn 0.9944 -0.1055 -0.0000
vn 1.0000 0.0004 -0.0000
vn 0.9940 0.1091 -0.0000
vn 0.9749 0.2227 -0.0000
vn 0.9406 0.3396 -0.0000
vn 0.8894 0.4571 -0.0000
vn 0.8205 0.5717 -0.0000
vn 0.7339 0.6793 -0.0000
vn 0.6309 0.7758 -0.0000
vn 0.3887 0.9214 -0.0000
vn 0.2581 0.9661 -0.0000
vn 0.1274 0.9919 -0.0000
vn 0.0020 1.0000 -0.0000
vn -0.1222 0.9925 -0.0000
vn -0.2545 0.9671 -0.0000
vn -0.3939 0.9192 -0.0000
vn -0.5325 0.8465 -0.0000
vn -0.6607 0.7506 -0.0000
vn -0.7703 0.6377 -0.0000
vn -0.8564 0.5163 -0.0000
vn -0.9186 0.3951 -0.0000
vn -0.9599 0.2805 -0.0000
vn -0.9844 0.1760 -0.0000
vn -0.9966 0.0830 -0.0000
vn -0.7209 -0.6931 -0.0000
vn -0.7734 -0.6340 -0.0000
vn -0.7209 -0.6930 -0.0000
vn -0.9706 0.2406 -0.0000
vn -0.7733 -0.6340 -0.0000
vn -0.9427 0.3338 -0.0000
vn -0.9005 0.4348 -0.0000
vn -0.8413 0.5406 -0.0000
vn -0.7633 0.6461 -0.0000
vn -0.6671 0.7449 -0.0000
vn -0.5566 0.8308 -0.0000
vn -0.4378 0.8991 -0.0000
vn -0.3177 0.9482 -0.0000
vn -0.2026 0.9793 -0.0000
vn -0.0965 0.9953 -0.0000
vn -0.0076 1.0000 -0.0000
vn 0.0612 0.9981 -0.0000
vn 0.1212 0.9926 -0.0000
vn 0.1792 0.9838 -0.0000
vn 0.2344 0.9721 -0.0000
vn 0.2864 0.9581 -0.0000
vn 0.3347 0.9423 -0.0000
vn 0.3793 0.9253 -0.0000
vn 0.4201 0.9075 -0.0000
vn 0.4571 0.8894 -0.0000
vn 0.4904 0.8715 -0.0000
vn 0.5202 0.8540 -0.0000
vn -0.4826 0.8759 -0.0000
vn -0.8775 -0.4796 -0.0000
vn -0.4826 0.8758 -0.0000
vn 0.9704 -0.2417 -0.0000
vn 0.9902 -0.1396 -0.0000
vn 0.9367 -0.3501 -0.0000
vn 0.9703 -0.2417 -0.0000
vn 0.8866 -0.4625 -0.0000
vn 0.8179 -0.5753 -0.0000
vn 0.7300 -0.6835 -0.0000
vn 0.6242 -0.7812 -0.0000
vn 0.5044 -0.8634 -0.0000
vn 0.3763 -0.9265 -0.0000
vn 0.5045 -0.8634 -0.0000
vn 0.2462 -0.9692 -0.0000
vn 0.1198 -0.9928 -0.0000
vn 0.0038 -1.0000 -0.0000
vn -0.1048 -0.9945 -0.0000
vn -0.2179 -0.9760 -0.0000
vn -0.3375 -0.9413 -0.0000
vn -0.4587 -0.8886 -0.0000
vn -0.5754 -0.8179 -0.0000
vn -0.6814 -0.7319 -0.0000
vn -0.7721 -0.6355 -0.0000
vn -0.8452 -0.5345 -0.0000
vn -0.9009 -0.4341 -0.0000
vn -0.9411 -0.3381 -0.0000
vn -0.9685 -0.2490 -0.0000
vn -0.7766 0.6300 -0.0000
vn 0.7384 0.6744 -0.0000
vn 0.7383 0.6744 -0.0000
vn -0.2465 0.9692 -0.0000
vn -0.1217 0.9926 -0.0000
vn -0.3712 0.9285 -0.0000
vn -0.4921 0.8705 -0.0000
vn -0.6053 0.7960 -0.0000
vn -0.7076 0.7066 -0.0000
vn -0.7964 0.6048 -0.0000
vn -0.8700 0.4931 -0.0000
vn -0.9273 0.3743 -0.0000
vn -0.9921 0.1255 -0.0000
vn -1.0000 -0.0000 -0.0000
vn -0.9921 -0.1251 -0.0000
vn -0.9684 -0.2494 -0.0000
vn -0.9286 -0.3711 -0.0000
vn -0.8726 -0.4885 -0.0000
vn -0.8005 -0.5993 -0.0000
vn -0.7130 -0.7012 -0.0000
vn -0.6114 -0.7913 -0.0000
vn -0.4980 -0.8672 -0.0000
vn -0.3761 -0.9266 -0.0000
vn -0.2497 -0.9683 -0.0000
vn -0.1232 -0.9924 -0.0000
vn 0.0008 -1.0000 -0.0000
vn 0.1260 -0.9920 -0.0000
vn 0.2541 -0.9672 -0.0000
vn 0.3807 -0.9247 -0.0000
vn 0.5017 -0.8650 -0.0000
vn 0.6136 -0.7896 -0.0000
vn 0.7137 -0.7004 -0.0000
vn 0.8001 -0.5999 -0.0000
vn 0.8716 -0.4902 -0.0000
vn 0.9276 -0.3736 -0.0000
vn 0.9678 -0.2519 -0.0000
vn 0.9919 -0.1267 -0.0000
vn 1.0000 0.0003 -0.0000
vn 0.9918 0.1281 -0.0000
vn 0.9669 0.2551 -0.0000
vn 0.9255 0.3787 -0.0000
vn 0.8679 0.4967 -0.0000
vn 0.7947 0.6070 -0.0000
vn 0.7069 0.7073 -0.0000
vn 0.6061 0.7954 -0.0000
vn 0.4944 0.8692 -0.0000
vn 0.3745 0.9272 -0.0000
vn 0.2498 0.9683 -0.0000
vn 0.1239 0.9923 -0.0000
vn 0.0007 1.0000 -0.0000
vn 0.2464 0.9692 -0.0000
vn 0.1226 0.9925 -0.0000
vn 0.4869 0.8735 -0.0000
vn 0.3687 0.9295 -0.0000
vn 0.5981 0.8015 -0.0000
vn 0.6996 0.7145 -0.0000
vn 0.7891 0.6143 -0.0000
vn 0.8644 0.5028 -0.0000
vn 0.9239 0.3825 -0.0000
vn 0.9665 0.2565 -0.0000
vn 0.9918 0.1280 -0.0000
vn 1.0000 0.0002 -0.0000
vn 0.9918 -0.1274 -0.0000
vn 0.9667 -0.2558 -0.0000
vn 0.9241 -0.3821 -0.0000
vn 0.8644 -0.5028 -0.0000
vn 0.7887 -0.6148 -0.0000
vn 0.6986 -0.7155 -0.0000
vn 0.5966 -0.8025 -0.0000
vn 0.4851 -0.8745 -0.0000
vn 0.3668 -0.9303 -0.0000
vn 0.2448 -0.9696 -0.0000
vn 0.1217 -0.9926 -0.0000
vn -0.0002 -1.0000 -0.0000
vn -0.1224 -0.9925 -0.0000
vn -0.2459 -0.9693 -0.0000
vn -0.3682 -0.9297 -0.0000
vn -0.4864 -0.8737 -0.0000
vn -0.5978 -0.8016 -0.0000
vn -0.6996 -0.7146 -0.0000
vn -0.7893 -0.6140 -0.0000
vn -0.8648 -0.5022 -0.0000
vn -0.9243 -0.3817 -0.0000
vn -0.9668 -0.2556 -0.0000
vn -0.9919 -0.1274 -0.0000
vn -1.0000 0.0002 -0.0000
vn -0.9918 0.1279 -0.0000
vn -0.9666 0.2563 -0.0000
vn -0.9241 0.3821 -0.0000
vn -0.8648 0.5022 -0.0000
vn -0.7897 0.6135 -0.0000
vn -0.7005 0.7136 -0.0000
vn -0.5993 0.8005 -0.0000
vn -0.4883 0.8727 -0.0000
vn -0.3701 0.9290 -0.0000
vn -0.2475 0.9689 -0.0000
vn -0.1233 0.9924 -0.0000
vn -0.0002 1.0000 -0.0000
vn 0.0046 1.0000 -0.0000
vn -0.5470 0.8371 -0.0000
vn 0.5508 0.8346 -0.0000
vn 0.0045 1.0000 -0.0000
vn -0.8357 0.5492 -0.0000
vn -0.5492 -0.8357 -0.0000
vn 0.5453 -0.8382 -0.0000
vn 0.8382 0.5454 -0.0000
vn 0.8382 0.5453 -0.0000
vn 0.4939 0.8695 -0.0000
vn 0.8475 0.5309 -0.0000
vn 0.8215 0.5702 -0.0000
vn 0.7896 0.6136 -0.0000
vn 0.7502 0.6612 -0.0000
vn 0.7015 0.7127 -0.0000
vn 0.6414 0.7672 -0.0000
vn 0.5679 0.8231 -0.0000
vn 0.4795 0.8775 -0.0000
vn 0.3758 0.9267 -0.0000
vn 0.2585 0.9660 -0.0000
vn 0.1314 0.9913 -0.0000
vn 0.0132 0.9999 -0.0000
vn -0.0794 0.9968 -0.0000
vn -0.1584 0.9874 -0.0000
vn -0.2353 0.9719 -0.0000
vn -0.3086 0.9512 -0.0000
vn -0.2354 0.9719 -0.0000
vn -0.3767 0.9263 -0.0000
vn -0.4390 0.8985 -0.0000
vn -0.4949 0.8690 -0.0000
vn -0.5444 0.8388 -0.0000
vn -0.5879 0.8089 -0.0000
vn -0.6257 0.7800 -0.0000
vn -0.6585 0.7526 -0.0000
vn -0.9900 0.1414 -0.0000
vn -0.1400 -0.9901 -0.0000
vn 0.6579 -0.7531 -0.0000
vn -0.1400 -0.9902 -0.0000
vn 0.6218 -0.7832 -0.0000
vn 0.5852 -0.8109 -0.0000
vn 0.5474 -0.8368 -0.0000
vn 0.5077 -0.8615 -0.0000
vn 0.4647 -0.8855 -0.0000
vn 0.5077 -0.8616 -0.0000
vn 0.4171 -0.9089 -0.0000
vn 0.3627 -0.9319 -0.0000
vn 0.2985 -0.9544 -0.0000
vn 0.2203 -0.9754 -0.0000
vn 0.1219 -0.9925 -0.0000
vn -0.0082 -1.0000 -0.0000
vn -0.1651 -0.9863 -0.0000
vn -0.3230 -0.9464 -0.0000
vn -0.4666 -0.8845 -0.0000
vn -0.5918 -0.8061 -0.0000
vn -0.6975 -0.7166 -0.0000
vn -0.7845 -0.6201 -0.0000
vn -0.8543 -0.5197 -0.0000
vn -0.9089 -0.4171 -0.0000
vn -0.9497 -0.3132 -0.0000
vn -0.9780 -0.2088 -0.0000
vn -0.9946 -0.1042 -0.0000
vn -0.9997 -0.0259 -0.0000
vt 0.222222 0.000000
vt 0.259259 0.000000
vt 0.240741 0.000000
vt 0.277778 0.000000
vt 0.203704 0.000000
vt 0.296296 0.000000
vt 0.185185 0.000000
vt 0.314815 0.000000
vt 0.333333 0.000000
vt 0.166667 0.000000
vt 0.351852 0.000000
vt 0.962963 0.000000
vt 1.000000 0.000000
vt 0.981481 0.000000
vt 0.000000 0.000000
vt 0.148148 0.000000
vt 0.370370 0.000000
vt 0.388889 0.000000
vt 0.129630 0.000000
vt 0.407407 0.000000
vt 0.111111 0.000000
vt 0.425926 0.000000
vt 0.444444 0.000000
vt 0.092593 0.000000
vt 0.462963 0.000000
vt 0.074074 0.000000
vt 0.648148 0.000000
vt 0.629630 0.000000
vt 0.611111 0.000000
vt 0.592593 0.000000
vt 0.574074 0.000000
vt 0.555556 0.000000
vt 0.537037 0.000000
vt 0.518519 0.000000
vt 0.500000 0.000000
vt 0.481481 0.000000
vt 0.055556 0.000000
vt 0.685185 0.000000
vt 0.666667 0.000000
vt 0.037037 0.000000
vt 0.722222 0.000000
vt 0.703704 0.000000
vt 0.740741 0.000000
vt 0.759259 0.000000
vt 0.018519 0.000000
vt 0.777778 0.000000
vt 0.796296 0.000000
vt 0.870370 0.000000
vt 0.851852 0.000000
vt 0.833333 0.000000
vt 0.814815 0.000000
vt 0.888889 0.000000
vt 0.907407 0.000000
vt 0.925926 0.000000
vt 0.944444 0.000000
vt 0.346939 0.000000
vt 0.367347 0.000000
vt 0.357143 0.000000
vt 0.377551 0.000000
vt 0.336735 0.000000
vt 0.387755 0.000000
vt 0.326531 0.000000
vt 0.397959 0.000000
vt 0.316327 0.000000
vt 0.408163 0.000000
vt 0.306122 0.000000
vt 0.418367 0.000000
vt 0.295918 0.000000
vt 0.428571 0.000000
vt 0.285714 0.000000
vt 0.867347 0.000000
vt 0.877551 0.000000
vt 0.857143 0.000000
vt 0.887755 0.000000
vt 0.846939 0.000000
vt 0.897959 0.000000
vt 0.836735 0.000000
vt 0.438776 0.000000
vt 0.908163 0.000000
vt 0.275510 0.000000
vt 0.826531 0.000000
vt 0.918367 0.000000
vt 0.816327 0.000000
vt 0.928571 0.000000
vt 0.806122 0.000000
vt 0.938776 0.000000
vt 0.795918 0.000000
vt 0.265306 0.000000
vt 0.448980 0.000000
vt 0.948980 0.000000
vt 0.785714 0.000000
vt 0.959184 0.000000
vt 0.775510 0.000000
vt 0.255102 0.000000
vt 0.459184 0.000000
vt 0.969388 0.000000
vt 0.765306 0.000000
vt 0.979592 0.000000
vt 0.755102 0.000000
vt 0.244898 0.000000
vt 0.989796 0.000000
vt 0.469388 0.000000
vt 0.234694 0.000000
vt 0.479592 0.000000
vt 0.224490 0.000000
vt 0.489796 0.000000
vt 0.214286 0.000000
vt 0.510204 0.000000
vt 0.520408 0.000000
vt 0.204082 0.000000
vt 0.530612 0.000000
vt 0.193878 0.000000
vt 0.540816 0.000000
vt 0.724490 0.000000
vt 0.744898 0.000000
vt 0.734694 0.000000
vt 0.551020 0.000000
vt 0.714286 0.000000
vt 0.704082 0.000000
vt 0.183673 0.000000
vt 0.561224 0.000000
vt 0.693878 0.000000
vt 0.683673 0.000000
vt 0.571429 0.000000
vt 0.673469 0.000000
vt 0.581633 0.000000
vt 0.663265 0.000000
vt 0.173469 0.000000
vt 0.653061 0.000000
vt 0.591837 0.000000
vt 0.642857 0.000000
vt 0.602041 0.000000
vt 0.632653 0.000000
vt 0.622449 0.000000
vt 0.612245 0.000000
vt 0.163265 0.000000
vt 0.153061 0.000000
vt 0.010204 0.000000
vt 0.020408 0.000000
vt 0.142857 0.000000
vt 0.030612 0.000000
vt 0.040816 0.000000
vt 0.132653 0.000000
vt 0.051020 0.000000
vt 0.061224 0.000000
vt 0.122449 0.000000
vt 0.071429 0.000000
vt 0.081633 0.000000
vt 0.091837 0.000000
vt 0.112245 0.000000
vt 0.102041 0.000000
vt 0.484211 0.000000
vt 0.494737 0.000000
vt 0.010526 0.000000
vt 0.473684 0.000000
vt 0.021053 0.000000
vt 0.463158 0.000000
vt 0.031579 0.000000
vt 0.452632 0.000000
vt 0.042105 0.000000
vt 0.442105 0.000000
vt 0.052632 0.000000
vt 0.431579 0.000000
vt 0.747368 0.000000
vt 0.757895 0.000000
vt 0.736842 0.000000
vt 0.768421 0.000000
vt 0.726316 0.000000
vt 0.778947 0.000000
vt 0.715789 0.000000
vt 0.063158 0.000000
vt 0.421053 0.000000
vt 0.789474 0.000000
vt 0.705263 0.000000
vt 0.800000 0.000000
vt 0.694737 0.000000
vt 0.073684 0.000000
vt 0.410526 0.000000
vt 0.810526 0.000000
vt 0.684211 0.000000
vt 0.821053 0.000000
vt 0.673684 0.000000
vt 0.084211 0.000000
vt 0.400000 0.000000
vt 0.831579 0.000000
vt 0.663158 0.000000
vt 0.094737 0.000000
vt 0.389474 0.000000
vt 0.842105 0.000000
vt 0.652632 0.000000
vt 0.852632 0.000000
vt 0.642105 0.000000
vt 0.105263 0.000000
vt 0.378947 0.000000
vt 0.863158 0.000000
vt 0.631579 0.000000
vt 0.115789 0.000000
vt 0.368421 0.000000
vt 0.873684 0.000000
vt 0.621053 0.000000
vt 0.357895 0.000000
vt 0.884211 0.000000
vt 0.610526 0.000000
vt 0.126316 0.000000
vt 0.894737 0.000000
vt 0.600000 0.000000
vt 0.136842 0.000000
vt 0.347368 0.000000
vt 0.905263 0.000000
vt 0.589474 0.000000
vt 0.147368 0.000000
vt 0.336842 0.000000
vt 0.915789 0.000000
vt 0.578947 0.000000
vt 0.157895 0.000000
vt 0.326316 0.000000
vt 0.926316 0.000000
vt 0.568421 0.000000
vt 0.936842 0.000000
vt 0.557895 0.000000
vt 0.168421 0.000000
vt 0.315789 0.000000
vt 0.947368 0.000000
vt 0.547368 0.000000
vt 0.957895 0.000000
vt 0.536842 0.000000
vt 0.178947 0.000000
vt 0.305263 0.000000
vt 0.968421 0.000000
vt 0.526316 0.000000
vt 0.978947 0.000000
vt 0.515789 0.000000
vt 0.189474 0.000000
vt 0.294737 0.000000
vt 0.989474 0.000000
vt 0.505263 0.000000
vt 0.200000 0.000000
vt 0.284211 0.000000
vt 0.210526 0.000000
vt 0.273684 0.000000
vt 0.221053 0.000000
vt 0.263158 0.000000
vt 0.231579 0.000000
vt 0.252632 0.000000
vt 0.242105 0.000000
vt 0.103774 0.000000
vt 0.122642 0.000000
vt 0.113208 0.000000
vt 0.330189 0.000000
vt 0.349057 0.000000
vt 0.339623 0.000000
vt 0.094340 0.000000
vt 0.132075 0.000000
vt 0.320755 0.000000
vt 0.358491 0.000000
vt 0.084906 0.000000
vt 0.141509 0.000000
vt 0.311321 0.000000
vt 0.075472 0.000000
vt 0.150943 0.000000
vt 0.367925 0.000000
vt 0.301887 0.000000
vt 0.066038 0.000000
vt 0.981132 0.000000
vt 0.990566 0.000000
vt 0.160377 0.000000
vt 0.292453 0.000000
vt 0.056604 0.000000
vt 0.377358 0.000000
vt 0.169811 0.000000
vt 0.047170 0.000000
vt 0.283019 0.000000
vt 0.179245 0.000000
vt 0.386792 0.000000
vt 0.037736 0.000000
vt 0.273585 0.000000
vt 0.188679 0.000000
vt 0.028302 0.000000
vt 0.264151 0.000000
vt 0.396226 0.000000
vt 0.198113 0.000000
vt 0.018868 0.000000
vt 0.254717 0.000000
vt 0.207547 0.000000
vt 0.009434 0.000000
vt 0.405660 0.000000
vt 0.245283 0.000000
vt 0.216981 0.000000
vt 0.235849 0.000000
vt 0.594340 0.000000
vt 0.415094 0.000000
vt 0.962264 0.000000
vt 0.952830 0.000000
vt 0.943396 0.000000
vt 0.933962 0.000000
vt 0.924528 0.000000
vt 0.915094 0.000000
vt 0.905660 0.000000
vt 0.896226 0.000000
vt 0.886792 0.000000
vt 0.877358 0.000000
vt 0.867925 0.000000
vt 0.858491 0.000000
vt 0.849057 0.000000
vt 0.226415 0.000000
vt 0.603774 0.000000
vt 0.839623 0.000000
vt 0.584906 0.000000
vt 0.613208 0.000000
vt 0.830189 0.000000
vt 0.575472 0.000000
vt 0.622642 0.000000
vt 0.820755 0.000000
vt 0.566038 0.000000
vt 0.632075 0.000000
vt 0.811321 0.000000
vt 0.556604 0.000000
vt 0.641509 0.000000
vt 0.424528 0.000000
vt 0.801887 0.000000
vt 0.650943 0.000000
vt 0.547170 0.000000
vt 0.660377 0.000000
vt 0.792453 0.000000
vt 0.537736 0.000000
vt 0.669811 0.000000
vt 0.783019 0.000000
vt 0.528302 0.000000
vt 0.679245 0.000000
vt 0.433962 0.000000
vt 0.773585 0.000000
vt 0.688679 0.000000
vt 0.518868 0.000000
vt 0.698113 0.000000
vt 0.764151 0.000000
vt 0.509434 0.000000
vt 0.707547 0.000000
vt 0.443396 0.000000
vt 0.754717 0.000000
vt 0.971698 0.000000
vt 0.716981 0.000000
vt 0.745283 0.000000
vt 0.490566 0.000000
vt 0.452830 0.000000
vt 0.735849 0.000000
vt 0.481132 0.000000
vt 0.462264 0.000000
vt 0.726415 0.000000
vt 0.471698 0.000000
vt 0.560694 0.000000
vt 0.572254 0.000000
vt 0.566474 0.000000
vt 0.554913 0.000000
vt 0.578035 0.000000
vt 0.549133 0.000000
vt 0.543353 0.000000
vt 0.583815 0.000000
vt 0.537572 0.000000
vt 0.589595 0.000000
vt 0.531792 0.000000
vt 0.526012 0.000000
vt 0.595376 0.000000
vt 0.520231 0.000000
vt 0.601156 0.000000
vt 0.514451 0.000000
vt 0.508671 0.000000
vt 0.606936 0.000000
vt 0.502890 0.000000
vt 0.612717 0.000000
vt 0.497110 0.000000
vt 0.491329 0.000000
vt 0.485549 0.000000
vt 0.479769 0.000000
vt 0.473988 0.000000
vt 0.468208 0.000000
vt 0.462428 0.000000
vt 0.456647 0.000000
vt 0.450867 0.000000
vt 0.445087 0.000000
vt 0.439306 0.000000
vt 0.433526 0.000000
vt 0.427746 0.000000
vt 0.421965 0.000000
vt 0.618497 0.000000
vt 0.416185 0.000000
vt 0.624277 0.000000
vt 0.410405 0.000000
vt 0.404624 0.000000
vt 0.398844 0.000000
vt 0.393064 0.000000
vt 0.387283 0.000000
vt 0.630058 0.000000
vt 0.381503 0.000000
vt 0.375723 0.000000
vt 0.369942 0.000000
vt 0.635838 0.000000
vt 0.364162 0.000000
vt 0.358382 0.000000
vt 0.641618 0.000000
vt 0.352601 0.000000
vt 0.346821 0.000000
vt 0.341040 0.000000
vt 0.335260 0.000000
vt 0.329480 0.000000
vt 0.323699 0.000000
vt 0.317919 0.000000
vt 0.791907 0.000000
vt 0.994220 0.000000
vt 0.797688 0.000000
vt 0.312139 0.000000
vt 0.803468 0.000000
vt 0.306358 0.000000
vt 0.809249 0.000000
vt 0.300578 0.000000
vt 0.815029 0.000000
vt 0.820809 0.000000
vt 0.294798 0.000000
vt 0.826590 0.000000
vt 0.289017 0.000000
vt 0.832370 0.000000
vt 0.838150 0.000000
vt 0.283237 0.000000
vt 0.843931 0.000000
vt 0.849711 0.000000
vt 0.277457 0.000000
vt 0.855491 0.000000
vt 0.271676 0.000000
vt 0.861272 0.000000
vt 0.867052 0.000000
vt 0.265896 0.000000
vt 0.872832 0.000000
vt 0.878613 0.000000
vt 0.988439 0.000000
vt 0.260116 0.000000
vt 0.982659 0.000000
vt 0.884393 0.000000
vt 0.976879 0.000000
vt 0.774566 0.000000
vt 0.786127 0.000000
vt 0.780347 0.000000
vt 0.647399 0.000000
vt 0.890173 0.000000
vt 0.768786 0.000000
vt 0.971098 0.000000
vt 0.653179 0.000000
vt 0.763006 0.000000
vt 0.254335 0.000000
vt 0.895954 0.000000
vt 0.658960 0.000000
vt 0.965318 0.000000
vt 0.757225 0.000000
vt 0.664740 0.000000
vt 0.959538 0.000000
vt 0.751445 0.000000
vt 0.901734 0.000000
vt 0.670520 0.000000
vt 0.745665 0.000000
vt 0.953757 0.000000
vt 0.676301 0.000000
vt 0.739884 0.000000
vt 0.907514 0.000000
vt 0.682081 0.000000
vt 0.947977 0.000000
vt 0.734104 0.000000
vt 0.687861 0.000000
vt 0.248555 0.000000
vt 0.728324 0.000000
vt 0.913295 0.000000
vt 0.942197 0.000000
vt 0.693642 0.000000
vt 0.722543 0.000000
vt 0.699422 0.000000
vt 0.716763 0.000000
vt 0.936416 0.000000
vt 0.705202 0.000000
vt 0.710983 0.000000
vt 0.919075 0.000000
vt 0.930636 0.000000
vt 0.924855 0.000000
vt 0.132948 0.000000
vt 0.242775 0.000000
vt 0.138728 0.000000
vt 0.127168 0.000000
vt 0.236994 0.000000
vt 0.144509 0.000000
vt 0.121387 0.000000
vt 0.231214 0.000000
vt 0.150289 0.000000
vt 0.115607 0.000000
vt 0.005780 0.000000
vt 0.156069 0.000000
vt 0.109827 0.000000
vt 0.225434 0.000000
vt 0.011561 0.000000
vt 0.161850 0.000000
vt 0.104046 0.000000
vt 0.017341 0.000000
vt 0.219653 0.000000
vt 0.167630 0.000000
vt 0.098266 0.000000
vt 0.023121 0.000000
vt 0.173410 0.000000
vt 0.092486 0.000000
vt 0.028902 0.000000
vt 0.213873 0.000000
vt 0.179191 0.000000
vt 0.086705 0.000000
vt 0.034682 0.000000
vt 0.184971 0.000000
vt 0.040462 0.000000
vt 0.080925 0.000000
vt 0.208092 0.000000
vt 0.046243 0.000000
vt 0.190751 0.000000
vt 0.075145 0.000000
vt 0.052023 0.000000
vt 0.196532 0.000000
vt 0.069364 0.000000
vt 0.202312 0.000000
vt 0.057803 0.000000
vt 0.063584 0.000000
vt 0.336634 0.000000
vt 0.356436 0.000000
vt 0.346535 0.000000
vt 0.366337 0.000000
vt 0.376238 0.000000
vt 0.386139 0.000000
vt 0.326733 0.000000
vt 0.396040 0.000000
vt 0.405941 0.000000
vt 0.415842 0.000000
vt 0.316832 0.000000
vt 0.425743 0.000000
vt 0.435644 0.000000
vt 0.306931 0.000000
vt 0.445545 0.000000
vt 0.455446 0.000000
vt 0.297030 0.000000
vt 0.465347 0.000000
vt 0.574257 0.000000
vt 0.564356 0.000000
vt 0.554455 0.000000
vt 0.544554 0.000000
vt 0.534653 0.000000
vt 0.524752 0.000000
vt 0.514852 0.000000
vt 0.504951 0.000000
vt 0.495050 0.000000
vt 0.485149 0.000000
vt 0.475248 0.000000
vt 0.287129 0.000000
vt 0.594059 0.000000
vt 0.584158 0.000000
vt 0.603960 0.000000
vt 0.613861 0.000000
vt 0.623762 0.000000
vt 0.277228 0.000000
vt 0.633663 0.000000
vt 0.643564 0.000000
vt 0.267327 0.000000
vt 0.653465 0.000000
vt 0.663366 0.000000
vt 0.257426 0.000000
vt 0.673267 0.000000
vt 0.247525 0.000000
vt 0.683168 0.000000
vt 0.693069 0.000000
vt 0.237624 0.000000
vt 0.702970 0.000000
vt 0.227723 0.000000
vt 0.712871 0.000000
vt 0.722772 0.000000
vt 0.217822 0.000000
vt 0.970297 0.000000
vt 0.990099 0.000000
vt 0.980198 0.000000
vt 0.960396 0.000000
vt 0.732673 0.000000
vt 0.207921 0.000000
vt 0.742574 0.000000
vt 0.950495 0.000000
vt 0.198020 0.000000
vt 0.752475 0.000000
vt 0.762376 0.000000
vt 0.188119 0.000000
vt 0.772277 0.000000
vt 0.178218 0.000000
vt 0.782178 0.000000
vt 0.792079 0.000000
vt 0.168317 0.000000
vt 0.801980 0.000000
vt 0.940594 0.000000
vt 0.930693 0.000000
vt 0.920792 0.000000
vt 0.811881 0.000000
vt 0.910891 0.000000
vt 0.900990 0.000000
vt 0.891089 0.000000
vt 0.821782 0.000000
vt 0.158416 0.000000
vt 0.881188 0.000000
vt 0.871287 0.000000
vt 0.861386 0.000000
vt 0.831683 0.000000
vt 0.851485 0.000000
vt 0.841584 0.000000
vt 0.148515 0.000000
vt 0.009901 0.000000
vt 0.138614 0.000000
vt 0.019802 0.000000
vt 0.029703 0.000000
vt 0.128713 0.000000
vt 0.039604 0.000000
vt 0.049505 0.000000
vt 0.059406 0.000000
vt 0.118812 0.000000
vt 0.069307 0.000000
vt 0.079208 0.000000
vt 0.089109 0.000000
vt 0.108911 0.000000
vt 0.099010 0.000000
vt 0.009804 1.000000
vt 0.000000 1.000000
vt 0.019608 1.000000
vt 0.009804 0.000000
vt 0.029412 1.000000
vt 0.019608 0.000000
vt 0.039216 1.000000
vt 0.029412 0.000000
vt 0.049020 1.000000
vt 0.039216 0.000000
vt 0.058824 1.000000
vt 0.049020 0.000000
vt 0.068627 1.000000
vt 0.058824 0.000000
vt 0.078431 1.000000
vt 0.068627 0.000000
vt 0.088235 1.000000
vt 0.078431 0.000000
vt 0.098039 1.000000
vt 0.088235 0.000000
vt 0.107843 1.000000
vt 0.098039 0.000000
vt 0.117647 1.000000
vt 0.107843 0.000000
vt 0.127451 1.000000
vt 0.117647 0.000000
vt 0.137255 1.000000
vt 0.127451 0.000000
vt 0.147059 1.000000
vt 0.137255 0.000000
vt 0.156863 0.000000
vt 0.147059 0.000000
vt 0.166667 1.000000
vt 0.156863 1.000000
vt 0.176471 1.000000
vt 0.186275 0.000000
vt 0.176471 0.000000
vt 0.196078 1.000000
vt 0.186275 1.000000
vt 0.205882 0.000000
vt 0.196078 0.000000
vt 0.215686 1.000000
vt 0.205882 1.000000
vt 0.225490 0.000000
vt 0.215686 0.000000
vt 0.235294 1.000000
vt 0.225490 1.000000
vt 0.245098 0.000000
vt 0.235294 0.000000
vt 0.254902 1.000000
vt 0.245098 1.000000
vt 0.264706 0.000000
vt 0.254902 0.000000
vt 0.274510 1.000000
vt 0.264706 1.000000
vt 0.284314 0.000000
vt 0.274510 0.000000
vt 0.294118 1.000000
vt 0.284314 1.000000
vt 0.303922 1.000000
vt 0.294118 0.000000
vt 0.313726 0.000000
vt 0.303922 0.000000
vt 0.323529 1.000000
vt 0.313726 1.000000
vt 0.333333 1.000000
vt 0.323529 0.000000
vt 0.343137 1.000000
vt 0.352941 1.000000
vt 0.343137 0.000000
vt 0.362745 1.000000
vt 0.352941 0.000000
vt 0.372549 1.000000
vt 0.362745 0.000000
vt 0.382353 1.000000
vt 0.372549 0.000000
vt 0.392157 1.000000
vt 0.382353 0.000000
vt 0.401961 1.000000
vt 0.392157 0.000000
vt 0.411765 1.000000
vt 0.401961 0.000000
vt 0.421569 1.000000
vt 0.411765 0.000000
vt 0.431373 1.000000
vt 0.421569 0.000000
vt 0.441176 1.000000
vt 0.431373 0.000000
vt 0.450980 1.000000
vt 0.441176 0.000000
vt 0.460784 1.000000
vt 0.450980 0.000000
vt 0.470588 1.000000
vt 0.460784 0.000000
vt 0.480392 1.000000
vt 0.470588 0.000000
vt 0.490196 1.000000
vt 0.480392 0.000000
vt 0.500000 1.000000
vt 0.490196 0.000000
vt 0.509804 0.000000
vt 0.519608 1.000000
vt 0.509804 1.000000
vt 0.529412 1.000000
vt 0.519608 0.000000
vt 0.539216 1.000000
vt 0.529412 0.000000
vt 0.549020 1.000000
vt 0.539216 0.000000
vt 0.558824 1.000000
vt 0.549020 0.000000
vt 0.568627 1.000000
vt 0.558824 0.000000
vt 0.578431 1.000000
vt 0.568627 0.000000
vt 0.588235 1.000000
vt 0.578431 0.000000
vt 0.598039 1.000000
vt 0.588235 0.000000
vt 0.607843 1.000000
vt 0.598039 0.000000
vt 0.617647 1.000000
vt 0.607843 0.000000
vt 0.627451 1.000000
vt 0.617647 0.000000
vt 0.637255 1.000000
vt 0.627451 0.000000
vt 0.647059 1.000000
vt 0.637255 0.000000
vt 0.656863 1.000000
vt 0.647059 0.000000
vt 0.666667 1.000000
vt 0.656863 0.000000
vt 0.676471 1.000000
vt 0.686275 1.000000
vt 0.676471 0.000000
vt 0.696078 1.000000
vt 0.686275 0.000000
vt 0.705882 1.000000
vt 0.696078 0.000000
vt 0.715686 1.000000
vt 0.705882 0.000000
vt 0.725490 1.000000
vt 0.715686 0.000000
vt 0.735294 1.000000
vt 0.725490 0.000000
vt 0.745098 1.000000
vt 0.735294 0.000000
vt 0.754902 1.000000
vt 0.745098 0.000000
vt 0.764706 1.000000
vt 0.754902 0.000000
vt 0.774510 1.000000
vt 0.764706 0.000000
vt 0.784314 1.000000
vt 0.774510 0.000000
vt 0.794118 1.000000
vt 0.784314 0.000000
vt 0.803922 1.000000
vt 0.794118 0.000000
vt 0.813725 1.000000
vt 0.803922 0.000000
vt 0.823529 1.000000
vt 0.813725 0.000000
vt 0.833333 1.000000
vt 0.823529 0.000000
vt 0.843137 1.000000
vt 0.852941 1.000000
vt 0.843137 0.000000
vt 0.862745 1.000000
vt 0.852941 0.000000
vt 0.872549 1.000000
vt 0.862745 0.000000
vt 0.882353 1.000000
vt 0.872549 0.000000
vt 0.892157 1.000000
vt 0.882353 0.000000
vt 0.901961 1.000000
vt 0.892157 0.000000
vt 0.911765 1.000000
vt 0.901961 0.000000
vt 0.921569 1.000000
vt 0.911765 0.000000
vt 0.931373 1.000000
vt 0.921569 0.000000
vt 0.941176 1.000000
vt 0.931373 0.000000
vt 0.950980 0.000000
vt 0.941176 0.000000
vt 0.960784 1.000000
vt 0.950980 1.000000
vt 0.970588 0.000000
vt 0.960784 0.000000
vt 0.980392 1.000000
vt 0.970588 1.000000
vt 0.990196 1.000000
vt 0.980392 0.000000
vt 1.000000 1.000000
vt 0.990196 0.000000
vt 0.007299 1.000000
vt 0.014599 1.000000
vt 0.007299 0.000000
vt 0.021898 1.000000
vt 0.014599 0.000000
vt 0.029197 1.000000
vt 0.021898 0.000000
vt 0.036496 1.000000
vt 0.029197 0.000000
vt 0.043796 1.000000
vt 0.036496 0.000000
vt 0.051095 1.000000
vt 0.043796 0.000000
vt 0.058394 1.000000
vt 0.051095 0.000000
vt 0.065693 1.000000
vt 0.058394 0.000000
vt 0.072993 1.000000
vt 0.065693 0.000000
vt 0.080292 1.000000
vt 0.072993 0.000000
vt 0.087591 1.000000
vt 0.080292 0.000000
vt 0.094891 1.000000
vt 0.087591 0.000000
vt 0.102190 1.000000
vt 0.094891 0.000000
vt 0.109489 1.000000
vt 0.102190 0.000000
vt 0.116788 1.000000
vt 0.109489 0.000000
vt 0.124088 1.000000
vt 0.116788 0.000000
vt 0.131387 1.000000
vt 0.124088 0.000000
vt 0.138686 1.000000
vt 0.131387 0.000000
vt 0.145985 1.000000
vt 0.138686 0.000000
vt 0.153285 1.000000
vt 0.145985 0.000000
vt 0.160584 1.000000
vt 0.153285 0.000000
vt 0.167883 1.000000
vt 0.160584 0.000000
vt 0.175182 1.000000
vt 0.167883 0.000000
vt 0.182482 1.000000
vt 0.175182 0.000000
vt 0.189781 1.000000
vt 0.182482 0.000000
vt 0.197080 1.000000
vt 0.189781 0.000000
vt 0.204380 1.000000
vt 0.197080 0.000000
vt 0.211679 1.000000
vt 0.204380 0.000000
vt 0.218978 1.000000
vt 0.211679 0.000000
vt 0.226277 1.000000
vt 0.218978 0.000000
vt 0.233577 1.000000
vt 0.226277 0.000000
vt 0.240876 1.000000
vt 0.233577 0.000000
vt 0.248175 1.000000
vt 0.240876 0.000000
vt 0.255474 1.000000
vt 0.248175 0.000000
vt 0.262774 1.000000
vt 0.255474 0.000000
vt 0.270073 1.000000
vt 0.262774 0.000000
vt 0.277372 1.000000
vt 0.270073 0.000000
vt 0.284672 1.000000
vt 0.277372 0.000000
vt 0.291971 1.000000
vt 0.284672 0.000000
vt 0.299270 1.000000
vt 0.291971 0.000000
vt 0.306569 1.000000
vt 0.299270 0.000000
vt 0.313869 1.000000
vt 0.306569 0.000000
vt 0.321168 0.000000
vt 0.313869 0.000000
vt 0.328467 1.000000
vt 0.321168 1.000000
vt 0.335766 1.000000
vt 0.328467 0.000000
vt 0.343066 1.000000
vt 0.335766 0.000000
vt 0.350365 1.000000
vt 0.343066 0.000000
vt 0.357664 0.000000
vt 0.350365 0.000000
vt 0.364964 1.000000
vt 0.357664 1.000000
vt 0.372263 1.000000
vt 0.364964 0.000000
vt 0.379562 1.000000
vt 0.372263 0.000000
vt 0.386861 1.000000
vt 0.379562 0.000000
vt 0.394161 1.000000
vt 0.386861 0.000000
vt 0.401460 1.000000
vt 0.394161 0.000000
vt 0.408759 1.000000
vt 0.401460 0.000000
vt 0.416058 0.000000
vt 0.408759 0.000000
vt 0.423358 1.000000
vt 0.416058 1.000000
vt 0.430657 1.000000
vt 0.423358 0.000000
vt 0.437956 1.000000
vt 0.430657 0.000000
vt 0.445255 1.000000
vt 0.437956 0.000000
vt 0.452555 1.000000
vt 0.445255 0.000000
vt 0.459854 0.000000
vt 0.452555 0.000000
vt 0.467153 1.000000
vt 0.459854 1.000000
vt 0.474453 1.000000
vt 0.467153 0.000000
vt 0.481752 1.000000
vt 0.474453 0.000000
vt 0.489051 1.000000
vt 0.481752 0.000000
vt 0.496350 1.000000
vt 0.489051 0.000000
vt 0.503650 1.000000
vt 0.496350 0.000000
vt 0.510949 1.000000
vt 0.503650 0.000000
vt 0.518248 1.000000
vt 0.510949 0.000000
vt 0.525547 1.000000
vt 0.518248 0.000000
vt 0.532847 1.000000
vt 0.525547 0.000000
vt 0.540146 1.000000
vt 0.532847 0.000000
vt 0.547445 1.000000
vt 0.540146 0.000000
vt 0.554745 1.000000
vt 0.547445 0.000000
vt 0.562044 1.000000
vt 0.554745 0.000000
vt 0.569343 1.000000
vt 0.562044 0.000000
vt 0.576642 1.000000
vt 0.569343 0.000000
vt 0.583942 1.000000
vt 0.576642 0.000000
vt 0.591241 1.000000
vt 0.583942 0.000000
vt 0.598540 1.000000
vt 0.591241 0.000000
vt 0.605839 1.000000
vt 0.598540 0.000000
vt 0.613139 1.000000
vt 0.605839 0.000000
vt 0.620438 1.000000
vt 0.613139 0.000000
vt 0.627737 0.000000
vt 0.620438 0.000000
vt 0.635036 1.000000
vt 0.627737 1.000000
vt 0.642336 1.000000
vt 0.635036 0.000000
vt 0.649635 1.000000
vt 0.642336 0.000000
vt 0.656934 1.000000
vt 0.649635 0.000000
vt 0.664234 1.000000
vt 0.656934 0.000000
vt 0.671533 1.000000
vt 0.664234 0.000000
vt 0.678832 1.000000
vt 0.671533 0.000000
vt 0.686131 1.000000
vt 0.678832 0.000000
vt 0.693431 1.000000
vt 0.686131 0.000000
vt 0.700730 1.000000
vt 0.693431 0.000000
vt 0.708029 1.000000
vt 0.700730 0.000000
vt 0.715328 1.000000
vt 0.708029 0.000000
vt 0.722628 1.000000
vt 0.715328 0.000000
vt 0.729927 1.000000
vt 0.722628 0.000000
vt 0.737226 1.000000
vt 0.729927 0.000000
vt 0.744526 1.000000
vt 0.737226 0.000000
vt 0.751825 1.000000
vt 0.744526 0.000000
vt 0.759124 1.000000
vt 0.751825 0.000000
vt 0.766423 1.000000
vt 0.759124 0.000000
vt 0.773723 1.000000
vt 0.766423 0.000000
vt 0.781022 1.000000
vt 0.773723 0.000000
vt 0.788321 1.000000
vt 0.781022 0.000000
vt 0.795620 1.000000
vt 0.788321 0.000000
vt 0.802920 1.000000
vt 0.795620 0.000000
vt 0.810219 1.000000
vt 0.802920 0.000000
vt 0.817518 1.000000
vt 0.810219 0.000000
vt 0.824818 1.000000
vt 0.817518 0.000000
vt 0.832117 1.000000
vt 0.824818 0.000000
vt 0.839416 1.000000
vt 0.832117 0.000000
vt 0.846715 1.000000
vt 0.839416 0.000000
vt 0.854015 1.000000
vt 0.846715 0.000000
vt 0.861314 1.000000
vt 0.854015 0.000000
vt 0.868613 1.000000
vt 0.861314 0.000000
vt 0.875912 1.000000
vt 0.868613 0.000000
vt 0.883212 1.000000
vt 0.875912 0.000000
vt 0.890511 1.000000
vt 0.883212 0.000000
vt 0.897810 1.000000
vt 0.890511 0.000000
vt 0.905109 1.000000
vt 0.897810 0.000000
vt 0.912409 1.000000
vt 0.905109 0.000000
vt 0.919708 1.000000
vt 0.912409 0.000000
vt 0.927007 1.000000
vt 0.919708 0.000000
vt 0.934307 1.000000
vt 0.927007 0.000000
vt 0.941606 1.000000
vt 0.934307 0.000000
vt 0.948905 1.000000
vt 0.941606 0.000000
vt 0.956204 1.000000
vt 0.948905 0.000000
vt 0.963504 1.000000
vt 0.956204 0.000000
vt 0.970803 1.000000
vt 0.963504 0.000000
vt 0.978102 1.000000
vt 0.970803 0.000000
vt 0.985401 1.000000
vt 0.978102 0.000000
vt 0.992701 1.000000
vt 0.985401 0.000000
vt 0.992701 0.000000
vt 0.027027 1.000000
vt 0.054054 1.000000
vt 0.027027 0.000000
vt 0.081081 1.000000
vt 0.054054 0.000000
vt 0.108108 1.000000
vt 0.081081 0.000000
vt 0.135135 1.000000
vt 0.108108 0.000000
vt 0.162162 1.000000
vt 0.135135 0.000000
vt 0.189189 1.000000
vt 0.162162 0.000000
vt 0.216216 1.000000
vt 0.189189 0.000000
vt 0.243243 1.000000
vt 0.216216 0.000000
vt 0.270270 1.000000
vt 0.243243 0.000000
vt 0.297297 1.000000
vt 0.270270 0.000000
vt 0.324324 1.000000
vt 0.297297 0.000000
vt 0.351351 1.000000
vt 0.324324 0.000000
vt 0.378378 1.000000
vt 0.351351 0.000000
vt 0.405405 1.000000
vt 0.378378 0.000000
vt 0.432432 1.000000
vt 0.405405 0.000000
vt 0.459459 1.000000
vt 0.432432 0.000000
vt 0.486486 1.000000
vt 0.459459 0.000000
vt 0.513514 1.000000
vt 0.486486 0.000000
vt 0.540541 1.000000
vt 0.513514 0.000000
vt 0.567568 1.000000
vt 0.540541 0.000000
vt 0.594595 1.000000
vt 0.567568 0.000000
vt 0.621622 1.000000
vt 0.594595 0.000000
vt 0.648649 0.000000
vt 0.621622 0.000000
vt 0.675676 1.000000
vt 0.648649 1.000000
vt 0.702703 1.000000
vt 0.675676 0.000000
vt 0.729730 1.000000
vt 0.702703 0.000000
vt 0.756757 1.000000
vt 0.729730 0.000000
vt 0.783784 1.000000
vt 0.756757 0.000000
vt 0.810811 1.000000
vt 0.783784 0.000000
vt 0.837838 1.000000
vt 0.810811 0.000000
vt 0.864865 1.000000
vt 0.837838 0.000000
vt 0.891892 1.000000
vt 0.864865 0.000000
vt 0.918919 1.000000
vt 0.891892 0.000000
vt 0.945946 1.000000
vt 0.918919 0.000000
vt 0.972973 0.000000
vt 0.945946 0.000000
vt 0.972973 1.000000
vt 0.009346 0.000000
vt 0.018692 1.000000
vt 0.009346 1.000000
vt 0.028037 1.000000
vt 0.018692 0.000000
vt 0.037383 1.000000
vt 0.028037 0.000000
vt 0.046729 1.000000
vt 0.037383 0.000000
vt 0.056075 1.000000
vt 0.046729 0.000000
vt 0.065421 1.000000
vt 0.056075 0.000000
vt 0.074766 1.000000
vt 0.065421 0.000000
vt 0.084112 1.000000
vt 0.074766 0.000000
vt 0.093458 1.000000
vt 0.084112 0.000000
vt 0.102804 1.000000
vt 0.093458 0.000000
vt 0.112150 1.000000
vt 0.102804 0.000000
vt 0.121495 1.000000
vt 0.112150 0.000000
vt 0.130841 1.000000
vt 0.121495 0.000000
vt 0.140187 1.000000
vt 0.130841 0.000000
vt 0.149533 1.000000
vt 0.140187 0.000000
vt 0.158879 1.000000
vt 0.149533 0.000000
vt 0.168224 1.000000
vt 0.158879 0.000000
vt 0.177570 1.000000
vt 0.168224 0.000000
vt 0.186916 1.000000
vt 0.177570 0.000000
vt 0.196262 1.000000
vt 0.186916 0.000000
vt 0.205607 1.000000
vt 0.196262 0.000000
vt 0.214953 1.000000
vt 0.205607 0.000000
vt 0.224299 1.000000
vt 0.214953 0.000000
vt 0.233645 1.000000
vt 0.224299 0.000000
vt 0.242991 0.000000
vt 0.233645 0.000000
vt 0.252336 1.000000
vt 0.242991 1.000000
vt 0.261682 1.000000
vt 0.252336 0.000000
vt 0.271028 1.000000
vt 0.261682 0.000000
vt 0.280374 1.000000
vt 0.271028 0.000000
vt 0.289720 1.000000
vt 0.280374 0.000000
vt 0.299065 1.000000
vt 0.289720 0.000000
vt 0.308411 1.000000
vt 0.299065 0.000000
vt 0.317757 1.000000
vt 0.308411 0.000000
vt 0.327103 1.000000
vt 0.317757 0.000000
vt 0.336449 1.000000
vt 0.327103 0.000000
vt 0.345794 1.000000
vt 0.336449 0.000000
vt 0.355140 1.000000
vt 0.345794 0.000000
vt 0.364486 1.000000
vt 0.355140 0.000000
vt 0.373832 1.000000
vt 0.364486 0.000000
vt 0.383178 1.000000
vt 0.373832 0.000000
vt 0.392523 1.000000
vt 0.383178 0.000000
vt 0.401869 1.000000
vt 0.392523 0.000000
vt 0.411215 1.000000
vt 0.401869 0.000000
vt 0.420561 1.000000
vt 0.411215 0.000000
vt 0.429907 1.000000
vt 0.420561 0.000000
vt 0.439252 1.000000
vt 0.429907 0.000000
vt 0.448598 1.000000
vt 0.439252 0.000000
vt 0.457944 1.000000
vt 0.448598 0.000000
vt 0.467290 1.000000
vt 0.457944 0.000000
vt 0.476636 1.000000
vt 0.467290 0.000000
vt 0.485981 1.000000
vt 0.476636 0.000000
vt 0.495327 1.000000
vt 0.485981 0.000000
vt 0.504673 0.000000
vt 0.495327 0.000000
vt 0.514019 1.000000
vt 0.504673 1.000000
vt 0.523364 1.000000
vt 0.514019 0.000000
vt 0.532710 1.000000
vt 0.523364 0.000000
vt 0.542056 1.000000
vt 0.532710 0.000000
vt 0.551402 1.000000
vt 0.542056 0.000000
vt 0.560748 1.000000
vt 0.551402 0.000000
vt 0.570093 1.000000
vt 0.560748 0.000000
vt 0.579439 1.000000
vt 0.570093 0.000000
vt 0.588785 1.000000
vt 0.579439 0.000000
vt 0.598131 1.000000
vt 0.588785 0.000000
vt 0.607477 1.000000
vt 0.598131 0.000000
vt 0.616822 1.000000
vt 0.607477 0.000000
vt 0.626168 1.000000
vt 0.616822 0.000000
vt 0.635514 1.000000
vt 0.626168 0.000000
vt 0.644860 1.000000
vt 0.635514 0.000000
vt 0.654206 1.000000
vt 0.644860 0.000000
vt 0.663551 1.000000
vt 0.654206 0.000000
vt 0.672897 1.000000
vt 0.663551 0.000000
vt 0.682243 1.000000
vt 0.672897 0.000000
vt 0.691589 1.000000
vt 0.682243 0.000000
vt 0.700935 1.000000
vt 0.691589 0.000000
vt 0.710280 1.000000
vt 0.700935 0.000000
vt 0.719626 1.000000
vt 0.710280 0.000000
vt 0.728972 1.000000
vt 0.719626 0.000000
vt 0.738318 1.000000
vt 0.728972 0.000000
vt 0.747664 0.000000
vt 0.738318 0.000000
vt 0.757009 1.000000
vt 0.747664 1.000000
vt 0.766355 1.000000
vt 0.757009 0.000000
vt 0.775701 1.000000
vt 0.766355 0.000000
vt 0.785047 1.000000
vt 0.775701 0.000000
vt 0.794393 1.000000
vt 0.785047 0.000000
vt 0.803738 1.000000
vt 0.794393 0.000000
vt 0.813084 1.000000
vt 0.803738 0.000000
vt 0.822430 1.000000
vt 0.813084 0.000000
vt 0.831776 1.000000
vt 0.822430 0.000000
vt 0.841121 1.000000
vt 0.831776 0.000000
vt 0.850467 1.000000
vt 0.841121 0.000000
vt 0.859813 1.000000
vt 0.850467 0.000000
vt 0.869159 1.000000
vt 0.859813 0.000000
vt 0.878505 1.000000
vt 0.869159 0.000000
vt 0.887850 1.000000
vt 0.878505 0.000000
vt 0.897196 1.000000
vt 0.887850 0.000000
vt 0.906542 1.000000
vt 0.897196 0.000000
vt 0.915888 1.000000
vt 0.906542 0.000000
vt 0.925234 1.000000
vt 0.915888 0.000000
vt 0.934579 1.000000
vt 0.925234 0.000000
vt 0.943925 1.000000
vt 0.934579 0.000000
vt 0.953271 1.000000
vt 0.943925 0.000000
vt 0.962617 1.000000
vt 0.953271 0.000000
vt 0.971963 1.000000
vt 0.962617 0.000000
vt 0.981308 0.000000
vt 0.971963 0.000000
vt 0.990654 1.000000
vt 0.981308 1.000000
vt 0.990654 0.000000
vt 0.013514 1.000000
vt 0.013514 0.000000
vt 0.040541 1.000000
vt 0.040541 0.000000
vt 0.067568 1.000000
vt 0.067568 0.000000
vt 0.094595 1.000000
vt 0.094595 0.000000
vt 0.121622 1.000000
vt 0.121622 0.000000
vt 0.148649 1.000000
vt 0.148649 0.000000
vt 0.175676 1.000000
vt 0.175676 0.000000
vt 0.202703 1.000000
vt 0.202703 0.000000
vt 0.229730 0.000000
vt 0.229730 1.000000
vt 0.256757 1.000000
vt 0.256757 0.000000
vt 0.283784 1.000000
vt 0.283784 0.000000
vt 0.310811 0.000000
vt 0.310811 1.000000
vt 0.337838 1.000000
vt 0.337838 0.000000
vt 0.364865 1.000000
vt 0.364865 0.000000
vt 0.391892 0.000000
vt 0.391892 1.000000
vt 0.418919 1.000000
vt 0.418919 0.000000
vt 0.445946 1.000000
vt 0.445946 0.000000
vt 0.472973 1.000000
vt 0.472973 0.000000
vt 0.527027 1.000000
vt 0.527027 0.000000
vt 0.554054 1.000000
vt 0.554054 0.000000
vt 0.581081 1.000000
vt 0.581081 0.000000
vt 0.608108 1.000000
vt 0.608108 0.000000
vt 0.635135 1.000000
vt 0.635135 0.000000
vt 0.662162 1.000000
vt 0.662162 0.000000
vt 0.689189 1.000000
vt 0.689189 0.000000
vt 0.716216 1.000000
vt 0.716216 0.000000
vt 0.743243 1.000000
vt 0.743243 0.000000
vt 0.770270 1.000000
vt 0.770270 0.000000
vt 0.797297 1.000000
vt 0.797297 0.000000
vt 0.824324 1.000000
vt 0.824324 0.000000
vt 0.851351 1.000000
vt 0.851351 0.000000
vt 0.878378 1.000000
vt 0.878378 0.000000
vt 0.905405 1.000000
vt 0.905405 0.000000
vt 0.932432 1.000000
vt 0.932432 0.000000
vt 0.959459 1.000000
vt 0.959459 0.000000
vt 0.986486 1.000000
vt 0.986486 0.000000
vt 0.040000 1.000000
vt 0.080000 0.000000
vt 0.040000 0.000000
vt 0.120000 1.000000
vt 0.080000 1.000000
vt 0.160000 1.000000
vt 0.120000 0.000000
vt 0.200000 1.000000
vt 0.160000 0.000000
vt 0.240000 1.000000
vt 0.280000 1.000000
vt 0.240000 0.000000
vt 0.320000 1.000000
vt 0.280000 0.000000
vt 0.360000 1.000000
vt 0.320000 0.000000
vt 0.400000 1.000000
vt 0.360000 0.000000
vt 0.440000 1.000000
vt 0.480000 1.000000
vt 0.440000 0.000000
vt 0.520000 1.000000
vt 0.480000 0.000000
vt 0.560000 1.000000
vt 0.520000 0.000000
vt 0.600000 1.000000
vt 0.560000 0.000000
vt 0.640000 1.000000
vt 0.680000 1.000000
vt 0.640000 0.000000
vt 0.720000 1.000000
vt 0.680000 0.000000
vt 0.760000 1.000000
vt 0.720000 0.000000
vt 0.800000 1.000000
vt 0.760000 0.000000
vt 0.840000 1.000000
vt 0.880000 1.000000
vt 0.840000 0.000000
vt 0.920000 1.000000
vt 0.880000 0.000000
vt 0.960000 1.000000
vt 0.920000 0.000000
vt 0.960000 0.000000
vt 0.020833 1.000000
vt 0.041667 1.000000
vt 0.020833 0.000000
vt 0.062500 1.000000
vt 0.041667 0.000000
vt 0.083333 1.000000
vt 0.062500 0.000000
vt 0.104167 1.000000
vt 0.083333 0.000000
vt 0.125000 1.000000
vt 0.104167 0.000000
vt 0.145833 1.000000
vt 0.125000 0.000000
vt 0.145833 0.000000
vt 0.187500 1.000000
vt 0.208333 1.000000
vt 0.187500 0.000000
vt 0.229167 1.000000
vt 0.208333 0.000000
vt 0.250000 1.000000
vt 0.229167 0.000000
vt 0.270833 1.000000
vt 0.250000 0.000000
vt 0.291667 1.000000
vt 0.270833 0.000000
vt 0.312500 1.000000
vt 0.291667 0.000000
vt 0.312500 0.000000
vt 0.354167 1.000000
vt 0.375000 1.000000
vt 0.354167 0.000000
vt 0.395833 1.000000
vt 0.375000 0.000000
vt 0.416667 1.000000
vt 0.395833 0.000000
vt 0.437500 1.000000
vt 0.416667 0.000000
vt 0.458333 1.000000
vt 0.437500 0.000000
vt 0.479167 1.000000
vt 0.458333 0.000000
vt 0.479167 0.000000
vt 0.520833 1.000000
vt 0.541667 1.000000
vt 0.520833 0.000000
vt 0.562500 0.000000
vt 0.541667 0.000000
vt 0.583333 1.000000
vt 0.562500 1.000000
vt 0.604167 1.000000
vt 0.583333 0.000000
vt 0.625000 0.000000
vt 0.604167 0.000000
vt 0.645833 1.000000
vt 0.625000 1.000000
vt 0.645833 0.000000
vt 0.687500 1.000000
vt 0.708333 0.000000
vt 0.687500 0.000000
vt 0.729167 1.000000
vt 0.708333 1.000000
vt 0.750000 0.000000
vt 0.729167 0.000000
vt 0.770833 1.000000
vt 0.750000 1.000000
vt 0.791667 0.000000
vt 0.770833 0.000000
vt 0.812500 1.000000
vt 0.791667 1.000000
vt 0.812500 0.000000
vt 0.854167 1.000000
vt 0.875000 1.000000
vt 0.854167 0.000000
vt 0.895833 0.000000
vt 0.875000 0.000000
vt 0.916667 1.000000
vt 0.895833 1.000000
vt 0.937500 1.000000
vt 0.916667 0.000000
vt 0.958333 1.000000
vt 0.937500 0.000000
vt 0.979167 1.000000
vt 0.958333 0.000000
vt 0.979167 0.000000
vt 0.142857 1.000000
vt 0.285714 1.000000
vt 0.428571 1.000000
vt 0.571429 1.000000
vt 0.714286 1.000000
vt 0.857143 1.000000
vt 0.018182 1.000000
vt 0.036364 1.000000
vt 0.018182 0.000000
vt 0.054545 0.000000
vt 0.036364 0.000000
vt 0.072727 1.000000
vt 0.054545 1.000000
vt 0.090909 1.000000
vt 0.072727 0.000000
vt 0.109091 1.000000
vt 0.090909 0.000000
vt 0.127273 1.000000
vt 0.109091 0.000000
vt 0.145455 1.000000
vt 0.127273 0.000000
vt 0.163636 1.000000
vt 0.145455 0.000000
vt 0.181818 1.000000
vt 0.163636 0.000000
vt 0.181818 0.000000
vt 0.218182 1.000000
vt 0.236364 0.000000
vt 0.218182 0.000000
vt 0.254545 1.000000
vt 0.236364 1.000000
vt 0.272727 1.000000
vt 0.254545 0.000000
vt 0.290909 1.000000
vt 0.272727 0.000000
vt 0.309091 1.000000
vt 0.290909 0.000000
vt 0.327273 1.000000
vt 0.309091 0.000000
vt 0.345455 1.000000
vt 0.327273 0.000000
vt 0.363636 1.000000
vt 0.345455 0.000000
vt 0.381818 1.000000
vt 0.363636 0.000000
vt 0.381818 0.000000
vt 0.418182 1.000000
vt 0.436364 1.000000
vt 0.418182 0.000000
vt 0.454545 1.000000
vt 0.436364 0.000000
vt 0.472727 1.000000
vt 0.454545 0.000000
vt 0.490909 1.000000
vt 0.472727 0.000000
vt 0.509091 1.000000
vt 0.490909 0.000000
vt 0.527273 1.000000
vt 0.509091 0.000000
vt 0.545455 1.000000
vt 0.527273 0.000000
vt 0.563636 1.000000
vt 0.545455 0.000000
vt 0.581818 1.000000
vt 0.563636 0.000000
vt 0.581818 0.000000
vt 0.618182 1.000000
vt 0.636364 1.000000
vt 0.618182 0.000000
vt 0.654545 1.000000
vt 0.636364 0.000000
vt 0.672727 0.000000
vt 0.654545 0.000000
vt 0.690909 1.000000
vt 0.672727 1.000000
vt 0.709091 1.000000
vt 0.690909 0.000000
vt 0.727273 1.000000
vt 0.709091 0.000000
vt 0.745455 1.000000
vt 0.727273 0.000000
vt 0.763636 1.000000
vt 0.745455 0.000000
vt 0.781818 1.000000
vt 0.763636 0.000000
vt 0.781818 0.000000
vt 0.818182 1.000000
vt 0.836364 1.000000
vt 0.818182 0.000000
vt 0.854545 1.000000
vt 0.836364 0.000000
vt 0.872727 1.000000
vt 0.854545 0.000000
vt 0.890909 1.000000
vt 0.872727 0.000000
vt 0.909091 1.000000
vt 0.890909 0.000000
vt 0.927273 1.000000
vt 0.909091 0.000000
vt 0.945455 1.000000
vt 0.927273 0.000000
vt 0.963636 0.000000
vt 0.945455 0.000000
vt 0.981818 1.000000
vt 0.963636 1.000000
vt 0.981818 0.000000
s 0
usemtl マテリアル.007
f 13/1/1 15/2/1 14/3/1
f 13/1/1 16/4/1 15/2/1
f 12/5/1 16/4/1 13/1/1
f 12/5/1 17/6/1 16/4/1
f 11/7/1 17/6/1 12/5/1
f 11/7/1 18/8/1 17/6/1
f 11/7/1 19/9/1 18/8/1
f 10/10/1 19/9/1 11/7/1
f 10/10/1 20/11/1 19/9/1
f 53/12/1 55/13/1 54/14/1
f 53/12/1 1/15/1 55/13/1
f 9/16/1 20/11/1 10/10/1
f 9/16/1 21/17/1 20/11/1
f 9/16/1 22/18/1 21/17/1
f 8/19/1 22/18/1 9/16/1
f 8/19/1 23/20/1 22/18/1
f 7/21/1 23/20/1 8/19/1
f 7/21/1 24/22/1 23/20/1
f 7/21/1 25/23/1 24/22/1
f 6/24/1 25/23/1 7/21/1
f 6/24/1 26/25/1 25/23/1
f 5/26/1 26/25/1 6/24/1
f 5/26/1 36/27/1 26/25/1
f 36/27/1 35/28/1 26/25/1
f 35/28/1 34/29/1 26/25/1
f 34/29/1 33/30/1 26/25/1
f 33/30/1 32/31/1 26/25/1
f 32/31/1 31/32/1 26/25/1
f 31/32/1 30/33/1 26/25/1
f 30/33/1 29/34/1 26/25/1
f 29/34/1 28/35/1 26/25/1
f 28/35/1 27/36/1 26/25/1
f 4/37/1 38/38/1 5/26/1
f 38/38/1 37/39/1 5/26/1
f 37/39/1 36/27/1 5/26/1
f 3/40/1 40/41/1 4/37/1
f 40/41/1 39/42/1 4/37/1
f 39/42/1 38/38/1 4/37/1
f 3/40/1 41/43/1 40/41/1
f 3/40/1 42/44/1 41/43/1
f 2/45/1 42/44/1 3/40/1
f 2/45/1 43/46/1 42/44/1
f 2/45/1 44/47/1 43/46/1
f 53/12/1 2/45/1 1/15/1
f 53/12/1 48/48/1 2/45/1
f 48/48/1 47/49/1 2/45/1
f 47/49/1 46/50/1 2/45/1
f 46/50/1 45/51/1 2/45/1
f 45/51/1 44/47/1 2/45/1
f 53/12/1 49/52/1 48/48/1
f 53/12/1 50/53/1 49/52/1
f 53/12/1 51/54/1 50/53/1
f 53/12/1 52/55/1 51/54/1
f 90/56/1 92/57/1 91/58/1
f 90/56/1 93/59/1 92/57/1
f 89/60/1 93/59/1 90/56/1
f 89/60/1 94/61/1 93/59/1
f 88/62/1 94/61/1 89/60/1
f 88/62/1 95/63/1 94/61/1
f 87/64/1 95/63/1 88/62/1
f 87/64/1 96/65/1 95/63/1
f 86/66/1 96/65/1 87/64/1
f 86/66/1 97/67/1 96/65/1
f 85/68/1 97/67/1 86/66/1
f 85/68/1 98/69/1 97/67/1
f 84/70/1 141/71/1 85/68/1
f 141/71/1 98/69/1 85/68/1
f 84/70/1 142/72/1 141/71/1
f 140/73/1 98/69/1 141/71/1
f 84/70/1 143/74/1 142/72/1
f 139/75/1 98/69/1 140/73/1
f 84/70/1 144/76/1 143/74/1
f 138/77/1 98/69/1 139/75/1
f 138/77/1 99/78/1 98/69/1
f 84/70/1 145/79/1 144/76/1
f 83/80/1 145/79/1 84/70/1
f 137/81/1 99/78/1 138/77/1
f 83/80/1 146/82/1 145/79/1
f 136/83/1 99/78/1 137/81/1
f 83/80/1 147/84/1 146/82/1
f 135/85/1 99/78/1 136/83/1
f 83/80/1 148/86/1 147/84/1
f 134/87/1 99/78/1 135/85/1
f 82/88/1 148/86/1 83/80/1
f 134/87/1 100/89/1 99/78/1
f 82/88/1 149/90/1 148/86/1
f 133/91/1 100/89/1 134/87/1
f 82/88/1 150/92/1 149/90/1
f 132/93/1 100/89/1 133/91/1
f 81/94/1 150/92/1 82/88/1
f 132/93/1 101/95/1 100/89/1
f 81/94/1 151/96/1 150/92/1
f 131/97/1 101/95/1 132/93/1
f 81/94/1 152/98/1 151/96/1
f 130/99/1 101/95/1 131/97/1
f 80/100/1 152/98/1 81/94/1
f 80/100/1 153/101/1 152/98/1
f 130/99/1 102/102/1 101/95/1
f 154/13/1 102/102/1 130/99/1
f 80/100/1 154/13/1 153/101/1
f 80/100/1 102/102/1 154/13/1
f 79/103/1 102/102/1 80/100/1
f 79/103/1 103/104/1 102/102/1
f 78/105/1 104/106/1 79/103/1
f 104/106/1 103/104/1 79/103/1
f 78/105/1 105/35/1 104/106/1
f 77/107/1 105/35/1 78/105/1
f 77/107/1 106/108/1 105/35/1
f 77/107/1 107/109/1 106/108/1
f 76/110/1 107/109/1 77/107/1
f 76/110/1 108/111/1 107/109/1
f 75/112/1 108/111/1 76/110/1
f 75/112/1 109/113/1 108/111/1
f 127/114/1 129/115/1 128/116/1
f 75/112/1 110/117/1 109/113/1
f 126/118/1 129/115/1 127/114/1
f 125/119/1 129/115/1 126/118/1
f 74/120/1 110/117/1 75/112/1
f 74/120/1 111/121/1 110/117/1
f 124/122/1 129/115/1 125/119/1
f 123/123/1 129/115/1 124/122/1
f 74/120/1 112/124/1 111/121/1
f 122/125/1 129/115/1 123/123/1
f 74/120/1 113/126/1 112/124/1
f 121/127/1 129/115/1 122/125/1
f 73/128/1 113/126/1 74/120/1
f 120/129/1 129/115/1 121/127/1
f 73/128/1 114/130/1 113/126/1
f 119/131/1 129/115/1 120/129/1
f 73/128/1 115/132/1 114/130/1
f 118/133/1 129/115/1 119/131/1
f 117/134/1 129/115/1 118/133/1
f 73/128/1 116/135/1 115/132/1
f 116/135/1 129/115/1 117/134/1
f 73/128/1 129/115/1 116/135/1
f 72/136/1 129/115/1 73/128/1
f 72/136/1 56/15/1 129/115/1
f 71/137/1 56/15/1 72/136/1
f 71/137/1 57/138/1 56/15/1
f 71/137/1 58/139/1 57/138/1
f 70/140/1 58/139/1 71/137/1
f 70/140/1 59/141/1 58/139/1
f 70/140/1 60/142/1 59/141/1
f 69/143/1 60/142/1 70/140/1
f 69/143/1 61/144/1 60/142/1
f 69/143/1 62/145/1 61/144/1
f 68/146/1 62/145/1 69/143/1
f 68/146/1 63/147/1 62/145/1
f 68/146/1 64/148/1 63/147/1
f 68/146/1 65/149/1 64/148/1
f 67/150/1 65/149/1 68/146/1
f 67/150/1 66/151/1 65/149/1
f 160/50/1 155/15/1 161/13/1
f 160/50/1 156/10/1 155/15/1
f 156/10/1 158/35/1 157/9/1
f 156/10/1 159/39/1 158/35/1
f 160/50/1 159/39/1 156/10/1
f 208/152/1 162/15/1 209/153/1
f 208/152/1 163/154/1 162/15/1
f 207/155/1 163/154/1 208/152/1
f 207/155/1 164/156/1 163/154/1
f 206/157/1 164/156/1 207/155/1
f 206/157/1 165/158/1 164/156/1
f 205/159/1 165/158/1 206/157/1
f 205/159/1 166/160/1 165/158/1
f 204/161/1 166/160/1 205/159/1
f 204/161/1 167/162/1 166/160/1
f 203/163/1 233/164/1 204/161/1
f 233/164/1 167/162/1 204/161/1
f 203/163/1 234/165/1 233/164/1
f 232/166/1 167/162/1 233/164/1
f 203/163/1 235/167/1 234/165/1
f 231/168/1 167/162/1 232/166/1
f 203/163/1 236/169/1 235/167/1
f 230/170/1 167/162/1 231/168/1
f 230/170/1 168/171/1 167/162/1
f 202/172/1 236/169/1 203/163/1
f 202/172/1 237/173/1 236/169/1
f 229/174/1 168/171/1 230/170/1
f 202/172/1 238/175/1 237/173/1
f 228/176/1 168/171/1 229/174/1
f 228/176/1 169/177/1 168/171/1
f 201/178/1 238/175/1 202/172/1
f 201/178/1 239/179/1 238/175/1
f 227/180/1 169/177/1 228/176/1
f 201/178/1 240/181/1 239/179/1
f 226/182/1 169/177/1 227/180/1
f 226/182/1 170/183/1 169/177/1
f 200/184/1 240/181/1 201/178/1
f 200/184/1 241/185/1 240/181/1
f 225/186/1 170/183/1 226/182/1
f 225/186/1 171/187/1 170/183/1
f 199/188/1 241/185/1 200/184/1
f 199/188/1 242/189/1 241/185/1
f 224/190/1 171/187/1 225/186/1
f 199/188/1 243/191/1 242/189/1
f 223/192/1 171/187/1 224/190/1
f 223/192/1 172/193/1 171/187/1
f 198/194/1 243/191/1 199/188/1
f 198/194/1 244/195/1 243/191/1
f 222/196/1 172/193/1 223/192/1
f 222/196/1 173/197/1 172/193/1
f 197/198/1 244/195/1 198/194/1
f 197/198/1 245/199/1 244/195/1
f 221/200/1 173/197/1 222/196/1
f 196/201/1 245/199/1 197/198/1
f 196/201/1 246/202/1 245/199/1
f 220/203/1 173/197/1 221/200/1
f 220/203/1 174/204/1 173/197/1
f 196/201/1 247/205/1 246/202/1
f 219/206/1 174/204/1 220/203/1
f 219/206/1 175/207/1 174/204/1
f 195/208/1 247/205/1 196/201/1
f 195/208/1 248/209/1 247/205/1
f 218/210/1 175/207/1 219/206/1
f 218/210/1 176/211/1 175/207/1
f 194/212/1 248/209/1 195/208/1
f 194/212/1 249/213/1 248/209/1
f 217/214/1 176/211/1 218/210/1
f 217/214/1 177/215/1 176/211/1
f 193/216/1 249/213/1 194/212/1
f 193/216/1 250/217/1 249/213/1
f 216/218/1 177/215/1 217/214/1
f 193/216/1 251/219/1 250/217/1
f 215/220/1 177/215/1 216/218/1
f 215/220/1 178/221/1 177/215/1
f 192/222/1 251/219/1 193/216/1
f 192/222/1 252/223/1 251/219/1
f 214/224/1 178/221/1 215/220/1
f 192/222/1 253/225/1 252/223/1
f 213/226/1 178/221/1 214/224/1
f 213/226/1 179/227/1 178/221/1
f 191/228/1 253/225/1 192/222/1
f 191/228/1 254/229/1 253/225/1
f 212/230/1 179/227/1 213/226/1
f 191/228/1 255/231/1 254/229/1
f 211/232/1 179/227/1 212/230/1
f 211/232/1 180/233/1 179/227/1
f 190/234/1 255/231/1 191/228/1
f 190/234/1 256/235/1 255/231/1
f 210/236/1 180/233/1 211/232/1
f 190/234/1 257/13/1 256/235/1
f 257/13/1 180/233/1 210/236/1
f 190/234/1 180/233/1 257/13/1
f 190/234/1 181/237/1 180/233/1
f 189/238/1 181/237/1 190/234/1
f 189/238/1 182/239/1 181/237/1
f 188/240/1 182/239/1 189/238/1
f 188/240/1 183/241/1 182/239/1
f 187/242/1 183/241/1 188/240/1
f 187/242/1 184/243/1 183/241/1
f 186/244/1 184/243/1 187/242/1
f 186/244/1 185/245/1 184/243/1
f 292/56/1 294/57/1 293/58/1
f 292/56/1 295/59/1 294/57/1
f 291/60/1 295/59/1 292/56/1
f 291/60/1 296/61/1 295/59/1
f 290/62/1 296/61/1 291/60/1
f 290/62/1 297/63/1 296/61/1
f 289/64/1 297/63/1 290/62/1
f 289/64/1 298/65/1 297/63/1
f 288/66/1 298/65/1 289/64/1
f 288/66/1 299/67/1 298/65/1
f 287/68/1 299/67/1 288/66/1
f 287/68/1 300/69/1 299/67/1
f 286/70/1 343/71/1 287/68/1
f 343/71/1 300/69/1 287/68/1
f 286/70/1 344/72/1 343/71/1
f 342/73/1 300/69/1 343/71/1
f 286/70/1 345/74/1 344/72/1
f 341/75/1 300/69/1 342/73/1
f 286/70/1 346/76/1 345/74/1
f 340/77/1 300/69/1 341/75/1
f 340/77/1 301/78/1 300/69/1
f 286/70/1 347/79/1 346/76/1
f 285/80/1 347/79/1 286/70/1
f 339/81/1 301/78/1 340/77/1
f 285/80/1 348/82/1 347/79/1
f 338/83/1 301/78/1 339/81/1
f 285/80/1 349/84/1 348/82/1
f 337/85/1 301/78/1 338/83/1
f 285/80/1 350/86/1 349/84/1
f 336/87/1 301/78/1 337/85/1
f 284/88/1 350/86/1 285/80/1
f 336/87/1 302/89/1 301/78/1
f 284/88/1 351/90/1 350/86/1
f 335/91/1 302/89/1 336/87/1
f 284/88/1 352/92/1 351/90/1
f 334/93/1 302/89/1 335/91/1
f 283/94/1 352/92/1 284/88/1
f 334/93/1 303/95/1 302/89/1
f 283/94/1 353/96/1 352/92/1
f 333/97/1 303/95/1 334/93/1
f 283/94/1 354/98/1 353/96/1
f 332/99/1 303/95/1 333/97/1
f 282/100/1 354/98/1 283/94/1
f 282/100/1 355/101/1 354/98/1
f 332/99/1 304/102/1 303/95/1
f 356/13/1 304/102/1 332/99/1
f 282/100/1 356/13/1 355/101/1
f 282/100/1 304/102/1 356/13/1
f 281/103/1 304/102/1 282/100/1
f 281/103/1 305/104/1 304/102/1
f 280/105/1 306/106/1 281/103/1
f 306/106/1 305/104/1 281/103/1
f 280/105/1 307/35/1 306/106/1
f 279/107/1 307/35/1 280/105/1
f 279/107/1 308/108/1 307/35/1
f 279/107/1 309/109/1 308/108/1
f 278/110/1 309/109/1 279/107/1
f 278/110/1 310/111/1 309/109/1
f 277/112/1 310/111/1 278/110/1
f 277/112/1 311/113/1 310/111/1
f 329/114/1 331/115/1 330/116/1
f 277/112/1 312/117/1 311/113/1
f 328/118/1 331/115/1 329/114/1
f 327/119/1 331/115/1 328/118/1
f 276/120/1 312/117/1 277/112/1
f 276/120/1 313/121/1 312/117/1
f 326/122/1 331/115/1 327/119/1
f 325/123/1 331/115/1 326/122/1
f 276/120/1 314/124/1 313/121/1
f 324/125/1 331/115/1 325/123/1
f 276/120/1 315/126/1 314/124/1
f 323/127/1 331/115/1 324/125/1
f 275/128/1 315/126/1 276/120/1
f 322/129/1 331/115/1 323/127/1
f 275/128/1 316/130/1 315/126/1
f 321/131/1 331/115/1 322/129/1
f 275/128/1 317/132/1 316/130/1
f 320/133/1 331/115/1 321/131/1
f 319/134/1 331/115/1 320/133/1
f 275/128/1 318/135/1 317/132/1
f 318/135/1 331/115/1 319/134/1
f 275/128/1 331/115/1 318/135/1
f 274/136/1 331/115/1 275/128/1
f 274/136/1 258/15/1 331/115/1
f 273/137/1 258/15/1 274/136/1
f 273/137/1 259/138/1 258/15/1
f 273/137/1 260/139/1 259/138/1
f 272/140/1 260/139/1 273/137/1
f 272/140/1 261/141/1 260/139/1
f 272/140/1 262/142/1 261/141/1
f 271/143/1 262/142/1 272/140/1
f 271/143/1 263/144/1 262/142/1
f 271/143/1 264/145/1 263/144/1
f 270/146/1 264/145/1 271/143/1
f 270/146/1 265/147/1 264/145/1
f 270/146/1 266/148/1 265/147/1
f 270/146/1 267/149/1 266/148/1
f 269/150/1 267/149/1 270/146/1
f 269/150/1 268/151/1 267/149/1
f 368/246/1 370/247/1 369/248/1
f 392/249/1 394/250/1 393/251/1
f 367/252/1 370/247/1 368/246/1
f 367/252/1 371/253/1 370/247/1
f 391/254/1 394/250/1 392/249/1
f 391/254/1 395/255/1 394/250/1
f 366/256/1 371/253/1 367/252/1
f 366/256/1 372/257/1 371/253/1
f 390/258/1 395/255/1 391/254/1
f 365/259/1 372/257/1 366/256/1
f 365/259/1 373/260/1 372/257/1
f 390/258/1 396/261/1 395/255/1
f 389/262/1 396/261/1 390/258/1
f 364/263/1 373/260/1 365/259/1
f 461/264/1 463/13/1 462/265/1
f 461/264/1 357/15/1 463/13/1
f 364/263/1 374/266/1 373/260/1
f 388/267/1 396/261/1 389/262/1
f 363/268/1 374/266/1 364/263/1
f 388/267/1 397/269/1 396/261/1
f 363/268/1 375/270/1 374/266/1
f 362/271/1 375/270/1 363/268/1
f 387/272/1 397/269/1 388/267/1
f 362/271/1 376/273/1 375/270/1
f 387/272/1 398/274/1 397/269/1
f 361/275/1 376/273/1 362/271/1
f 386/276/1 398/274/1 387/272/1
f 361/275/1 377/277/1 376/273/1
f 360/278/1 377/277/1 361/275/1
f 385/279/1 398/274/1 386/276/1
f 385/279/1 399/280/1 398/274/1
f 360/278/1 378/281/1 377/277/1
f 359/282/1 378/281/1 360/278/1
f 384/283/1 399/280/1 385/279/1
f 359/282/1 379/284/1 378/281/1
f 358/285/1 379/284/1 359/282/1
f 384/283/1 400/286/1 399/280/1
f 383/287/1 400/286/1 384/283/1
f 358/285/1 380/288/1 379/284/1
f 357/15/1 380/288/1 358/285/1
f 382/289/1 400/286/1 383/287/1
f 382/289/1 420/290/1 400/286/1
f 420/290/1 401/291/1 400/286/1
f 461/264/1 459/292/1 357/15/1
f 459/292/1 458/293/1 357/15/1
f 458/293/1 457/294/1 357/15/1
f 457/294/1 456/295/1 357/15/1
f 456/295/1 455/296/1 357/15/1
f 455/296/1 454/297/1 357/15/1
f 454/297/1 453/298/1 357/15/1
f 453/298/1 452/299/1 357/15/1
f 452/299/1 451/300/1 357/15/1
f 451/300/1 450/301/1 357/15/1
f 450/301/1 449/302/1 357/15/1
f 449/302/1 448/303/1 357/15/1
f 448/303/1 380/288/1 357/15/1
f 448/303/1 447/304/1 380/288/1
f 447/304/1 381/305/1 380/288/1
f 381/305/1 421/306/1 382/289/1
f 421/306/1 420/290/1 382/289/1
f 446/307/1 381/305/1 447/304/1
f 419/308/2 401/291/2 420/290/2
f 381/305/1 422/309/1 421/306/1
f 445/310/1 381/305/1 446/307/1
f 418/311/1 401/291/1 419/308/1
f 381/305/1 423/312/1 422/309/1
f 444/313/1 381/305/1 445/310/1
f 417/314/1 401/291/1 418/311/1
f 381/305/1 424/315/1 423/312/1
f 443/316/1 381/305/1 444/313/1
f 443/316/1 424/315/1 381/305/1
f 416/317/1 401/291/1 417/314/1
f 443/316/1 425/318/1 424/315/1
f 416/317/1 402/319/1 401/291/1
f 442/320/1 425/318/1 443/316/1
f 442/320/1 426/321/1 425/318/1
f 415/322/1 402/319/1 416/317/1
f 442/320/1 427/323/1 426/321/1
f 441/324/1 427/323/1 442/320/1
f 414/325/1 402/319/1 415/322/1
f 441/324/1 428/326/1 427/323/1
f 440/327/1 428/326/1 441/324/1
f 413/328/1 402/319/1 414/325/1
f 440/327/1 429/329/1 428/326/1
f 413/328/1 403/330/1 402/319/1
f 439/331/1 429/329/1 440/327/1
f 439/331/1 430/332/1 429/329/1
f 412/333/1 403/330/1 413/328/1
f 439/331/1 431/334/1 430/332/1
f 438/335/1 431/334/1 439/331/1
f 411/336/1 403/330/1 412/333/1
f 438/335/1 432/337/1 431/334/1
f 411/336/1 404/338/1 403/330/1
f 437/339/1 432/337/1 438/335/1
f 461/264/1 460/340/1 459/292/1
f 437/339/1 433/341/1 432/337/1
f 410/35/1 404/338/1 411/336/1
f 436/342/1 433/341/1 437/339/1
f 409/343/1 404/338/1 410/35/1
f 409/343/1 405/344/1 404/338/1
f 435/345/1 433/341/1 436/342/1
f 408/346/1 405/344/1 409/343/1
f 408/346/1 406/347/1 405/344/1
f 434/348/1 433/341/1 435/345/1
f 407/349/1 406/347/1 408/346/1
f 561/350/1 563/351/1 562/352/1
f 560/353/1 563/351/1 561/350/1
f 560/353/1 564/354/1 563/351/1
f 559/355/1 564/354/1 560/353/1
f 558/356/1 564/354/1 559/355/1
f 558/356/1 565/357/1 564/354/1
f 557/358/1 565/357/1 558/356/1
f 557/358/1 566/359/1 565/357/1
f 556/360/1 566/359/1 557/358/1
f 555/361/1 566/359/1 556/360/1
f 555/361/1 567/362/1 566/359/1
f 554/363/1 567/362/1 555/361/1
f 554/363/1 568/364/1 567/362/1
f 553/365/1 568/364/1 554/363/1
f 552/366/1 568/364/1 553/365/1
f 552/366/1 569/367/1 568/364/1
f 551/368/1 569/367/1 552/366/1
f 551/368/1 570/369/1 569/367/1
f 550/370/1 570/369/1 551/368/1
f 549/371/1 548/372/1 550/370/1
f 548/372/1 547/373/1 550/370/1
f 547/373/1 546/374/1 550/370/1
f 546/374/1 545/375/1 550/370/1
f 545/375/1 544/376/1 550/370/1
f 544/376/1 543/377/1 550/370/1
f 543/377/1 542/378/1 550/370/1
f 542/378/1 541/379/1 550/370/1
f 541/379/1 540/380/1 550/370/1
f 540/380/1 539/381/1 550/370/1
f 539/381/1 570/369/1 550/370/1
f 539/381/1 538/382/1 570/369/1
f 538/382/1 537/383/1 570/369/1
f 537/383/1 571/384/1 570/369/1
f 537/383/1 536/385/1 571/384/1
f 536/385/1 572/386/1 571/384/1
f 535/387/1 572/386/1 536/385/1
f 534/388/1 572/386/1 535/387/1
f 533/389/1 572/386/1 534/388/1
f 532/390/1 572/386/1 533/389/1
f 531/391/1 572/386/1 532/390/1
f 531/391/1 573/392/1 572/386/1
f 530/393/1 573/392/1 531/391/1
f 529/394/1 573/392/1 530/393/1
f 528/395/1 573/392/1 529/394/1
f 528/395/1 574/396/1 573/392/1
f 527/397/1 574/396/1 528/395/1
f 526/398/1 574/396/1 527/397/1
f 526/398/1 575/399/1 574/396/1
f 525/400/1 575/399/1 526/398/1
f 524/401/1 575/399/1 525/400/1
f 523/402/1 637/13/1 524/401/1
f 637/13/1 575/399/1 524/401/1
f 522/403/1 637/13/1 523/402/1
f 521/404/1 637/13/1 522/403/1
f 520/405/1 637/13/1 521/404/1
f 519/406/1 637/13/1 520/405/1
f 519/406/1 601/407/1 637/13/1
f 636/408/1 575/399/1 637/13/1
f 519/406/1 602/409/1 601/407/1
f 518/410/1 602/409/1 519/406/1
f 518/410/1 603/411/1 602/409/1
f 517/412/1 603/411/1 518/410/1
f 517/412/1 604/413/1 603/411/1
f 516/414/1 604/413/1 517/412/1
f 516/414/1 605/415/1 604/413/1
f 516/414/1 606/416/1 605/415/1
f 515/417/1 606/416/1 516/414/1
f 515/417/1 607/418/1 606/416/1
f 514/419/1 607/418/1 515/417/1
f 514/419/1 608/420/1 607/418/1
f 514/419/1 609/421/1 608/420/1
f 513/422/1 609/421/1 514/419/1
f 513/422/1 610/423/1 609/421/1
f 513/422/1 611/424/1 610/423/1
f 512/425/1 611/424/1 513/422/1
f 512/425/1 612/426/1 611/424/1
f 511/427/1 612/426/1 512/425/1
f 511/427/1 613/428/1 612/426/1
f 511/427/1 614/429/1 613/428/1
f 510/430/1 614/429/1 511/427/1
f 510/430/1 615/431/1 614/429/1
f 510/430/1 616/432/1 615/431/1
f 635/433/1 575/399/1 636/408/1
f 509/434/1 616/432/1 510/430/1
f 634/435/1 575/399/1 635/433/1
f 509/434/1 617/436/1 616/432/1
f 633/437/1 575/399/1 634/435/1
f 598/438/1 600/439/1 599/440/1
f 633/437/1 576/441/1 575/399/1
f 509/434/1 618/442/1 617/436/1
f 597/443/1 600/439/1 598/438/1
f 632/444/1 576/441/1 633/437/1
f 632/444/1 577/445/1 576/441/1
f 596/446/1 600/439/1 597/443/1
f 508/447/1 618/442/1 509/434/1
f 508/447/1 619/448/1 618/442/1
f 632/444/1 578/449/1 577/445/1
f 631/450/1 578/449/1 632/444/1
f 595/451/1 600/439/1 596/446/1
f 631/450/1 579/452/1 578/449/1
f 630/453/1 579/452/1 631/450/1
f 594/454/1 600/439/1 595/451/1
f 508/447/1 620/455/1 619/448/1
f 630/453/1 580/456/1 579/452/1
f 593/457/1 600/439/1 594/454/1
f 629/458/1 580/456/1 630/453/1
f 629/458/1 581/459/1 580/456/1
f 592/460/1 600/439/1 593/457/1
f 508/447/1 621/461/1 620/455/1
f 629/458/1 582/462/1 581/459/1
f 628/463/1 582/462/1 629/458/1
f 591/464/1 600/439/1 592/460/1
f 628/463/1 583/465/1 582/462/1
f 507/466/1 621/461/1 508/447/1
f 590/467/1 600/439/1 591/464/1
f 507/466/1 622/468/1 621/461/1
f 627/469/1 583/465/1 628/463/1
f 627/469/1 584/470/1 583/465/1
f 589/471/1 600/439/1 590/467/1
f 627/469/1 585/472/1 584/470/1
f 588/473/1 600/439/1 589/471/1
f 626/474/1 585/472/1 627/469/1
f 626/474/1 586/475/1 585/472/1
f 587/476/1 600/439/1 588/473/1
f 626/474/1 587/476/1 586/475/1
f 507/466/1 623/477/1 622/468/1
f 626/474/1 600/439/1 587/476/1
f 625/478/1 600/439/1 626/474/1
f 507/466/1 624/479/1 623/477/1
f 624/479/1 600/439/1 625/478/1
f 507/466/1 487/480/1 624/479/1
f 487/480/1 600/439/1 624/479/1
f 506/481/1 487/480/1 507/466/1
f 506/481/1 488/482/1 487/480/1
f 486/483/1 600/439/1 487/480/1
f 505/484/1 488/482/1 506/481/1
f 505/484/1 489/485/1 488/482/1
f 485/486/1 600/439/1 486/483/1
f 485/486/1 464/15/1 600/439/1
f 504/487/1 489/485/1 505/484/1
f 504/487/1 490/488/1 489/485/1
f 484/489/1 464/15/1 485/486/1
f 484/489/1 465/490/1 464/15/1
f 504/487/1 491/491/1 490/488/1
f 483/492/1 465/490/1 484/489/1
f 503/493/1 491/491/1 504/487/1
f 483/492/1 466/494/1 465/490/1
f 503/493/1 492/495/1 491/491/1
f 482/496/1 466/494/1 483/492/1
f 482/496/1 467/497/1 466/494/1
f 502/498/1 492/495/1 503/493/1
f 502/498/1 493/499/1 492/495/1
f 481/500/1 467/497/1 482/496/1
f 481/500/1 468/501/1 467/497/1
f 502/498/1 494/502/1 493/499/1
f 480/503/1 468/501/1 481/500/1
f 480/503/1 469/504/1 468/501/1
f 501/505/1 494/502/1 502/498/1
f 501/505/1 495/506/1 494/502/1
f 479/507/1 469/504/1 480/503/1
f 479/507/1 470/508/1 469/504/1
f 501/505/1 496/509/1 495/506/1
f 479/507/1 471/510/1 470/508/1
f 478/511/1 471/510/1 479/507/1
f 500/512/1 496/509/1 501/505/1
f 478/511/1 472/513/1 471/510/1
f 500/512/1 497/514/1 496/509/1
f 477/515/1 472/513/1 478/511/1
f 477/515/1 473/516/1 472/513/1
f 500/512/1 498/517/1 497/514/1
f 476/518/1 473/516/1 477/515/1
f 499/519/1 498/517/1 500/512/1
f 476/518/1 474/520/1 473/516/1
f 475/521/1 474/520/1 476/518/1
f 672/522/1 674/523/1 673/524/1
f 672/522/1 675/525/1 674/523/1
f 672/522/1 676/526/1 675/525/1
f 672/522/1 677/527/1 676/526/1
f 671/528/1 677/527/1 672/522/1
f 671/528/1 678/529/1 677/527/1
f 671/528/1 679/530/1 678/529/1
f 671/528/1 680/531/1 679/530/1
f 670/532/1 680/531/1 671/528/1
f 670/532/1 681/533/1 680/531/1
f 670/532/1 682/534/1 681/533/1
f 669/535/1 682/534/1 670/532/1
f 669/535/1 683/536/1 682/534/1
f 669/535/1 684/537/1 683/536/1
f 668/538/1 684/537/1 669/535/1
f 668/538/1 685/539/1 684/537/1
f 668/538/1 696/540/1 685/539/1
f 696/540/1 695/541/1 685/539/1
f 695/541/1 694/542/1 685/539/1
f 694/542/1 693/543/1 685/539/1
f 693/543/1 692/544/1 685/539/1
f 692/544/1 691/545/1 685/539/1
f 691/545/1 690/546/1 685/539/1
f 690/546/1 689/547/1 685/539/1
f 689/547/1 688/548/1 685/539/1
f 688/548/1 687/549/1 685/539/1
f 687/549/1 686/550/1 685/539/1
f 667/551/1 698/552/1 668/538/1
f 698/552/1 697/553/1 668/538/1
f 697/553/3 696/540/3 668/538/3
f 667/551/1 699/554/1 698/552/1
f 667/551/1 700/555/1 699/554/1
f 667/551/1 701/556/1 700/555/1
f 666/557/1 701/556/1 667/551/1
f 666/557/1 702/558/1 701/556/1
f 666/557/1 703/559/1 702/558/1
f 665/560/1 703/559/1 666/557/1
f 665/560/1 704/561/1 703/559/1
f 665/560/1 705/562/1 704/561/1
f 664/563/1 705/562/1 665/560/1
f 664/563/1 706/564/1 705/562/1
f 663/565/1 706/564/1 664/563/1
f 663/565/1 707/566/1 706/564/1
f 663/565/1 708/567/1 707/566/1
f 662/568/1 708/567/1 663/565/1
f 662/568/1 709/569/1 708/567/1
f 661/570/1 709/569/1 662/568/1
f 661/570/1 710/571/1 709/569/1
f 661/570/1 711/572/1 710/571/1
f 660/573/1 711/572/1 661/570/1
f 736/574/1 738/575/1 737/576/1
f 736/574/1 735/577/1 738/575/1
f 735/577/1 739/13/1 738/575/1
f 660/573/1 712/578/1 711/572/1
f 659/579/1 712/578/1 660/573/1
f 659/579/1 713/580/1 712/578/1
f 734/581/1 739/13/1 735/577/1
f 658/582/1 713/580/1 659/579/1
f 658/582/1 714/583/1 713/580/1
f 658/582/1 715/584/1 714/583/1
f 657/585/1 715/584/1 658/582/1
f 657/585/1 716/586/1 715/584/1
f 656/587/1 716/586/1 657/585/1
f 656/587/1 717/588/1 716/586/1
f 656/587/1 718/589/1 717/588/1
f 655/590/1 718/589/1 656/587/1
f 655/590/1 719/591/1 718/589/1
f 733/592/1 739/13/1 734/581/1
f 732/593/1 739/13/1 733/592/1
f 731/594/1 739/13/1 732/593/1
f 655/590/1 720/595/1 719/591/1
f 730/596/1 739/13/1 731/594/1
f 729/597/1 739/13/1 730/596/1
f 728/598/1 739/13/1 729/597/1
f 655/590/1 721/599/1 720/595/1
f 654/600/1 721/599/1 655/590/1
f 727/601/1 739/13/1 728/598/1
f 726/602/1 739/13/1 727/601/1
f 725/603/1 739/13/1 726/602/1
f 654/600/1 722/604/1 721/599/1
f 724/605/1 739/13/1 725/603/1
f 723/606/1 739/13/1 724/605/1
f 722/604/1 739/13/1 723/606/1
f 654/600/1 739/13/1 722/604/1
f 653/607/1 739/13/1 654/600/1
f 653/607/1 638/15/1 739/13/1
f 653/607/1 639/608/1 638/15/1
f 652/609/1 639/608/1 653/607/1
f 652/609/1 640/610/1 639/608/1
f 652/609/1 641/611/1 640/610/1
f 651/612/1 641/611/1 652/609/1
f 651/612/1 642/613/1 641/611/1
f 651/612/1 643/614/1 642/613/1
f 651/612/1 644/615/1 643/614/1
f 650/616/1 644/615/1 651/612/1
f 650/616/1 645/617/1 644/615/1
f 650/616/1 646/618/1 645/617/1
f 650/616/1 647/619/1 646/618/1
f 649/620/1 647/619/1 650/616/1
f 649/620/1 648/621/1 647/619/1
f 752/1/4 753/3/4 754/2/4
f 752/1/4 754/2/4 755/4/4
f 751/5/4 752/1/4 755/4/4
f 751/5/4 755/4/4 756/6/4
f 750/7/4 751/5/4 756/6/4
f 750/7/4 756/6/4 757/8/4
f 750/7/4 757/8/4 758/9/4
f 749/10/4 750/7/4 758/9/4
f 749/10/4 758/9/4 759/11/4
f 792/12/4 793/14/4 794/13/4
f 792/12/4 794/13/4 740/15/4
f 748/16/4 749/10/4 759/11/4
f 748/16/4 759/11/4 760/17/4
f 748/16/4 760/17/4 761/18/4
f 747/19/4 748/16/4 761/18/4
f 747/19/4 761/18/4 762/20/4
f 746/21/4 747/19/4 762/20/4
f 746/21/4 762/20/4 763/22/4
f 746/21/4 763/22/4 764/23/4
f 745/24/4 746/21/4 764/23/4
f 745/24/4 764/23/4 765/25/4
f 744/26/4 745/24/4 765/25/4
f 744/26/4 765/25/4 775/27/4
f 775/27/4 765/25/4 774/28/4
f 774/28/4 765/25/4 773/29/4
f 773/29/4 765/25/4 772/30/4
f 772/30/4 765/25/4 771/31/4
f 771/31/4 765/25/4 770/32/4
f 770/32/4 765/25/4 769/33/4
f 769/33/4 765/25/4 768/34/4
f 768/34/4 765/25/4 767/35/4
f 767/35/4 765/25/4 766/36/4
f 743/37/4 744/26/4 777/38/4
f 777/38/4 744/26/4 776/39/4
f 776/39/5 744/26/5 775/27/5
f 742/40/4 743/37/4 779/41/4
f 779/41/4 743/37/4 778/42/4
f 778/42/4 743/37/4 777/38/4
f 742/40/4 779/41/4 780/43/4
f 742/40/4 780/43/4 781/44/4
f 741/45/4 742/40/4 781/44/4
f 741/45/4 781/44/4 782/46/4
f 741/45/4 782/46/4 783/47/4
f 792/12/4 740/15/4 741/45/4
f 792/12/4 741/45/4 787/48/4
f 787/48/4 741/45/4 786/49/4
f 786/49/4 741/45/4 785/50/4
f 785/50/4 741/45/4 784/51/4
f 784/51/4 741/45/4 783/47/4
f 792/12/4 787/48/4 788/52/4
f 792/12/4 788/52/4 789/53/4
f 792/12/4 789/53/4 790/54/4
f 792/12/4 790/54/4 791/55/4
f 829/56/4 830/58/4 831/57/4
f 829/56/4 831/57/4 832/59/4
f 828/60/4 829/56/4 832/59/4
f 828/60/4 832/59/4 833/61/4
f 827/62/4 828/60/4 833/61/4
f 827/62/4 833/61/4 834/63/4
f 826/64/4 827/62/4 834/63/4
f 826/64/4 834/63/4 835/65/4
f 825/66/4 826/64/4 835/65/4
f 825/66/4 835/65/4 836/67/4
f 824/68/4 825/66/4 836/67/4
f 824/68/4 836/67/4 837/69/4
f 823/70/4 824/68/4 880/71/4
f 880/71/4 824/68/4 837/69/4
f 823/70/6 880/71/6 881/72/6
f 879/73/4 880/71/4 837/69/4
f 823/70/4 881/72/4 882/74/4
f 878/75/4 879/73/4 837/69/4
f 823/70/4 882/74/4 883/76/4
f 877/77/4 878/75/4 837/69/4
f 877/77/4 837/69/4 838/78/4
f 823/70/4 883/76/4 884/79/4
f 822/80/4 823/70/4 884/79/4
f 876/81/4 877/77/4 838/78/4
f 822/80/4 884/79/4 885/82/4
f 875/83/4 876/81/4 838/78/4
f 822/80/4 885/82/4 886/84/4
f 874/85/4 875/83/4 838/78/4
f 822/80/4 886/84/4 887/86/4
f 873/87/4 874/85/4 838/78/4
f 821/88/4 822/80/4 887/86/4
f 873/87/4 838/78/4 839/89/4
f 821/88/4 887/86/4 888/90/4
f 872/91/4 873/87/4 839/89/4
f 821/88/4 888/90/4 889/92/4
f 871/93/4 872/91/4 839/89/4
f 820/94/4 821/88/4 889/92/4
f 871/93/4 839/89/4 840/95/4
f 820/94/4 889/92/4 890/96/4
f 870/97/4 871/93/4 840/95/4
f 820/94/4 890/96/4 891/98/4
f 869/99/4 870/97/4 840/95/4
f 819/100/4 820/94/4 891/98/4
f 819/100/4 891/98/4 892/101/4
f 869/99/4 840/95/4 841/102/4
f 893/13/4 869/99/4 841/102/4
f 819/100/4 892/101/4 893/13/4
f 819/100/4 893/13/4 841/102/4
f 818/103/4 819/100/4 841/102/4
f 818/103/4 841/102/4 842/104/4
f 817/105/4 818/103/4 843/106/4
f 843/106/4 818/103/4 842/104/4
f 817/105/4 843/106/4 844/35/4
f 816/107/4 817/105/4 844/35/4
f 816/107/4 844/35/4 845/108/4
f 816/107/4 845/108/4 846/109/4
f 815/110/4 816/107/4 846/109/4
f 815/110/4 846/109/4 847/111/4
f 814/112/4 815/110/4 847/111/4
f 814/112/4 847/111/4 848/113/4
f 866/114/4 867/116/4 868/115/4
f 814/112/4 848/113/4 849/117/4
f 865/118/4 866/114/4 868/115/4
f 864/119/4 865/118/4 868/115/4
f 813/120/4 814/112/4 849/117/4
f 813/120/4 849/117/4 850/121/4
f 863/122/4 864/119/4 868/115/4
f 862/123/4 863/122/4 868/115/4
f 813/120/4 850/121/4 851/124/4
f 861/125/4 862/123/4 868/115/4
f 813/120/4 851/124/4 852/126/4
f 860/127/4 861/125/4 868/115/4
f 812/128/4 813/120/4 852/126/4
f 859/129/4 860/127/4 868/115/4
f 812/128/4 852/126/4 853/130/4
f 858/131/4 859/129/4 868/115/4
f 812/128/4 853/130/4 854/132/4
f 857/133/4 858/131/4 868/115/4
f 856/134/4 857/133/4 868/115/4
f 812/128/4 854/132/4 855/135/4
f 855/135/4 856/134/4 868/115/4
f 812/128/4 855/135/4 868/115/4
f 811/136/4 812/128/4 868/115/4
f 811/136/4 868/115/4 795/15/4
f 810/137/4 811/136/4 795/15/4
f 810/137/4 795/15/4 796/138/4
f 810/137/4 796/138/4 797/139/4
f 809/140/4 810/137/4 797/139/4
f 809/140/4 797/139/4 798/141/4
f 809/140/4 798/141/4 799/142/4
f 808/143/4 809/140/4 799/142/4
f 808/143/4 799/142/4 800/144/4
f 808/143/4 800/144/4 801/145/4
f 807/146/4 808/143/4 801/145/4
f 807/146/4 801/145/4 802/147/4
f 807/146/4 802/147/4 803/148/4
f 807/146/4 803/148/4 804/149/4
f 806/150/4 807/146/4 804/149/4
f 806/150/4 804/149/4 805/151/4
f 899/50/4 900/13/4 894/15/4
f 899/50/4 894/15/4 895/10/4
f 895/10/4 896/9/4 897/35/4
f 895/10/4 897/35/4 898/39/4
f 899/50/4 895/10/4 898/39/4
f 947/152/4 948/153/4 901/15/4
f 947/152/4 901/15/4 902/154/4
f 946/155/4 947/152/4 902/154/4
f 946/155/4 902/154/4 903/156/4
f 945/157/4 946/155/4 903/156/4
f 945/157/4 903/156/4 904/158/4
f 944/159/4 945/157/4 904/158/4
f 944/159/4 904/158/4 905/160/4
f 943/161/4 944/159/4 905/160/4
f 943/161/4 905/160/4 906/162/4
f 942/163/4 943/161/4 972/164/4
f 972/164/4 943/161/4 906/162/4
f 942/163/4 972/164/4 973/165/4
f 971/166/4 972/164/4 906/162/4
f 942/163/4 973/165/4 974/167/4
f 970/168/4 971/166/4 906/162/4
f 942/163/4 974/167/4 975/169/4
f 969/170/4 970/168/4 906/162/4
f 969/170/4 906/162/4 907/171/4
f 941/172/4 942/163/4 975/169/4
f 941/172/4 975/169/4 976/173/4
f 968/174/4 969/170/4 907/171/4
f 941/172/4 976/173/4 977/175/4
f 967/176/4 968/174/4 907/171/4
f 967/176/4 907/171/4 908/177/4
f 940/178/4 941/172/4 977/175/4
f 940/178/4 977/175/4 978/179/4
f 966/180/4 967/176/4 908/177/4
f 940/178/4 978/179/4 979/181/4
f 965/182/4 966/180/4 908/177/4
f 965/182/4 908/177/4 909/183/4
f 939/184/4 940/178/4 979/181/4
f 939/184/4 979/181/4 980/185/4
f 964/186/4 965/182/4 909/183/4
f 964/186/4 909/183/4 910/187/4
f 938/188/4 939/184/4 980/185/4
f 938/188/4 980/185/4 981/189/4
f 963/190/4 964/186/4 910/187/4
f 938/188/4 981/189/4 982/191/4
f 962/192/4 963/190/4 910/187/4
f 962/192/4 910/187/4 911/193/4
f 937/194/4 938/188/4 982/191/4
f 937/194/4 982/191/4 983/195/4
f 961/196/4 962/192/4 911/193/4
f 961/196/4 911/193/4 912/197/4
f 936/198/4 937/194/4 983/195/4
f 936/198/4 983/195/4 984/199/4
f 960/200/4 961/196/4 912/197/4
f 935/201/4 936/198/4 984/199/4
f 935/201/4 984/199/4 985/202/4
f 959/203/4 960/200/4 912/197/4
f 959/203/4 912/197/4 913/204/4
f 935/201/4 985/202/4 986/205/4
f 958/206/4 959/203/4 913/204/4
f 958/206/4 913/204/4 914/207/4
f 934/208/4 935/201/4 986/205/4
f 934/208/4 986/205/4 987/209/4
f 957/210/4 958/206/4 914/207/4
f 957/210/4 914/207/4 915/211/4
f 933/212/4 934/208/4 987/209/4
f 933/212/4 987/209/4 988/213/4
f 956/214/4 957/210/4 915/211/4
f 956/214/4 915/211/4 916/215/4
f 932/216/4 933/212/4 988/213/4
f 932/216/4 988/213/4 989/217/4
f 955/218/4 956/214/4 916/215/4
f 932/216/4 989/217/4 990/219/4
f 954/220/4 955/218/4 916/215/4
f 954/220/4 916/215/4 917/221/4
f 931/222/4 932/216/4 990/219/4
f 931/222/4 990/219/4 991/223/4
f 953/224/4 954/220/4 917/221/4
f 931/222/4 991/223/4 992/225/4
f 952/226/4 953/224/4 917/221/4
f 952/226/4 917/221/4 918/227/4
f 930/228/4 931/222/4 992/225/4
f 930/228/4 992/225/4 993/229/4
f 951/230/4 952/226/4 918/227/4
f 930/228/4 993/229/4 994/231/4
f 950/232/4 951/230/4 918/227/4
f 950/232/4 918/227/4 919/233/4
f 929/234/4 930/228/4 994/231/4
f 929/234/4 994/231/4 995/235/4
f 949/236/4 950/232/4 919/233/4
f 929/234/4 995/235/4 996/13/4
f 996/13/4 949/236/4 919/233/4
f 929/234/4 996/13/4 919/233/4
f 929/234/4 919/233/4 920/237/4
f 928/238/4 929/234/4 920/237/4
f 928/238/4 920/237/4 921/239/4
f 927/240/4 928/238/4 921/239/4
f 927/240/4 921/239/4 922/241/4
f 926/242/4 927/240/4 922/241/4
f 926/242/4 922/241/4 923/243/4
f 925/244/4 926/242/4 923/243/4
f 925/244/4 923/243/4 924/245/4
f 1031/56/4 1032/58/4 1033/57/4
f 1031/56/4 1033/57/4 1034/59/4
f 1030/60/4 1031/56/4 1034/59/4
f 1030/60/4 1034/59/4 1035/61/4
f 1029/62/4 1030/60/4 1035/61/4
f 1029/62/4 1035/61/4 1036/63/4
f 1028/64/4 1029/62/4 1036/63/4
f 1028/64/4 1036/63/4 1037/65/4
f 1027/66/4 1028/64/4 1037/65/4
f 1027/66/4 1037/65/4 1038/67/4
f 1026/68/4 1027/66/4 1038/67/4
f 1026/68/4 1038/67/4 1039/69/4
f 1025/70/4 1026/68/4 1082/71/4
f 1082/71/4 1026/68/4 1039/69/4
f 1025/70/4 1082/71/4 1083/72/4
f 1081/73/4 1082/71/4 1039/69/4
f 1025/70/4 1083/72/4 1084/74/4
f 1080/75/4 1081/73/4 1039/69/4
f 1025/70/4 1084/74/4 1085/76/4
f 1079/77/4 1080/75/4 1039/69/4
f 1079/77/4 1039/69/4 1040/78/4
f 1025/70/4 1085/76/4 1086/79/4
f 1024/80/4 1025/70/4 1086/79/4
f 1078/81/4 1079/77/4 1040/78/4
f 1024/80/4 1086/79/4 1087/82/4
f 1077/83/4 1078/81/4 1040/78/4
f 1024/80/4 1087/82/4 1088/84/4
f 1076/85/4 1077/83/4 1040/78/4
f 1024/80/4 1088/84/4 1089/86/4
f 1075/87/4 1076/85/4 1040/78/4
f 1023/88/4 1024/80/4 1089/86/4
f 1075/87/4 1040/78/4 1041/89/4
f 1023/88/4 1089/86/4 1090/90/4
f 1074/91/4 1075/87/4 1041/89/4
f 1023/88/4 1090/90/4 1091/92/4
f 1073/93/4 1074/91/4 1041/89/4
f 1022/94/4 1023/88/4 1091/92/4
f 1073/93/4 1041/89/4 1042/95/4
f 1022/94/4 1091/92/4 1092/96/4
f 1072/97/4 1073/93/4 1042/95/4
f 1022/94/4 1092/96/4 1093/98/4
f 1071/99/4 1072/97/4 1042/95/4
f 1021/100/4 1022/94/4 1093/98/4
f 1021/100/4 1093/98/4 1094/101/4
f 1071/99/4 1042/95/4 1043/102/4
f 1095/13/4 1071/99/4 1043/102/4
f 1021/100/4 1094/101/4 1095/13/4
f 1021/100/4 1095/13/4 1043/102/4
f 1020/103/4 1021/100/4 1043/102/4
f 1020/103/4 1043/102/4 1044/104/4
f 1019/105/4 1020/103/4 1045/106/4
f 1045/106/4 1020/103/4 1044/104/4
f 1019/105/4 1045/106/4 1046/35/4
f 1018/107/4 1019/105/4 1046/35/4
f 1018/107/4 1046/35/4 1047/108/4
f 1018/107/4 1047/108/4 1048/109/4
f 1017/110/4 1018/107/4 1048/109/4
f 1017/110/4 1048/109/4 1049/111/4
f 1016/112/4 1017/110/4 1049/111/4
f 1016/112/4 1049/111/4 1050/113/4
f 1068/114/4 1069/116/4 1070/115/4
f 1016/112/4 1050/113/4 1051/117/4
f 1067/118/4 1068/114/4 1070/115/4
f 1066/119/4 1067/118/4 1070/115/4
f 1015/120/4 1016/112/4 1051/117/4
f 1015/120/4 1051/117/4 1052/121/4
f 1065/122/4 1066/119/4 1070/115/4
f 1064/123/4 1065/122/4 1070/115/4
f 1015/120/4 1052/121/4 1053/124/4
f 1063/125/4 1064/123/4 1070/115/4
f 1015/120/4 1053/124/4 1054/126/4
f 1062/127/4 1063/125/4 1070/115/4
f 1014/128/4 1015/120/4 1054/126/4
f 1061/129/4 1062/127/4 1070/115/4
f 1014/128/4 1054/126/4 1055/130/4
f 1060/131/4 1061/129/4 1070/115/4
f 1014/128/4 1055/130/4 1056/132/4
f 1059/133/4 1060/131/4 1070/115/4
f 1058/134/4 1059/133/4 1070/115/4
f 1014/128/4 1056/132/4 1057/135/4
f 1057/135/4 1058/134/4 1070/115/4
f 1014/128/4 1057/135/4 1070/115/4
f 1013/136/4 1014/128/4 1070/115/4
f 1013/136/4 1070/115/4 997/15/4
f 1012/137/4 1013/136/4 997/15/4
f 1012/137/4 997/15/4 998/138/4
f 1012/137/4 998/138/4 999/139/4
f 1011/140/4 1012/137/4 999/139/4
f 1011/140/4 999/139/4 1000/141/4
f 1011/140/4 1000/141/4 1001/142/4
f 1010/143/4 1011/140/4 1001/142/4
f 1010/143/4 1001/142/4 1002/144/4
f 1010/143/4 1002/144/4 1003/145/4
f 1009/146/4 1010/143/4 1003/145/4
f 1009/146/4 1003/145/4 1004/147/4
f 1009/146/4 1004/147/4 1005/148/4
f 1009/146/4 1005/148/4 1006/149/4
f 1008/150/4 1009/146/4 1006/149/4
f 1008/150/4 1006/149/4 1007/151/4
f 1107/246/4 1108/248/4 1109/247/4
f 1131/249/4 1132/251/4 1133/250/4
f 1106/252/4 1107/246/4 1109/247/4
f 1106/252/4 1109/247/4 1110/253/4
f 1130/254/4 1131/249/4 1133/250/4
f 1130/254/4 1133/250/4 1134/255/4
f 1105/256/4 1106/252/4 1110/253/4
f 1105/256/4 1110/253/4 1111/257/4
f 1129/258/4 1130/254/4 1134/255/4
f 1104/259/4 1105/256/4 1111/257/4
f 1104/259/4 1111/257/4 1112/260/4
f 1129/258/4 1134/255/4 1135/261/4
f 1128/262/4 1129/258/4 1135/261/4
f 1103/263/4 1104/259/4 1112/260/4
f 1200/264/4 1201/265/4 1202/13/4
f 1200/264/4 1202/13/4 1096/15/4
f 1103/263/4 1112/260/4 1113/266/4
f 1127/267/4 1128/262/4 1135/261/4
f 1102/268/4 1103/263/4 1113/266/4
f 1127/267/4 1135/261/4 1136/269/4
f 1102/268/4 1113/266/4 1114/270/4
f 1101/271/4 1102/268/4 1114/270/4
f 1126/272/4 1127/267/4 1136/269/4
f 1101/271/4 1114/270/4 1115/273/4
f 1126/272/4 1136/269/4 1137/274/4
f 1100/275/4 1101/271/4 1115/273/4
f 1125/276/4 1126/272/4 1137/274/4
f 1100/275/4 1115/273/4 1116/277/4
f 1099/278/4 1100/275/4 1116/277/4
f 1124/279/4 1125/276/4 1137/274/4
f 1124/279/4 1137/274/4 1138/280/4
f 1099/278/4 1116/277/4 1117/281/4
f 1098/282/4 1099/278/4 1117/281/4
f 1123/283/4 1124/279/4 1138/280/4
f 1098/282/4 1117/281/4 1118/284/4
f 1097/285/4 1098/282/4 1118/284/4
f 1123/283/4 1138/280/4 1139/286/4
f 1122/287/4 1123/283/4 1139/286/4
f 1097/285/4 1118/284/4 1119/288/4
f 1096/15/4 1097/285/4 1119/288/4
f 1121/289/4 1122/287/4 1139/286/4
f 1121/289/4 1139/286/4 1159/290/4
f 1159/290/4 1139/286/4 1140/291/4
f 1200/264/4 1096/15/4 1198/292/4
f 1198/292/4 1096/15/4 1197/293/4
f 1197/293/4 1096/15/4 1196/294/4
f 1196/294/4 1096/15/4 1195/295/4
f 1195/295/4 1096/15/4 1194/296/4
f 1194/296/4 1096/15/4 1193/297/4
f 1193/297/4 1096/15/4 1192/298/4
f 1192/298/4 1096/15/4 1191/299/4
f 1191/299/4 1096/15/4 1190/300/4
f 1190/300/4 1096/15/4 1189/301/4
f 1189/301/4 1096/15/4 1188/302/4
f 1188/302/4 1096/15/4 1187/303/4
f 1187/303/4 1096/15/4 1119/288/4
f 1187/303/4 1119/288/4 1186/304/4
f 1186/304/4 1119/288/4 1120/305/4
f 1120/305/4 1121/289/4 1160/306/4
f 1160/306/4 1121/289/4 1159/290/4
f 1185/307/4 1186/304/4 1120/305/4
f 1158/308/4 1159/290/4 1140/291/4
f 1120/305/4 1160/306/4 1161/309/4
f 1184/310/4 1185/307/4 1120/305/4
f 1157/311/4 1158/308/4 1140/291/4
f 1120/305/4 1161/309/4 1162/312/4
f 1183/313/4 1184/310/4 1120/305/4
f 1156/314/4 1157/311/4 1140/291/4
f 1120/305/4 1162/312/4 1163/315/4
f 1182/316/4 1183/313/4 1120/305/4
f 1182/316/4 1120/305/4 1163/315/4
f 1155/317/4 1156/314/4 1140/291/4
f 1182/316/4 1163/315/4 1164/318/4
f 1155/317/4 1140/291/4 1141/319/4
f 1181/320/4 1182/316/4 1164/318/4
f 1181/320/4 1164/318/4 1165/321/4
f 1154/322/4 1155/317/4 1141/319/4
f 1181/320/4 1165/321/4 1166/323/4
f 1180/324/4 1181/320/4 1166/323/4
f 1153/325/4 1154/322/4 1141/319/4
f 1180/324/4 1166/323/4 1167/326/4
f 1179/327/4 1180/324/4 1167/326/4
f 1152/328/4 1153/325/4 1141/319/4
f 1179/327/4 1167/326/4 1168/329/4
f 1152/328/4 1141/319/4 1142/330/4
f 1178/331/4 1179/327/4 1168/329/4
f 1178/331/4 1168/329/4 1169/332/4
f 1151/333/4 1152/328/4 1142/330/4
f 1178/331/4 1169/332/4 1170/334/4
f 1177/335/4 1178/331/4 1170/334/4
f 1150/336/4 1151/333/4 1142/330/4
f 1177/335/4 1170/334/4 1171/337/4
f 1150/336/4 1142/330/4 1143/338/4
f 1176/339/4 1177/335/4 1171/337/4
f 1200/264/4 1198/292/4 1199/340/4
f 1176/339/4 1171/337/4 1172/341/4
f 1149/35/4 1150/336/4 1143/338/4
f 1175/342/4 1176/339/4 1172/341/4
f 1148/343/4 1149/35/4 1143/338/4
f 1148/343/4 1143/338/4 1144/344/4
f 1174/345/4 1175/342/4 1172/341/4
f 1147/346/4 1148/343/4 1144/344/4
f 1147/346/4 1144/344/4 1145/347/4
f 1173/348/4 1174/345/4 1172/341/4
f 1146/349/4 1147/346/4 1145/347/4
f 1300/350/4 1301/352/4 1302/351/4
f 1299/353/4 1300/350/4 1302/351/4
f 1299/353/4 1302/351/4 1303/354/4
f 1298/355/4 1299/353/4 1303/354/4
f 1297/356/4 1298/355/4 1303/354/4
f 1297/356/4 1303/354/4 1304/357/4
f 1296/358/4 1297/356/4 1304/357/4
f 1296/358/4 1304/357/4 1305/359/4
f 1295/360/4 1296/358/4 1305/359/4
f 1294/361/4 1295/360/4 1305/359/4
f 1294/361/4 1305/359/4 1306/362/4
f 1293/363/4 1294/361/4 1306/362/4
f 1293/363/4 1306/362/4 1307/364/4
f 1292/365/4 1293/363/4 1307/364/4
f 1291/366/4 1292/365/4 1307/364/4
f 1291/366/4 1307/364/4 1308/367/4
f 1290/368/4 1291/366/4 1308/367/4
f 1290/368/4 1308/367/4 1309/369/4
f 1289/370/4 1290/368/4 1309/369/4
f 1288/371/4 1289/370/4 1287/372/4
f 1287/372/4 1289/370/4 1286/373/4
f 1286/373/4 1289/370/4 1285/374/4
f 1285/374/4 1289/370/4 1284/375/4
f 1284/375/4 1289/370/4 1283/376/4
f 1283/376/4 1289/370/4 1282/377/4
f 1282/377/4 1289/370/4 1281/378/4
f 1281/378/4 1289/370/4 1280/379/4
f 1280/379/4 1289/370/4 1279/380/4
f 1279/380/4 1289/370/4 1278/381/4
f 1278/381/4 1289/370/4 1309/369/4
f 1278/381/4 1309/369/4 1277/382/4
f 1277/382/4 1309/369/4 1276/383/4
f 1276/383/4 1309/369/4 1310/384/4
f 1276/383/4 1310/384/4 1275/385/4
f 1275/385/4 1310/384/4 1311/386/4
f 1274/387/4 1275/385/4 1311/386/4
f 1273/388/4 1274/387/4 1311/386/4
f 1272/389/4 1273/388/4 1311/386/4
f 1271/390/4 1272/389/4 1311/386/4
f 1270/391/4 1271/390/4 1311/386/4
f 1270/391/4 1311/386/4 1312/392/4
f 1269/393/4 1270/391/4 1312/392/4
f 1268/394/4 1269/393/4 1312/392/4
f 1267/395/4 1268/394/4 1312/392/4
f 1267/395/4 1312/392/4 1313/396/4
f 1266/397/4 1267/395/4 1313/396/4
f 1265/398/4 1266/397/4 1313/396/4
f 1265/398/4 1313/396/4 1314/399/4
f 1264/400/4 1265/398/4 1314/399/4
f 1263/401/4 1264/400/4 1314/399/4
f 1262/402/4 1263/401/4 1376/13/4
f 1376/13/4 1263/401/4 1314/399/4
f 1261/403/4 1262/402/4 1376/13/4
f 1260/404/4 1261/403/4 1376/13/4
f 1259/405/4 1260/404/4 1376/13/4
f 1258/406/4 1259/405/4 1376/13/4
f 1258/406/4 1376/13/4 1340/407/4
f 1375/408/4 1376/13/4 1314/399/4
f 1258/406/4 1340/407/4 1341/409/4
f 1257/410/4 1258/406/4 1341/409/4
f 1257/410/4 1341/409/4 1342/411/4
f 1256/412/4 1257/410/4 1342/411/4
f 1256/412/4 1342/411/4 1343/413/4
f 1255/414/4 1256/412/4 1343/413/4
f 1255/414/4 1343/413/4 1344/415/4
f 1255/414/4 1344/415/4 1345/416/4
f 1254/417/4 1255/414/4 1345/416/4
f 1254/417/4 1345/416/4 1346/418/4
f 1253/419/4 1254/417/4 1346/418/4
f 1253/419/4 1346/418/4 1347/420/4
f 1253/419/4 1347/420/4 1348/421/4
f 1252/422/4 1253/419/4 1348/421/4
f 1252/422/4 1348/421/4 1349/423/4
f 1252/422/4 1349/423/4 1350/424/4
f 1251/425/4 1252/422/4 1350/424/4
f 1251/425/4 1350/424/4 1351/426/4
f 1250/427/4 1251/425/4 1351/426/4
f 1250/427/4 1351/426/4 1352/428/4
f 1250/427/4 1352/428/4 1353/429/4
f 1249/430/4 1250/427/4 1353/429/4
f 1249/430/4 1353/429/4 1354/431/4
f 1249/430/4 1354/431/4 1355/432/4
f 1374/433/4 1375/408/4 1314/399/4
f 1248/434/4 1249/430/4 1355/432/4
f 1373/435/4 1374/433/4 1314/399/4
f 1248/434/4 1355/432/4 1356/436/4
f 1372/437/4 1373/435/4 1314/399/4
f 1337/438/4 1338/440/4 1339/439/4
f 1372/437/4 1314/399/4 1315/441/4
f 1248/434/4 1356/436/4 1357/442/4
f 1336/443/4 1337/438/4 1339/439/4
f 1371/444/4 1372/437/4 1315/441/4
f 1371/444/4 1315/441/4 1316/445/4
f 1335/446/4 1336/443/4 1339/439/4
f 1247/447/4 1248/434/4 1357/442/4
f 1247/447/4 1357/442/4 1358/448/4
f 1371/444/4 1316/445/4 1317/449/4
f 1370/450/4 1371/444/4 1317/449/4
f 1334/451/4 1335/446/4 1339/439/4
f 1370/450/4 1317/449/4 1318/452/4
f 1369/453/4 1370/450/4 1318/452/4
f 1333/454/4 1334/451/4 1339/439/4
f 1247/447/4 1358/448/4 1359/455/4
f 1369/453/4 1318/452/4 1319/456/4
f 1332/457/4 1333/454/4 1339/439/4
f 1368/458/4 1369/453/4 1319/456/4
f 1368/458/4 1319/456/4 1320/459/4
f 1331/460/4 1332/457/4 1339/439/4
f 1247/447/4 1359/455/4 1360/461/4
f 1368/458/4 1320/459/4 1321/462/4
f 1367/463/4 1368/458/4 1321/462/4
f 1330/464/4 1331/460/4 1339/439/4
f 1367/463/4 1321/462/4 1322/465/4
f 1246/466/4 1247/447/4 1360/461/4
f 1329/467/4 1330/464/4 1339/439/4
f 1246/466/4 1360/461/4 1361/468/4
f 1366/469/4 1367/463/4 1322/465/4
f 1366/469/4 1322/465/4 1323/470/4
f 1328/471/4 1329/467/4 1339/439/4
f 1366/469/4 1323/470/4 1324/472/4
f 1327/473/4 1328/471/4 1339/439/4
f 1365/474/4 1366/469/4 1324/472/4
f 1365/474/4 1324/472/4 1325/475/4
f 1326/476/4 1327/473/4 1339/439/4
f 1365/474/4 1325/475/4 1326/476/4
f 1246/466/4 1361/468/4 1362/477/4
f 1365/474/4 1326/476/4 1339/439/4
f 1364/478/4 1365/474/4 1339/439/4
f 1246/466/4 1362/477/4 1363/479/4
f 1363/479/4 1364/478/4 1339/439/4
f 1246/466/4 1363/479/4 1226/480/4
f 1226/480/4 1363/479/4 1339/439/4
f 1245/481/4 1246/466/4 1226/480/4
f 1245/481/4 1226/480/4 1227/482/4
f 1225/483/4 1226/480/4 1339/439/4
f 1244/484/4 1245/481/4 1227/482/4
f 1244/484/4 1227/482/4 1228/485/4
f 1224/486/4 1225/483/4 1339/439/4
f 1224/486/4 1339/439/4 1203/15/4
f 1243/487/4 1244/484/4 1228/485/4
f 1243/487/4 1228/485/4 1229/488/4
f 1223/489/4 1224/486/4 1203/15/4
f 1223/489/4 1203/15/4 1204/490/4
f 1243/487/4 1229/488/4 1230/491/4
f 1222/492/4 1223/489/4 1204/490/4
f 1242/493/4 1243/487/4 1230/491/4
f 1222/492/4 1204/490/4 1205/494/4
f 1242/493/4 1230/491/4 1231/495/4
f 1221/496/4 1222/492/4 1205/494/4
f 1221/496/4 1205/494/4 1206/497/4
f 1241/498/4 1242/493/4 1231/495/4
f 1241/498/4 1231/495/4 1232/499/4
f 1220/500/4 1221/496/4 1206/497/4
f 1220/500/4 1206/497/4 1207/501/4
f 1241/498/4 1232/499/4 1233/502/4
f 1219/503/4 1220/500/4 1207/501/4
f 1219/503/4 1207/501/4 1208/504/4
f 1240/505/4 1241/498/4 1233/502/4
f 1240/505/4 1233/502/4 1234/506/4
f 1218/507/4 1219/503/4 1208/504/4
f 1218/507/4 1208/504/4 1209/508/4
f 1240/505/4 1234/506/4 1235/509/4
f 1218/507/4 1209/508/4 1210/510/4
f 1217/511/4 1218/507/4 1210/510/4
f 1239/512/4 1240/505/4 1235/509/4
f 1217/511/4 1210/510/4 1211/513/4
f 1239/512/4 1235/509/4 1236/514/4
f 1216/515/4 1217/511/4 1211/513/4
f 1216/515/4 1211/513/4 1212/516/4
f 1239/512/4 1236/514/4 1237/517/4
f 1215/518/4 1216/515/4 1212/516/4
f 1238/519/4 1239/512/4 1237/517/4
f 1215/518/4 1212/516/4 1213/520/4
f 1214/521/4 1215/518/4 1213/520/4
f 1411/522/4 1412/524/4 1413/523/4
f 1411/522/4 1413/523/4 1414/525/4
f 1411/522/4 1414/525/4 1415/526/4
f 1411/522/4 1415/526/4 1416/527/4
f 1410/528/4 1411/522/4 1416/527/4
f 1410/528/4 1416/527/4 1417/529/4
f 1410/528/4 1417/529/4 1418/530/4
f 1410/528/4 1418/530/4 1419/531/4
f 1409/532/4 1410/528/4 1419/531/4
f 1409/532/4 1419/531/4 1420/533/4
f 1409/532/4 1420/533/4 1421/534/4
f 1408/535/4 1409/532/4 1421/534/4
f 1408/535/4 1421/534/4 1422/536/4
f 1408/535/4 1422/536/4 1423/537/4
f 1407/538/4 1408/535/4 1423/537/4
f 1407/538/4 1423/537/4 1424/539/4
f 1407/538/4 1424/539/4 1435/540/4
f 1435/540/4 1424/539/4 1434/541/4
f 1434/541/4 1424/539/4 1433/542/4
f 1433/542/4 1424/539/4 1432/543/4
f 1432/543/4 1424/539/4 1431/544/4
f 1431/544/4 1424/539/4 1430/545/4
f 1430/545/4 1424/539/4 1429/546/4
f 1429/546/4 1424/539/4 1428/547/4
f 1428/547/4 1424/539/4 1427/548/4
f 1427/548/4 1424/539/4 1426/549/4
f 1426/549/4 1424/539/4 1425/550/4
f 1406/551/4 1407/538/4 1437/552/4
f 1437/552/4 1407/538/4 1436/553/4
f 1436/553/4 1407/538/4 1435/540/4
f 1406/551/4 1437/552/4 1438/554/4
f 1406/551/4 1438/554/4 1439/555/4
f 1406/551/4 1439/555/4 1440/556/4
f 1405/557/4 1406/551/4 1440/556/4
f 1405/557/4 1440/556/4 1441/558/4
f 1405/557/4 1441/558/4 1442/559/4
f 1404/560/4 1405/557/4 1442/559/4
f 1404/560/4 1442/559/4 1443/561/4
f 1404/560/4 1443/561/4 1444/562/4
f 1403/563/4 1404/560/4 1444/562/4
f 1403/563/4 1444/562/4 1445/564/4
f 1402/565/4 1403/563/4 1445/564/4
f 1402/565/4 1445/564/4 1446/566/4
f 1402/565/4 1446/566/4 1447/567/4
f 1401/568/4 1402/565/4 1447/567/4
f 1401/568/4 1447/567/4 1448/569/4
f 1400/570/4 1401/568/4 1448/569/4
f 1400/570/4 1448/569/4 1449/571/4
f 1400/570/4 1449/571/4 1450/572/4
f 1399/573/4 1400/570/4 1450/572/4
f 1475/574/4 1476/576/4 1477/575/4
f 1475/574/4 1477/575/4 1474/577/4
f 1474/577/4 1477/575/4 1478/13/4
f 1399/573/4 1450/572/4 1451/578/4
f 1398/579/4 1399/573/4 1451/578/4
f 1398/579/4 1451/578/4 1452/580/4
f 1473/581/4 1474/577/4 1478/13/4
f 1397/582/4 1398/579/4 1452/580/4
f 1397/582/4 1452/580/4 1453/583/4
f 1397/582/4 1453/583/4 1454/584/4
f 1396/585/4 1397/582/4 1454/584/4
f 1396/585/4 1454/584/4 1455/586/4
f 1395/587/4 1396/585/4 1455/586/4
f 1395/587/4 1455/586/4 1456/588/4
f 1395/587/4 1456/588/4 1457/589/4
f 1394/590/4 1395/587/4 1457/589/4
f 1394/590/4 1457/589/4 1458/591/4
f 1472/592/4 1473/581/4 1478/13/4
f 1471/593/4 1472/592/4 1478/13/4
f 1470/594/4 1471/593/4 1478/13/4
f 1394/590/4 1458/591/4 1459/595/4
f 1469/596/4 1470/594/4 1478/13/4
f 1468/597/4 1469/596/4 1478/13/4
f 1467/598/4 1468/597/4 1478/13/4
f 1394/590/4 1459/595/4 1460/599/4
f 1393/600/4 1394/590/4 1460/599/4
f 1466/601/4 1467/598/4 1478/13/4
f 1465/602/4 1466/601/4 1478/13/4
f 1464/603/4 1465/602/4 1478/13/4
f 1393/600/4 1460/599/4 1461/604/4
f 1463/605/4 1464/603/4 1478/13/4
f 1462/606/4 1463/605/4 1478/13/4
f 1461/604/4 1462/606/4 1478/13/4
f 1393/600/4 1461/604/4 1478/13/4
f 1392/607/4 1393/600/4 1478/13/4
f 1392/607/4 1478/13/4 1377/15/4
f 1392/607/4 1377/15/4 1378/608/4
f 1391/609/4 1392/607/4 1378/608/4
f 1391/609/4 1378/608/4 1379/610/4
f 1391/609/4 1379/610/4 1380/611/4
f 1390/612/4 1391/609/4 1380/611/4
f 1390/612/4 1380/611/4 1381/613/4
f 1390/612/4 1381/613/4 1382/614/4
f 1390/612/4 1382/614/4 1383/615/4
f 1389/616/4 1390/612/4 1383/615/4
f 1389/616/4 1383/615/4 1384/617/4
f 1389/616/4 1384/617/4 1385/618/4
f 1389/616/4 1385/618/4 1386/619/4
f 1388/620/4 1389/616/4 1386/619/4
f 1388/620/4 1386/619/4 1387/621/4
s 1
f 1482/622/7 1479/15/8 1480/623/8
f 1484/624/9 1481/625/7 1482/622/7
f 1486/626/10 1483/627/9 1484/624/9
f 1488/628/11 1485/629/10 1486/626/10
f 1490/630/12 1487/631/11 1488/628/11
f 1492/632/13 1489/633/12 1490/630/12
f 1494/634/14 1491/635/13 1492/632/13
f 1496/636/15 1493/637/14 1494/634/14
f 1498/638/16 1495/639/15 1496/636/15
f 1500/640/17 1497/641/16 1498/638/16
f 1502/642/18 1499/643/17 1500/640/17
f 1504/644/19 1501/645/18 1502/642/18
f 1506/646/20 1503/647/19 1504/644/19
f 1508/648/21 1505/649/20 1506/646/20
f 1510/650/22 1507/651/21 1508/648/21
f 1510/650/22 1511/652/23 1509/653/22
f 1514/654/24 1511/652/23 1512/655/23
f 1516/656/25 1513/10/24 1514/654/24
f 1516/656/25 1517/657/26 1515/658/25
f 1520/659/27 1517/657/26 1518/660/26
f 1520/659/27 1521/661/28 1519/662/27
f 1524/663/29 1521/661/28 1522/664/28
f 1524/663/29 1525/665/30 1523/666/29
f 1528/667/31 1525/665/30 1526/668/30
f 1528/667/31 1529/669/32 1527/670/31
f 1532/671/33 1529/669/32 1530/672/32
f 1532/671/33 1533/673/34 1531/674/33
f 1536/675/35 1533/673/34 1534/676/34
f 1536/675/35 1537/677/36 1535/678/35
f 1540/679/37 1537/677/36 1538/680/36
f 1542/681/38 1539/682/37 1540/679/37
f 1542/681/38 1543/683/39 1541/684/38
f 1546/685/40 1543/683/39 1544/686/39
f 1548/687/41 1545/688/40 1546/685/40
f 1550/689/42 1547/9/41 1548/687/41
f 1552/690/43 1549/691/42 1550/689/42
f 1554/692/44 1551/693/43 1552/690/43
f 1556/694/45 1553/695/44 1554/692/44
f 1558/696/46 1555/697/45 1556/694/45
f 1560/698/47 1557/699/46 1558/696/46
f 1562/700/48 1559/701/47 1560/698/47
f 1564/702/49 1561/703/48 1562/700/48
f 1566/704/50 1563/705/49 1564/702/49
f 1568/706/51 1565/707/50 1566/704/50
f 1570/708/52 1567/709/51 1568/706/51
f 1572/710/53 1569/711/52 1570/708/52
f 1574/712/54 1571/713/53 1572/710/53
f 1576/714/55 1573/715/54 1574/712/54
f 1578/716/56 1575/717/55 1576/714/55
f 1580/718/57 1577/719/56 1578/716/56
f 1582/720/58 1579/721/57 1580/718/57
f 1582/720/58 1583/722/59 1581/35/60
f 1586/723/61 1583/722/59 1584/724/59
f 1588/725/62 1585/726/61 1586/723/61
f 1590/727/63 1587/728/62 1588/725/62
f 1592/729/64 1589/730/63 1590/727/63
f 1594/731/65 1591/732/64 1592/729/64
f 1596/733/66 1593/734/65 1594/731/65
f 1598/735/67 1595/736/66 1596/733/66
f 1600/737/68 1597/738/67 1598/735/67
f 1602/739/69 1599/740/68 1600/737/68
f 1604/741/70 1601/742/69 1602/739/69
f 1606/743/71 1603/744/70 1604/741/70
f 1608/745/72 1605/746/71 1606/743/71
f 1610/747/73 1607/748/74 1608/745/72
f 1612/749/75 1609/750/73 1610/747/73
f 1614/751/76 1611/752/75 1612/749/75
f 1616/753/77 1613/754/76 1614/751/76
f 1618/755/78 1615/39/77 1616/753/77
f 1620/756/79 1617/757/78 1618/755/78
f 1622/758/80 1619/759/81 1620/756/79
f 1624/760/82 1621/761/80 1622/758/80
f 1626/762/83 1623/763/82 1624/760/82
f 1628/764/84 1625/765/83 1626/762/83
f 1630/766/85 1627/767/84 1628/764/84
f 1632/768/86 1629/769/85 1630/766/85
f 1634/770/87 1631/771/86 1632/768/86
f 1636/772/88 1633/773/87 1634/770/87
f 1638/774/89 1635/775/88 1636/772/88
f 1640/776/90 1637/777/89 1638/774/89
f 1642/778/91 1639/779/90 1640/776/90
f 1644/780/92 1641/781/91 1642/778/91
f 1646/782/93 1643/783/92 1644/780/92
f 1648/784/94 1645/785/93 1646/782/93
f 1650/786/95 1647/787/94 1648/784/94
f 1652/788/96 1649/50/95 1650/786/95
f 1654/789/97 1651/790/96 1652/788/96
f 1656/791/98 1653/792/97 1654/789/97
f 1658/793/99 1655/794/98 1656/791/98
f 1660/795/100 1657/796/99 1658/793/99
f 1662/797/101 1659/798/102 1660/795/100
f 1664/799/103 1661/800/101 1662/797/101
f 1666/801/104 1663/802/103 1664/799/103
f 1668/803/105 1665/804/104 1666/801/104
f 1670/805/106 1667/806/105 1668/803/105
f 1672/807/107 1669/808/106 1670/805/106
f 1672/807/107 1673/809/108 1671/810/107
f 1676/811/108 1673/809/108 1674/812/108
f 1676/811/108 1677/813/109 1675/814/108
f 1680/815/110 1677/813/109 1678/816/109
f 1682/817/111 1679/818/110 1680/815/110
f 1480/819/8 1681/820/111 1682/817/111
f 1686/821/112 1683/15/113 1684/623/113
f 1688/822/114 1685/823/112 1686/821/112
f 1690/824/115 1687/825/114 1688/822/114
f 1692/826/116 1689/827/115 1690/824/115
f 1694/828/117 1691/829/116 1692/826/116
f 1696/830/118 1693/831/117 1694/828/117
f 1698/832/119 1695/833/118 1696/830/118
f 1700/834/120 1697/835/119 1698/832/119
f 1702/836/121 1699/837/122 1700/834/120
f 1704/838/123 1701/839/121 1702/836/121
f 1706/840/124 1703/841/123 1704/838/123
f 1708/842/125 1705/843/124 1706/840/124
f 1710/844/126 1707/845/125 1708/842/125
f 1712/846/127 1709/847/126 1710/844/126
f 1714/848/128 1711/849/127 1712/846/127
f 1716/850/129 1713/851/128 1714/848/128
f 1718/852/130 1715/853/129 1716/850/129
f 1720/854/131 1717/855/130 1718/852/130
f 1722/856/132 1719/857/131 1720/854/131
f 1724/858/133 1721/859/132 1722/856/132
f 1726/860/134 1723/861/133 1724/858/133
f 1728/862/135 1725/863/134 1726/860/134
f 1730/864/136 1727/865/135 1728/862/135
f 1732/866/137 1729/867/136 1730/864/136
f 1734/868/138 1731/869/137 1732/866/137
f 1736/870/139 1733/871/138 1734/868/138
f 1738/872/140 1735/873/139 1736/870/139
f 1740/874/141 1737/875/140 1738/872/140
f 1742/876/142 1739/877/141 1740/874/141
f 1744/878/143 1741/879/142 1742/876/142
f 1746/880/144 1743/881/143 1744/878/143
f 1748/882/145 1745/883/144 1746/880/144
f 1750/884/146 1747/885/145 1748/882/145
f 1752/886/147 1749/887/146 1750/884/146
f 1754/888/148 1751/889/147 1752/886/147
f 1756/890/149 1753/891/148 1754/888/148
f 1758/892/150 1755/893/149 1756/890/149
f 1760/894/151 1757/895/150 1758/892/150
f 1762/896/152 1759/897/151 1760/894/151
f 1764/898/153 1761/899/152 1762/896/152
f 1766/900/154 1763/901/153 1764/898/153
f 1768/902/155 1765/903/154 1766/900/154
f 1770/904/156 1767/905/155 1768/902/155
f 1770/904/156 1771/906/157 1769/907/156
f 1774/908/158 1771/906/157 1772/909/157
f 1776/910/159 1773/911/158 1774/908/158
f 1778/912/160 1775/913/159 1776/910/159
f 1780/914/161 1777/915/160 1778/912/160
f 1780/914/161 1781/916/162 1779/917/161
f 1784/918/163 1781/916/162 1782/919/162
f 1786/920/164 1783/921/163 1784/918/163
f 1788/922/165 1785/923/164 1786/920/164
f 1790/924/166 1787/925/165 1788/922/165
f 1792/926/167 1789/927/166 1790/924/166
f 1794/928/168 1791/929/167 1792/926/167
f 1796/930/169 1793/931/168 1794/928/168
f 1796/930/169 1797/932/170 1795/933/169
f 1800/934/171 1797/932/170 1798/935/170
f 1802/936/172 1799/937/171 1800/934/171
f 1804/938/173 1801/939/172 1802/936/172
f 1806/940/174 1803/941/173 1804/938/173
f 1808/942/175 1805/943/174 1806/940/174
f 1808/942/175 1809/944/176 1807/945/175
f 1812/946/177 1809/944/176 1810/947/176
f 1814/948/178 1811/949/177 1812/946/177
f 1816/950/179 1813/951/178 1814/948/178
f 1818/952/180 1815/953/179 1816/950/179
f 1820/954/181 1817/955/182 1818/952/180
f 1822/956/183 1819/957/181 1820/954/181
f 1824/958/184 1821/959/183 1822/956/183
f 1826/960/185 1823/961/184 1824/958/184
f 1828/962/186 1825/963/185 1826/960/185
f 1830/964/187 1827/965/186 1828/962/186
f 1832/966/188 1829/967/187 1830/964/187
f 1834/968/189 1831/969/188 1832/966/188
f 1836/970/190 1833/971/189 1834/968/189
f 1838/972/191 1835/973/190 1836/970/190
f 1840/974/192 1837/975/191 1838/972/191
f 1842/976/193 1839/977/192 1840/974/192
f 1844/978/194 1841/979/193 1842/976/193
f 1846/980/195 1843/981/194 1844/978/194
f 1848/982/196 1845/983/195 1846/980/195
f 1850/984/197 1847/985/196 1848/982/196
f 1852/986/198 1849/987/197 1850/984/197
f 1854/988/199 1851/989/198 1852/986/198
f 1854/988/199 1855/990/200 1853/991/199
f 1858/992/201 1855/990/200 1856/993/200
f 1860/994/202 1857/995/201 1858/992/201
f 1862/996/203 1859/997/202 1860/994/202
f 1864/998/204 1861/999/203 1862/996/203
f 1866/1000/205 1863/1001/204 1864/998/204
f 1868/1002/206 1865/1003/205 1866/1000/205
f 1870/1004/207 1867/1005/206 1868/1002/206
f 1872/1006/208 1869/1007/207 1870/1004/207
f 1874/1008/209 1871/1009/208 1872/1006/208
f 1876/1010/210 1873/1011/209 1874/1008/209
f 1878/1012/211 1875/1013/210 1876/1010/210
f 1880/1014/212 1877/1015/211 1878/1012/211
f 1882/1016/213 1879/1017/212 1880/1014/212
f 1884/1018/214 1881/1019/213 1882/1016/213
f 1886/1020/215 1883/1021/214 1884/1018/214
f 1888/1022/216 1885/1023/215 1886/1020/215
f 1890/1024/217 1887/1025/216 1888/1022/216
f 1892/1026/218 1889/1027/217 1890/1024/217
f 1894/1028/219 1891/1029/218 1892/1026/218
f 1896/1030/220 1893/1031/219 1894/1028/219
f 1898/1032/221 1895/1033/220 1896/1030/220
f 1900/1034/222 1897/1035/221 1898/1032/221
f 1902/1036/223 1899/1037/222 1900/1034/222
f 1904/1038/224 1901/1039/223 1902/1036/223
f 1906/1040/225 1903/1041/224 1904/1038/224
f 1908/1042/226 1905/1043/225 1906/1040/225
f 1910/1044/227 1907/1045/226 1908/1042/226
f 1912/1046/228 1909/1047/227 1910/1044/227
f 1914/1048/229 1911/1049/228 1912/1046/228
f 1916/1050/230 1913/1051/229 1914/1048/229
f 1918/1052/231 1915/1053/230 1916/1050/230
f 1920/1054/232 1917/1055/231 1918/1052/231
f 1922/1056/233 1919/1057/232 1920/1054/232
f 1924/1058/234 1921/1059/233 1922/1056/233
f 1926/1060/235 1923/1061/234 1924/1058/234
f 1928/1062/236 1925/1063/235 1926/1060/235
f 1930/1064/237 1927/1065/236 1928/1062/236
f 1932/1066/238 1929/1067/237 1930/1064/237
f 1934/1068/239 1931/1069/238 1932/1066/238
f 1936/1070/240 1933/1071/239 1934/1068/239
f 1938/1072/241 1935/1073/240 1936/1070/240
f 1940/1074/242 1937/1075/241 1938/1072/241
f 1942/1076/243 1939/1077/242 1940/1074/242
f 1944/1078/244 1941/1079/243 1942/1076/243
f 1946/1080/245 1943/1081/244 1944/1078/244
f 1948/1082/246 1945/1083/245 1946/1080/245
f 1950/1084/247 1947/1085/246 1948/1082/246
f 1952/1086/248 1949/1087/247 1950/1084/247
f 1954/1088/249 1951/1089/248 1952/1086/248
f 1956/1090/250 1953/1091/249 1954/1088/249
f 1684/819/113 1955/1092/250 1956/1090/250
f 1960/1093/251 1957/15/252 1958/623/252
f 1962/1094/253 1959/1095/251 1960/1093/251
f 1964/1096/254 1961/1097/253 1962/1094/253
f 1966/1098/255 1963/1099/254 1964/1096/254
f 1968/1100/256 1965/1101/255 1966/1098/255
f 1970/1102/257 1967/1103/256 1968/1100/256
f 1972/1104/258 1969/1105/257 1970/1102/257
f 1974/1106/259 1971/1107/258 1972/1104/258
f 1976/1108/260 1973/1109/259 1974/1106/259
f 1978/1110/261 1975/1111/260 1976/1108/260
f 1980/1112/262 1977/1113/261 1978/1110/261
f 1982/1114/263 1979/1115/262 1980/1112/262
f 1984/1116/264 1981/1117/263 1982/1114/263
f 1986/1118/265 1983/1119/264 1984/1116/264
f 1988/1120/266 1985/1121/265 1986/1118/265
f 1990/1122/267 1987/1123/266 1988/1120/266
f 1992/1124/268 1989/1125/267 1990/1122/267
f 1994/1126/269 1991/1127/268 1992/1124/268
f 1996/1128/270 1993/1129/269 1994/1126/269
f 1998/1130/271 1995/1131/270 1996/1128/270
f 2000/1132/272 1997/1133/271 1998/1130/271
f 2002/1134/273 1999/1135/272 2000/1132/272
f 2004/1136/274 2001/1137/273 2002/1134/273
f 2004/1136/274 2005/1138/275 2003/1139/274
f 2008/1140/276 2005/1138/275 2006/1141/275
f 2010/1142/277 2007/1143/276 2008/1140/276
f 2012/1144/278 2009/1145/277 2010/1142/277
f 2014/1146/279 2011/1147/278 2012/1144/278
f 2016/1148/280 2013/1149/279 2014/1146/279
f 2018/1150/281 2015/1151/280 2016/1148/280
f 2020/1152/282 2017/1153/281 2018/1150/281
f 2022/1154/283 2019/1155/282 2020/1152/282
f 2024/1156/284 2021/1157/283 2022/1154/283
f 2026/1158/285 2023/1159/284 2024/1156/284
f 2028/1160/286 2025/1161/285 2026/1158/285
f 2028/1160/286 2029/1162/287 2027/1163/286
f 1958/819/252 2029/1162/287 2030/1164/287
f 2032/623/288 2033/1165/289 2031/15/288
f 2036/1166/290 2033/1165/289 2034/1167/289
f 2038/1168/291 2035/1169/290 2036/1166/290
f 2040/1170/292 2037/1171/291 2038/1168/291
f 2042/1172/293 2039/1173/292 2040/1170/292
f 2044/1174/294 2041/1175/293 2042/1172/293
f 2046/1176/295 2043/1177/294 2044/1174/294
f 2048/1178/296 2045/1179/295 2046/1176/295
f 2050/1180/297 2047/1181/296 2048/1178/296
f 2052/1182/298 2049/1183/297 2050/1180/297
f 2054/1184/299 2051/1185/298 2052/1182/298
f 2056/1186/300 2053/1187/299 2054/1184/299
f 2058/1188/301 2055/1189/300 2056/1186/300
f 2060/1190/302 2057/1191/301 2058/1188/301
f 2062/1192/303 2059/1193/302 2060/1190/302
f 2064/1194/304 2061/1195/303 2062/1192/303
f 2066/1196/305 2063/1197/304 2064/1194/304
f 2068/1198/306 2065/1199/305 2066/1196/305
f 2070/1200/307 2067/1201/306 2068/1198/306
f 2072/1202/308 2069/1203/307 2070/1200/307
f 2074/1204/309 2071/1205/308 2072/1202/308
f 2076/1206/310 2073/1207/309 2074/1204/309
f 2078/1208/311 2075/1209/310 2076/1206/310
f 2080/1210/312 2077/1211/311 2078/1208/311
f 2082/1212/313 2079/1213/312 2080/1210/312
f 2082/1212/313 2083/1214/314 2081/1215/313
f 2086/1216/315 2083/1214/314 2084/1217/314
f 2088/1218/316 2085/1219/315 2086/1216/315
f 2090/1220/317 2087/1221/316 2088/1218/316
f 2092/1222/318 2089/1223/317 2090/1220/317
f 2094/1224/319 2091/1225/318 2092/1222/318
f 2096/1226/320 2093/1227/319 2094/1224/319
f 2098/1228/321 2095/1229/320 2096/1226/320
f 2100/1230/322 2097/1231/321 2098/1228/321
f 2102/1232/323 2099/1233/322 2100/1230/322
f 2104/1234/212 2101/1235/323 2102/1232/323
f 2106/1236/324 2103/1237/212 2104/1234/212
f 2108/1238/325 2105/1239/324 2106/1236/324
f 2110/1240/326 2107/1241/325 2108/1238/325
f 2112/1242/327 2109/1243/326 2110/1240/326
f 2114/1244/328 2111/1245/327 2112/1242/327
f 2116/1246/329 2113/1247/328 2114/1244/328
f 2118/1248/330 2115/1249/329 2116/1246/329
f 2120/1250/331 2117/1251/330 2118/1248/330
f 2122/1252/332 2119/1253/331 2120/1250/331
f 2124/1254/333 2121/1255/332 2122/1252/332
f 2126/1256/334 2123/1257/333 2124/1254/333
f 2128/1258/335 2125/1259/334 2126/1256/334
f 2130/1260/336 2127/1261/335 2128/1258/335
f 2132/1262/108 2129/1263/336 2130/1260/336
f 2134/1264/337 2131/1265/108 2132/1262/108
f 2136/1266/338 2133/1267/337 2134/1264/337
f 2138/1268/339 2135/1269/338 2136/1266/338
f 2138/1268/339 2139/1270/340 2137/1271/339
f 2142/1272/341 2139/1270/340 2140/1273/340
f 2144/1274/342 2141/1275/341 2142/1272/341
f 2146/1276/343 2143/1277/342 2144/1274/342
f 2148/1278/344 2145/1279/343 2146/1276/343
f 2150/1280/345 2147/1281/344 2148/1278/344
f 2152/1282/346 2149/1283/345 2150/1280/345
f 2154/1284/347 2151/1285/346 2152/1282/346
f 2156/1286/348 2153/1287/349 2154/1284/347
f 2158/1288/350 2155/1289/348 2156/1286/348
f 2160/1290/351 2157/1291/350 2158/1288/350
f 2162/1292/352 2159/1293/351 2160/1290/351
f 2164/1294/353 2161/1295/352 2162/1292/352
f 2166/1296/354 2163/1297/353 2164/1294/353
f 2168/1298/355 2165/1299/354 2166/1296/354
f 2170/1300/356 2167/1301/355 2168/1298/355
f 2172/1302/357 2169/1303/356 2170/1300/356
f 2174/1304/358 2171/1305/357 2172/1302/357
f 2176/1306/359 2173/1307/358 2174/1304/358
f 2178/1308/360 2175/1309/359 2176/1306/359
f 2180/1310/361 2177/1311/360 2178/1308/360
f 2182/1312/362 2179/1313/361 2180/1310/361
f 2184/1314/336 2181/1315/362 2182/1312/362
f 2186/1316/108 2183/1317/336 2184/1314/336
f 2188/1318/363 2185/1319/108 2186/1316/108
f 2190/1320/175 2187/1321/363 2188/1318/363
f 2190/1320/175 2191/1322/364 2189/1323/175
f 2194/1324/365 2191/1322/364 2192/1325/364
f 2196/1326/366 2193/1327/365 2194/1324/365
f 2198/1328/367 2195/1329/366 2196/1326/366
f 2200/1330/368 2197/1331/367 2198/1328/367
f 2202/1332/369 2199/1333/368 2200/1330/368
f 2204/1334/370 2201/1335/371 2202/1332/369
f 2206/1336/372 2203/1337/373 2204/1334/370
f 2208/1338/374 2205/1339/372 2206/1336/372
f 2210/1340/375 2207/1341/374 2208/1338/374
f 2212/1342/376 2209/1343/375 2210/1340/375
f 2214/1344/377 2211/1345/376 2212/1342/376
f 2216/1346/378 2213/1347/377 2214/1344/377
f 2218/1348/379 2215/1349/380 2216/1346/378
f 2220/1350/381 2217/1351/379 2218/1348/379
f 2222/1352/382 2219/1353/381 2220/1350/381
f 2224/1354/383 2221/1355/382 2222/1352/382
f 2226/1356/384 2223/1357/383 2224/1354/383
f 2228/1358/385 2225/1359/384 2226/1356/384
f 2230/1360/386 2227/1361/385 2228/1358/385
f 2232/1362/387 2229/1363/386 2230/1360/386
f 2234/1364/388 2231/1365/387 2232/1362/387
f 2236/1366/389 2233/1367/388 2234/1364/388
f 2238/1368/336 2235/1369/389 2236/1366/389
f 2240/1370/108 2237/1371/336 2238/1368/336
f 2240/1370/108 2241/1372/109 2239/1373/108
f 2244/1374/110 2241/1372/109 2242/1375/109
f 2032/819/288 2243/1376/110 2244/1374/110
f 2248/1377/390 2245/15/391 2246/623/391
f 2250/1093/392 2247/1378/390 2248/1377/390
f 2252/1379/393 2249/1095/392 2250/1093/392
f 2254/1094/394 2251/1380/393 2252/1379/393
f 2256/1381/395 2253/1097/394 2254/1094/394
f 2258/1096/396 2255/1382/395 2256/1381/395
f 2260/1383/397 2257/1099/396 2258/1096/396
f 2262/1098/398 2259/1384/397 2260/1383/397
f 2264/1385/399 2261/1101/398 2262/1098/398
f 2266/1100/400 2263/1386/399 2264/1385/399
f 2268/1387/401 2265/1103/400 2266/1100/400
f 2270/1102/402 2267/1388/401 2268/1387/401
f 2272/1389/403 2269/1105/402 2270/1102/402
f 2274/1104/404 2271/1390/403 2272/1389/403
f 2276/1391/405 2273/1107/404 2274/1104/404
f 2278/1106/406 2275/1392/405 2276/1391/405
f 2278/1106/406 2279/1393/407 2277/1109/406
f 2282/1108/408 2279/1393/407 2280/1394/407
f 2284/1395/409 2281/1111/408 2282/1108/408
f 2284/1395/409 2285/1113/410 2283/1396/409
f 2288/1397/411 2285/1113/410 2286/1110/410
f 2290/1112/412 2287/1398/411 2288/1397/411
f 2290/1112/412 2291/1399/413 2289/1115/412
f 2294/1114/414 2291/1399/413 2292/1400/413
f 2296/1401/415 2293/1117/414 2294/1114/414
f 2296/1401/415 2297/1119/416 2295/1402/415
f 2300/1403/417 2297/1119/416 2298/1116/416
f 2302/1118/418 2299/1404/417 2300/1403/417
f 2302/1118/418 2303/1405/419 2301/1121/418
f 2306/1120/420 2303/1405/419 2304/1406/419
f 2308/1407/293 2305/1123/420 2306/1120/420
f 2310/1122/421 2307/1408/293 2308/1407/293
f 2312/1409/422 2309/1125/421 2310/1122/421
f 2314/1124/423 2311/1410/422 2312/1409/422
f 2316/1411/424 2313/1127/423 2314/1124/423
f 2318/1126/425 2315/1412/424 2316/1411/424
f 2320/720/426 2317/1129/425 2318/1126/425
f 2322/1128/427 2319/35/426 2320/720/426
f 2324/1413/428 2321/1131/427 2322/1128/427
f 2326/1130/429 2323/1414/428 2324/1413/428
f 2328/1415/430 2325/1133/429 2326/1130/429
f 2330/1132/431 2327/1416/430 2328/1415/430
f 2332/1417/432 2329/1135/431 2330/1132/431
f 2334/1134/433 2331/1418/432 2332/1417/432
f 2336/1419/434 2333/1137/433 2334/1134/433
f 2338/1136/435 2335/1420/434 2336/1419/434
f 2340/1421/436 2337/1139/435 2338/1136/435
f 2342/1141/437 2339/1422/438 2340/1421/436
f 2344/1423/439 2341/1138/440 2342/1141/437
f 2346/1140/441 2343/1424/439 2344/1423/439
f 2348/1425/442 2345/1143/441 2346/1140/441
f 2350/1142/443 2347/1426/442 2348/1425/442
f 2352/1427/444 2349/1145/443 2350/1142/443
f 2354/1144/445 2351/1428/444 2352/1427/444
f 2356/1429/446 2353/1147/445 2354/1144/445
f 2358/1146/447 2355/1430/446 2356/1429/446
f 2360/1431/448 2357/1149/447 2358/1146/447
f 2362/1148/449 2359/1432/448 2360/1431/448
f 2364/1433/450 2361/1151/449 2362/1148/449
f 2366/1150/451 2363/1434/450 2364/1433/450
f 2368/1435/452 2365/1153/451 2366/1150/451
f 2370/1152/453 2367/1436/452 2368/1435/452
f 2372/1437/454 2369/1155/453 2370/1152/453
f 2374/1154/455 2371/1438/454 2372/1437/454
f 2376/1439/456 2373/1157/455 2374/1154/455
f 2378/1156/457 2375/1440/456 2376/1439/456
f 2380/1441/458 2377/1159/457 2378/1156/457
f 2382/1158/459 2379/1442/458 2380/1441/458
f 2384/1443/460 2381/1161/459 2382/1158/459
f 2386/1160/461 2383/1444/460 2384/1443/460
f 2388/1445/462 2385/1163/461 2386/1160/461
f 2390/1164/463 2387/1446/462 2388/1445/462
f 2392/1447/464 2389/1162/465 2390/1164/463
f 2246/819/391 2391/1448/464 2392/1447/464
f 2396/1449/466 2393/15/467 2394/623/467
f 2396/1449/466 2397/1450/468 2395/1451/469
f 2400/1452/470 2397/1450/468 2398/1453/468
f 2402/1454/471 2399/1455/470 2400/1452/470
f 2404/1456/472 2401/1457/471 2402/1454/471
f 2406/1458/473 2403/237/472 2404/1456/472
f 2408/1459/474 2405/1460/473 2406/1458/473
f 2410/1461/475 2407/1462/476 2408/1459/474
f 2412/1463/477 2409/1464/475 2410/1461/475
f 2414/1465/478 2411/1466/477 2412/1463/477
f 2416/1467/479 2413/184/478 2414/1465/478
f 2418/1468/480 2415/1469/479 2416/1467/479
f 2420/1470/481 2417/1471/480 2418/1468/480
f 2422/1472/482 2419/1473/481 2420/1470/481
f 2424/1474/483 2421/1475/482 2422/1472/482
f 2426/1476/484 2423/206/483 2424/1474/483
f 2428/1477/485 2425/1478/484 2426/1476/484
f 2430/1479/486 2427/1480/485 2428/1477/485
f 2432/1481/487 2429/1482/486 2430/1479/486
f 2434/1483/488 2431/1484/487 2432/1481/487
f 2436/1485/489 2433/175/488 2434/1483/488
f 2438/1486/490 2435/1487/489 2436/1485/489
f 2440/1488/491 2437/1489/490 2438/1486/490
f 2442/1490/492 2439/1491/491 2440/1488/491
f 2394/819/467 2441/1492/493 2442/1490/492
f 2446/1493/494 2443/15/495 2444/623/495
f 2448/1494/496 2445/1495/494 2446/1493/494
f 2450/1496/497 2447/1497/496 2448/1494/496
f 2452/1498/498 2449/1499/497 2450/1496/497
f 2454/1500/499 2451/1501/498 2452/1498/498
f 2456/1502/500 2453/1503/499 2454/1500/499
f 2458/1504/501 2455/1505/500 2456/1502/500
f 2460/654/502 2457/1506/501 2458/1504/501
f 2462/1507/264 2459/10/502 2460/654/502
f 2464/1508/503 2461/1509/264 2462/1507/264
f 2466/1510/504 2463/1511/503 2464/1508/503
f 2468/1512/505 2465/1513/504 2466/1510/504
f 2470/1514/506 2467/1515/505 2468/1512/505
f 2472/1516/507 2469/1517/506 2470/1514/506
f 2474/1518/508 2471/1519/507 2472/1516/507
f 2476/687/509 2473/1520/508 2474/1518/508
f 2478/1521/510 2475/9/509 2476/687/509
f 2480/1522/511 2477/1523/510 2478/1521/510
f 2482/1524/512 2479/1525/511 2480/1522/511
f 2484/1526/513 2481/1527/512 2482/1524/512
f 2486/1528/514 2483/1529/513 2484/1526/513
f 2488/1530/515 2485/1531/514 2486/1528/514
f 2490/1532/516 2487/1533/515 2488/1530/515
f 2492/720/517 2489/1534/516 2490/1532/516
f 2494/1535/518 2491/35/517 2492/720/517
f 2496/1536/519 2493/1537/518 2494/1535/518
f 2496/1536/519 2497/1538/520 2495/1539/519
f 2500/1540/521 2497/1538/520 2498/1541/520
f 2502/1542/522 2499/1543/521 2500/1540/521
f 2502/1542/522 2503/1544/523 2501/1545/522
f 2506/1546/524 2503/1544/523 2504/1547/523
f 2506/1546/524 2507/39/525 2505/1548/524
f 2510/1549/526 2507/39/525 2508/753/525
f 2510/1549/526 2511/1550/527 2509/1551/526
f 2514/1552/528 2511/1550/527 2512/1553/527
f 2514/1552/528 2515/1554/529 2513/1555/528
f 2518/1556/530 2515/1554/529 2516/1557/529
f 2518/1556/530 2519/1558/531 2517/1559/530
f 2522/1560/532 2519/1558/531 2520/1561/531
f 2522/1560/532 2523/50/533 2521/1562/532
f 2526/1563/534 2523/50/533 2524/786/533
f 2528/1564/535 2525/1565/534 2526/1563/534
f 2528/1564/535 2529/1566/536 2527/1567/535
f 2532/1568/537 2529/1566/536 2530/1569/536
f 2534/1570/538 2531/1571/537 2532/1568/537
f 2536/1572/539 2533/1573/538 2534/1570/538
f 2538/1574/540 2535/1575/539 2536/1572/539
f 2444/819/495 2537/1576/540 2538/1574/540
f 2542/1493/541 2539/15/542 2540/623/542
f 2544/1494/39 2541/1495/541 2542/1493/541
f 2546/1496/543 2543/1497/544 2544/1494/39
f 2546/1496/543 2547/1501/545 2545/1499/543
f 2550/1500/546 2547/1501/545 2548/1498/545
f 2552/1502/547 2549/1503/546 2550/1500/546
f 2552/1502/547 2553/1506/548 2551/1505/547
f 2556/654/549 2553/1506/548 2554/1504/548
f 2558/1507/550 2555/10/549 2556/654/549
f 2558/1507/550 2559/1511/551 2557/1509/550
f 2562/1510/552 2559/1511/551 2560/1508/551
f 2562/1510/552 2563/1515/553 2561/1513/552
f 2566/1514/554 2563/1515/553 2564/1512/553
f 2568/1516/555 2565/1517/554 2566/1514/554
f 2568/1516/555 2569/1520/556 2567/1519/555
f 2572/687/557 2569/1520/556 2570/1518/556
f 2574/1521/558 2571/9/557 2572/687/557
f 2574/1521/558 2575/1525/559 2573/1523/558
f 2578/1524/560 2575/1525/559 2576/1522/559
f 2580/1526/561 2577/1527/560 2578/1524/560
f 2582/1528/562 2579/1529/561 2580/1526/561
f 2584/1530/563 2581/1531/562 2582/1528/562
f 2586/1532/564 2583/1533/563 2584/1530/563
f 2588/720/565 2585/1534/564 2586/1532/564
f 2590/1535/566 2587/35/565 2588/720/565
f 2592/1536/567 2589/1537/566 2590/1535/566
f 2594/1541/568 2591/1539/567 2592/1536/567
f 2596/1540/569 2593/1538/568 2594/1541/568
f 2598/1542/570 2595/1543/569 2596/1540/569
f 2600/1547/571 2597/1545/570 2598/1542/570
f 2602/1546/572 2599/1544/571 2600/1547/571
f 2604/753/573 2601/1548/572 2602/1546/572
f 2606/1549/574 2603/39/573 2604/753/573
f 2608/1553/575 2605/1551/574 2606/1549/574
f 2610/1552/576 2607/1550/575 2608/1553/575
f 2612/1557/577 2609/1555/576 2610/1552/576
f 2614/1556/578 2611/1554/577 2612/1557/577
f 2616/1561/579 2613/1559/578 2614/1556/578
f 2618/1560/580 2615/1558/579 2616/1561/579
f 2620/786/581 2617/1562/580 2618/1560/580
f 2622/1563/582 2619/50/581 2620/786/581
f 2624/1564/583 2621/1565/582 2622/1563/582
f 2626/1569/584 2623/1567/583 2624/1564/583
f 2628/1568/585 2625/1566/584 2626/1569/584
f 2630/1570/586 2627/1571/585 2628/1568/585
f 2632/1572/587 2629/1573/586 2630/1570/586
f 2634/1574/588 2631/1575/587 2632/1572/587
f 2540/819/542 2633/1576/588 2634/1574/588
f 2638/1577/589 2635/15/590 2636/623/590
f 2640/1578/591 2637/140/592 2638/1577/589
f 2642/1579/593 2639/70/591 2640/1578/591
f 2644/1580/594 2641/69/593 2642/1579/593
f 2646/1581/595 2643/124/594 2644/1580/594
f 2646/1581/595 2647/73/596 2645/118/595
f 2636/819/590 2647/73/596 2648/1582/597
f 2652/1377/390 2649/15/391 2650/623/391
f 2654/1093/392 2651/1378/390 2652/1377/390
f 2656/1379/393 2653/1095/392 2654/1093/392
f 2658/1094/394 2655/1380/393 2656/1379/393
f 2660/1381/395 2657/1097/394 2658/1094/394
f 2662/1096/396 2659/1382/395 2660/1381/395
f 2664/1383/397 2661/1099/396 2662/1096/396
f 2666/1098/398 2663/1384/397 2664/1383/397
f 2668/1385/399 2665/1101/398 2666/1098/398
f 2670/1100/400 2667/1386/399 2668/1385/399
f 2672/1387/401 2669/1103/400 2670/1100/400
f 2674/1102/402 2671/1388/401 2672/1387/401
f 2676/1389/403 2673/1105/402 2674/1102/402
f 2678/1104/404 2675/1390/403 2676/1389/403
f 2680/1391/405 2677/1107/404 2678/1104/404
f 2680/1391/405 2681/1109/406 2679/1392/405
f 2684/1394/407 2681/1109/406 2682/1106/406
f 2686/1108/408 2683/1393/407 2684/1394/407
f 2688/1395/409 2685/1111/408 2686/1108/408
f 2688/1395/409 2689/1113/410 2687/1396/409
f 2692/1397/411 2689/1113/410 2690/1110/410
f 2694/1112/412 2691/1398/411 2692/1397/411
f 2694/1112/412 2695/1399/413 2693/1115/412
f 2698/1114/414 2695/1399/413 2696/1400/413
f 2698/1114/414 2699/1402/415 2697/1117/414
f 2702/1116/416 2699/1402/415 2700/1401/415
f 2704/1403/417 2701/1119/416 2702/1116/416
f 2704/1403/417 2705/1121/418 2703/1404/417
f 2708/1406/419 2705/1121/418 2706/1118/418
f 2710/1120/420 2707/1405/419 2708/1406/419
f 2712/1407/293 2709/1123/420 2710/1120/420
f 2714/1122/421 2711/1408/293 2712/1407/293
f 2716/1409/422 2713/1125/421 2714/1122/421
f 2718/1124/423 2715/1410/422 2716/1409/422
f 2718/1124/423 2719/1412/424 2717/1127/423
f 2722/1126/425 2719/1412/424 2720/1411/424
f 2724/720/426 2721/1129/425 2722/1126/425
f 2726/1128/427 2723/35/426 2724/720/426
f 2728/1413/428 2725/1131/427 2726/1128/427
f 2730/1130/429 2727/1414/428 2728/1413/428
f 2732/1415/430 2729/1133/429 2730/1130/429
f 2734/1132/431 2731/1416/430 2732/1415/430
f 2736/1417/432 2733/1135/431 2734/1132/431
f 2738/1134/433 2735/1418/432 2736/1417/432
f 2740/1419/434 2737/1137/433 2738/1134/433
f 2742/1136/435 2739/1420/434 2740/1419/434
f 2744/1421/436 2741/1139/435 2742/1136/435
f 2746/1141/437 2743/1422/438 2744/1421/436
f 2748/1423/439 2745/1138/440 2746/1141/437
f 2750/1140/441 2747/1424/439 2748/1423/439
f 2752/1425/442 2749/1143/441 2750/1140/441
f 2754/1142/443 2751/1426/442 2752/1425/442
f 2756/1427/444 2753/1145/443 2754/1142/443
f 2758/1144/445 2755/1428/444 2756/1427/444
f 2760/1429/446 2757/1147/445 2758/1144/445
f 2762/1146/447 2759/1430/446 2760/1429/446
f 2764/1431/448 2761/1149/447 2762/1146/447
f 2766/1148/449 2763/1432/448 2764/1431/448
f 2768/1433/450 2765/1151/449 2766/1148/449
f 2770/1150/451 2767/1434/450 2768/1433/450
f 2772/1435/452 2769/1153/451 2770/1150/451
f 2774/1152/453 2771/1436/452 2772/1435/452
f 2776/1437/454 2773/1155/453 2774/1152/453
f 2778/1154/455 2775/1438/454 2776/1437/454
f 2780/1439/456 2777/1157/455 2778/1154/455
f 2782/1156/457 2779/1440/456 2780/1439/456
f 2784/1441/458 2781/1159/457 2782/1156/457
f 2786/1158/459 2783/1442/458 2784/1441/458
f 2788/1443/460 2785/1161/459 2786/1158/459
f 2790/1160/461 2787/1444/460 2788/1443/460
f 2790/1160/461 2791/1446/462 2789/1163/461
f 2794/1164/463 2791/1446/462 2792/1445/462
f 2796/1447/464 2793/1162/465 2794/1164/463
f 2650/819/391 2795/1448/464 2796/1447/464
f 2798/623/467 2799/1451/469 2797/15/467
f 2802/1453/468 2799/1451/469 2800/1449/466
f 2804/1452/470 2801/1450/468 2802/1453/468
f 2806/1454/471 2803/1455/470 2804/1452/470
f 2808/1456/472 2805/1457/471 2806/1454/471
f 2810/1458/473 2807/237/472 2808/1456/472
f 2812/1459/474 2809/1460/473 2810/1458/473
f 2812/1459/474 2813/1464/475 2811/1462/474
f 2816/1463/477 2813/1464/475 2814/1461/475
f 2818/1465/478 2815/1466/477 2816/1463/477
f 2820/1467/479 2817/184/478 2818/1465/478
f 2822/1468/480 2819/1469/479 2820/1467/479
f 2824/1470/481 2821/1471/480 2822/1468/480
f 2826/1472/482 2823/1473/481 2824/1470/481
f 2828/1474/483 2825/1475/482 2826/1472/482
f 2830/1476/484 2827/206/483 2828/1474/483
f 2832/1477/485 2829/1478/484 2830/1476/484
f 2834/1479/486 2831/1480/485 2832/1477/485
f 2836/1481/487 2833/1482/486 2834/1479/486
f 2838/1483/488 2835/1484/487 2836/1481/487
f 2840/1485/489 2837/175/488 2838/1483/488
f 2842/1486/490 2839/1487/489 2840/1485/489
f 2844/1488/491 2841/1489/490 2842/1486/490
f 2846/1490/492 2843/1491/491 2844/1488/491
f 2798/819/467 2845/1492/493 2846/1490/492
f 2850/1583/598 2847/15/110 2848/623/110
f 2852/1584/599 2849/1585/598 2850/1583/598
f 2852/1584/599 2853/1586/600 2851/1587/599
f 2856/1588/601 2853/1586/600 2854/1589/600
f 2858/1590/602 2855/1591/601 2856/1588/601
f 2860/1592/603 2857/1593/602 2858/1590/602
f 2862/1594/604 2859/1595/603 2860/1592/603
f 2864/1596/605 2861/1597/604 2862/1594/604
f 2866/1598/606 2863/1599/605 2864/1596/605
f 2868/1600/607 2865/1601/606 2866/1598/606
f 2870/1456/608 2867/1602/607 2868/1600/607
f 2872/1603/609 2869/237/608 2870/1456/608
f 2872/1603/609 2873/1604/610 2871/1605/609
f 2876/1606/611 2873/1604/610 2874/1607/610
f 2878/1608/612 2875/1609/611 2876/1606/611
f 2880/1610/613 2877/1611/612 2878/1608/612
f 2882/1612/614 2879/1613/615 2880/1610/613
f 2884/1614/616 2881/1615/614 2882/1612/614
f 2886/1616/617 2883/1617/616 2884/1614/616
f 2888/1618/618 2885/1619/617 2886/1616/617
f 2890/1620/619 2887/1621/618 2888/1618/618
f 2892/1465/620 2889/1622/619 2890/1620/619
f 2894/1623/621 2891/184/620 2892/1465/620
f 2896/1624/622 2893/1625/621 2894/1623/621
f 2898/1626/623 2895/1627/622 2896/1624/622
f 2900/1628/624 2897/1629/623 2898/1626/623
f 2902/1630/625 2899/1631/626 2900/1628/624
f 2904/1632/627 2901/1633/625 2902/1630/625
f 2906/1634/628 2903/1635/627 2904/1632/627
f 2908/1636/629 2905/1637/628 2906/1634/628
f 2910/1638/630 2907/1639/629 2908/1636/629
f 2912/1640/631 2909/1641/632 2910/1638/630
f 2914/1474/633 2911/1642/631 2912/1640/631
f 2916/1643/634 2913/206/633 2914/1474/633
f 2918/1644/635 2915/1645/634 2916/1643/634
f 2920/1646/636 2917/1647/635 2918/1644/635
f 2920/1646/636 2921/1648/637 2919/1649/636
f 2924/1650/638 2921/1648/637 2922/1651/637
f 2926/1652/639 2923/1653/638 2924/1650/638
f 2928/1654/640 2925/1655/639 2926/1652/639
f 2930/1656/641 2927/1657/640 2928/1654/640
f 2932/1658/642 2929/1659/641 2930/1656/641
f 2934/1660/643 2931/1661/642 2932/1658/642
f 2936/1483/644 2933/1662/643 2934/1660/643
f 2938/1663/645 2935/175/644 2936/1483/644
f 2940/1664/646 2937/1665/645 2938/1663/645
f 2942/1666/647 2939/1667/646 2940/1664/646
f 2944/1668/648 2941/1669/647 2942/1666/647
f 2946/1670/649 2943/1671/648 2944/1668/648
f 2948/1672/650 2945/1673/649 2946/1670/649
f 2950/1674/336 2947/1675/650 2948/1672/650
f 2952/1676/108 2949/1677/336 2950/1674/336
f 2952/1676/108 2953/1678/109 2951/1679/108
f 2956/1680/110 2953/1678/109 2954/1681/109
f 2848/819/110 2955/1682/110 2956/1680/110
f 1482/622/7 1481/625/7 1479/15/8
f 1484/624/9 1483/627/9 1481/625/7
f 1486/626/10 1485/629/10 1483/627/9
f 1488/628/11 1487/631/11 1485/629/10
f 1490/630/12 1489/633/12 1487/631/11
f 1492/632/13 1491/635/13 1489/633/12
f 1494/634/14 1493/637/14 1491/635/13
f 1496/636/15 1495/639/15 1493/637/14
f 1498/638/16 1497/641/16 1495/639/15
f 1500/640/17 1499/643/17 1497/641/16
f 1502/642/18 1501/645/18 1499/643/17
f 1504/644/19 1503/647/19 1501/645/18
f 1506/646/20 1505/649/20 1503/647/19
f 1508/648/21 1507/651/21 1505/649/20
f 1510/650/22 1509/653/22 1507/651/21
f 1510/650/22 1512/655/23 1511/652/23
f 1514/654/24 1513/10/24 1511/652/23
f 1516/656/25 1515/658/25 1513/10/24
f 1516/656/25 1518/660/26 1517/657/26
f 1520/659/27 1519/662/27 1517/657/26
f 1520/659/27 1522/664/28 1521/661/28
f 1524/663/29 1523/666/29 1521/661/28
f 1524/663/29 1526/668/30 1525/665/30
f 1528/667/31 1527/670/31 1525/665/30
f 1528/667/31 1530/672/32 1529/669/32
f 1532/671/33 1531/674/33 1529/669/32
f 1532/671/33 1534/676/34 1533/673/34
f 1536/675/35 1535/678/35 1533/673/34
f 1536/675/35 1538/680/36 1537/677/36
f 1540/679/37 1539/682/37 1537/677/36
f 1542/681/38 1541/684/38 1539/682/37
f 1542/681/38 1544/686/39 1543/683/39
f 1546/685/40 1545/688/40 1543/683/39
f 1548/687/41 1547/9/41 1545/688/40
f 1550/689/42 1549/691/42 1547/9/41
f 1552/690/43 1551/693/43 1549/691/42
f 1554/692/44 1553/695/44 1551/693/43
f 1556/694/45 1555/697/45 1553/695/44
f 1558/696/46 1557/699/46 1555/697/45
f 1560/698/47 1559/701/47 1557/699/46
f 1562/700/48 1561/703/48 1559/701/47
f 1564/702/49 1563/705/49 1561/703/48
f 1566/704/50 1565/707/50 1563/705/49
f 1568/706/51 1567/709/51 1565/707/50
f 1570/708/52 1569/711/52 1567/709/51
f 1572/710/53 1571/713/53 1569/711/52
f 1574/712/54 1573/715/54 1571/713/53
f 1576/714/55 1575/717/55 1573/715/54
f 1578/716/56 1577/719/56 1575/717/55
f 1580/718/57 1579/721/57 1577/719/56
f 1582/720/58 1581/35/60 1579/721/57
f 1582/720/58 1584/724/59 1583/722/59
f 1586/723/61 1585/726/61 1583/722/59
f 1588/725/62 1587/728/62 1585/726/61
f 1590/727/63 1589/730/63 1587/728/62
f 1592/729/64 1591/732/64 1589/730/63
f 1594/731/65 1593/734/65 1591/732/64
f 1596/733/66 1595/736/66 1593/734/65
f 1598/735/67 1597/738/67 1595/736/66
f 1600/737/68 1599/740/68 1597/738/67
f 1602/739/69 1601/742/69 1599/740/68
f 1604/741/70 1603/744/70 1601/742/69
f 1606/743/71 1605/746/71 1603/744/70
f 1608/745/72 1607/748/74 1605/746/71
f 1610/747/73 1609/750/73 1607/748/74
f 1612/749/75 1611/752/75 1609/750/73
f 1614/751/76 1613/754/76 1611/752/75
f 1616/753/77 1615/39/77 1613/754/76
f 1618/755/78 1617/757/78 1615/39/77
f 1620/756/79 1619/759/81 1617/757/78
f 1622/758/80 1621/761/80 1619/759/81
f 1624/760/82 1623/763/82 1621/761/80
f 1626/762/83 1625/765/83 1623/763/82
f 1628/764/84 1627/767/84 1625/765/83
f 1630/766/85 1629/769/85 1627/767/84
f 1632/768/86 1631/771/86 1629/769/85
f 1634/770/87 1633/773/87 1631/771/86
f 1636/772/88 1635/775/88 1633/773/87
f 1638/774/89 1637/777/89 1635/775/88
f 1640/776/90 1639/779/90 1637/777/89
f 1642/778/91 1641/781/91 1639/779/90
f 1644/780/92 1643/783/92 1641/781/91
f 1646/782/93 1645/785/93 1643/783/92
f 1648/784/94 1647/787/94 1645/785/93
f 1650/786/95 1649/50/95 1647/787/94
f 1652/788/96 1651/790/96 1649/50/95
f 1654/789/97 1653/792/97 1651/790/96
f 1656/791/98 1655/794/98 1653/792/97
f 1658/793/99 1657/796/99 1655/794/98
f 1660/795/100 1659/798/102 1657/796/99
f 1662/797/101 1661/800/101 1659/798/102
f 1664/799/103 1663/802/103 1661/800/101
f 1666/801/104 1665/804/104 1663/802/103
f 1668/803/105 1667/806/105 1665/804/104
f 1670/805/106 1669/808/106 1667/806/105
f 1672/807/107 1671/810/107 1669/808/106
f 1672/807/107 1674/812/108 1673/809/108
f 1676/811/108 1675/814/108 1673/809/108
f 1676/811/108 1678/816/109 1677/813/109
f 1680/815/110 1679/818/110 1677/813/109
f 1682/817/111 1681/820/111 1679/818/110
f 1480/819/8 1479/13/8 1681/820/111
f 1686/821/112 1685/823/112 1683/15/113
f 1688/822/114 1687/825/114 1685/823/112
f 1690/824/115 1689/827/115 1687/825/114
f 1692/826/116 1691/829/116 1689/827/115
f 1694/828/117 1693/831/117 1691/829/116
f 1696/830/118 1695/833/118 1693/831/117
f 1698/832/119 1697/835/119 1695/833/118
f 1700/834/120 1699/837/122 1697/835/119
f 1702/836/121 1701/839/121 1699/837/122
f 1704/838/123 1703/841/123 1701/839/121
f 1706/840/124 1705/843/124 1703/841/123
f 1708/842/125 1707/845/125 1705/843/124
f 1710/844/126 1709/847/126 1707/845/125
f 1712/846/127 1711/849/127 1709/847/126
f 1714/848/128 1713/851/128 1711/849/127
f 1716/850/129 1715/853/129 1713/851/128
f 1718/852/130 1717/855/130 1715/853/129
f 1720/854/131 1719/857/131 1717/855/130
f 1722/856/132 1721/859/132 1719/857/131
f 1724/858/133 1723/861/133 1721/859/132
f 1726/860/134 1725/863/134 1723/861/133
f 1728/862/135 1727/865/135 1725/863/134
f 1730/864/136 1729/867/136 1727/865/135
f 1732/866/137 1731/869/137 1729/867/136
f 1734/868/138 1733/871/138 1731/869/137
f 1736/870/139 1735/873/139 1733/871/138
f 1738/872/140 1737/875/140 1735/873/139
f 1740/874/141 1739/877/141 1737/875/140
f 1742/876/142 1741/879/142 1739/877/141
f 1744/878/143 1743/881/143 1741/879/142
f 1746/880/144 1745/883/144 1743/881/143
f 1748/882/145 1747/885/145 1745/883/144
f 1750/884/146 1749/887/146 1747/885/145
f 1752/886/147 1751/889/147 1749/887/146
f 1754/888/148 1753/891/148 1751/889/147
f 1756/890/149 1755/893/149 1753/891/148
f 1758/892/150 1757/895/150 1755/893/149
f 1760/894/151 1759/897/151 1757/895/150
f 1762/896/152 1761/899/152 1759/897/151
f 1764/898/153 1763/901/153 1761/899/152
f 1766/900/154 1765/903/154 1763/901/153
f 1768/902/155 1767/905/155 1765/903/154
f 1770/904/156 1769/907/156 1767/905/155
f 1770/904/156 1772/909/157 1771/906/157
f 1774/908/158 1773/911/158 1771/906/157
f 1776/910/159 1775/913/159 1773/911/158
f 1778/912/160 1777/915/160 1775/913/159
f 1780/914/161 1779/917/161 1777/915/160
f 1780/914/161 1782/919/162 1781/916/162
f 1784/918/163 1783/921/163 1781/916/162
f 1786/920/164 1785/923/164 1783/921/163
f 1788/922/165 1787/925/165 1785/923/164
f 1790/924/166 1789/927/166 1787/925/165
f 1792/926/167 1791/929/167 1789/927/166
f 1794/928/168 1793/931/168 1791/929/167
f 1796/930/169 1795/933/169 1793/931/168
f 1796/930/169 1798/935/170 1797/932/170
f 1800/934/171 1799/937/171 1797/932/170
f 1802/936/172 1801/939/172 1799/937/171
f 1804/938/173 1803/941/173 1801/939/172
f 1806/940/174 1805/943/174 1803/941/173
f 1808/942/175 1807/945/175 1805/943/174
f 1808/942/175 1810/947/176 1809/944/176
f 1812/946/177 1811/949/177 1809/944/176
f 1814/948/178 1813/951/178 1811/949/177
f 1816/950/179 1815/953/179 1813/951/178
f 1818/952/180 1817/955/182 1815/953/179
f 1820/954/181 1819/957/181 1817/955/182
f 1822/956/183 1821/959/183 1819/957/181
f 1824/958/184 1823/961/184 1821/959/183
f 1826/960/185 1825/963/185 1823/961/184
f 1828/962/186 1827/965/186 1825/963/185
f 1830/964/187 1829/967/187 1827/965/186
f 1832/966/188 1831/969/188 1829/967/187
f 1834/968/189 1833/971/189 1831/969/188
f 1836/970/190 1835/973/190 1833/971/189
f 1838/972/191 1837/975/191 1835/973/190
f 1840/974/192 1839/977/192 1837/975/191
f 1842/976/193 1841/979/193 1839/977/192
f 1844/978/194 1843/981/194 1841/979/193
f 1846/980/195 1845/983/195 1843/981/194
f 1848/982/196 1847/985/196 1845/983/195
f 1850/984/197 1849/987/197 1847/985/196
f 1852/986/198 1851/989/198 1849/987/197
f 1854/988/199 1853/991/199 1851/989/198
f 1854/988/199 1856/993/200 1855/990/200
f 1858/992/201 1857/995/201 1855/990/200
f 1860/994/202 1859/997/202 1857/995/201
f 1862/996/203 1861/999/203 1859/997/202
f 1864/998/204 1863/1001/204 1861/999/203
f 1866/1000/205 1865/1003/205 1863/1001/204
f 1868/1002/206 1867/1005/206 1865/1003/205
f 1870/1004/207 1869/1007/207 1867/1005/206
f 1872/1006/208 1871/1009/208 1869/1007/207
f 1874/1008/209 1873/1011/209 1871/1009/208
f 1876/1010/210 1875/1013/210 1873/1011/209
f 1878/1012/211 1877/1015/211 1875/1013/210
f 1880/1014/212 1879/1017/212 1877/1015/211
f 1882/1016/213 1881/1019/213 1879/1017/212
f 1884/1018/214 1883/1021/214 1881/1019/213
f 1886/1020/215 1885/1023/215 1883/1021/214
f 1888/1022/216 1887/1025/216 1885/1023/215
f 1890/1024/217 1889/1027/217 1887/1025/216
f 1892/1026/218 1891/1029/218 1889/1027/217
f 1894/1028/219 1893/1031/219 1891/1029/218
f 1896/1030/220 1895/1033/220 1893/1031/219
f 1898/1032/221 1897/1035/221 1895/1033/220
f 1900/1034/222 1899/1037/222 1897/1035/221
f 1902/1036/223 1901/1039/223 1899/1037/222
f 1904/1038/224 1903/1041/224 1901/1039/223
f 1906/1040/225 1905/1043/225 1903/1041/224
f 1908/1042/226 1907/1045/226 1905/1043/225
f 1910/1044/227 1909/1047/227 1907/1045/226
f 1912/1046/228 1911/1049/228 1909/1047/227
f 1914/1048/229 1913/1051/229 1911/1049/228
f 1916/1050/230 1915/1053/230 1913/1051/229
f 1918/1052/231 1917/1055/231 1915/1053/230
f 1920/1054/232 1919/1057/232 1917/1055/231
f 1922/1056/233 1921/1059/233 1919/1057/232
f 1924/1058/234 1923/1061/234 1921/1059/233
f 1926/1060/235 1925/1063/235 1923/1061/234
f 1928/1062/236 1927/1065/236 1925/1063/235
f 1930/1064/237 1929/1067/237 1927/1065/236
f 1932/1066/238 1931/1069/238 1929/1067/237
f 1934/1068/239 1933/1071/239 1931/1069/238
f 1936/1070/240 1935/1073/240 1933/1071/239
f 1938/1072/241 1937/1075/241 1935/1073/240
f 1940/1074/242 1939/1077/242 1937/1075/241
f 1942/1076/243 1941/1079/243 1939/1077/242
f 1944/1078/244 1943/1081/244 1941/1079/243
f 1946/1080/245 1945/1083/245 1943/1081/244
f 1948/1082/246 1947/1085/246 1945/1083/245
f 1950/1084/247 1949/1087/247 1947/1085/246
f 1952/1086/248 1951/1089/248 1949/1087/247
f 1954/1088/249 1953/1091/249 1951/1089/248
f 1956/1090/250 1955/1092/250 1953/1091/249
f 1684/819/113 1683/13/113 1955/1092/250
f 1960/1093/251 1959/1095/251 1957/15/252
f 1962/1094/253 1961/1097/253 1959/1095/251
f 1964/1096/254 1963/1099/254 1961/1097/253
f 1966/1098/255 1965/1101/255 1963/1099/254
f 1968/1100/256 1967/1103/256 1965/1101/255
f 1970/1102/257 1969/1105/257 1967/1103/256
f 1972/1104/258 1971/1107/258 1969/1105/257
f 1974/1106/259 1973/1109/259 1971/1107/258
f 1976/1108/260 1975/1111/260 1973/1109/259
f 1978/1110/261 1977/1113/261 1975/1111/260
f 1980/1112/262 1979/1115/262 1977/1113/261
f 1982/1114/263 1981/1117/263 1979/1115/262
f 1984/1116/264 1983/1119/264 1981/1117/263
f 1986/1118/265 1985/1121/265 1983/1119/264
f 1988/1120/266 1987/1123/266 1985/1121/265
f 1990/1122/267 1989/1125/267 1987/1123/266
f 1992/1124/268 1991/1127/268 1989/1125/267
f 1994/1126/269 1993/1129/269 1991/1127/268
f 1996/1128/270 1995/1131/270 1993/1129/269
f 1998/1130/271 1997/1133/271 1995/1131/270
f 2000/1132/272 1999/1135/272 1997/1133/271
f 2002/1134/273 2001/1137/273 1999/1135/272
f 2004/1136/274 2003/1139/274 2001/1137/273
f 2004/1136/274 2006/1141/275 2005/1138/275
f 2008/1140/276 2007/1143/276 2005/1138/275
f 2010/1142/277 2009/1145/277 2007/1143/276
f 2012/1144/278 2011/1147/278 2009/1145/277
f 2014/1146/279 2013/1149/279 2011/1147/278
f 2016/1148/280 2015/1151/280 2013/1149/279
f 2018/1150/281 2017/1153/281 2015/1151/280
f 2020/1152/282 2019/1155/282 2017/1153/281
f 2022/1154/283 2021/1157/283 2019/1155/282
f 2024/1156/284 2023/1159/284 2021/1157/283
f 2026/1158/285 2025/1161/285 2023/1159/284
f 2028/1160/286 2027/1163/286 2025/1161/285
f 2028/1160/286 2030/1164/287 2029/1162/287
f 1958/819/252 1957/13/252 2029/1162/287
f 2032/623/288 2034/1167/289 2033/1165/289
f 2036/1166/290 2035/1169/290 2033/1165/289
f 2038/1168/291 2037/1171/291 2035/1169/290
f 2040/1170/292 2039/1173/292 2037/1171/291
f 2042/1172/293 2041/1175/293 2039/1173/292
f 2044/1174/294 2043/1177/294 2041/1175/293
f 2046/1176/295 2045/1179/295 2043/1177/294
f 2048/1178/296 2047/1181/296 2045/1179/295
f 2050/1180/297 2049/1183/297 2047/1181/296
f 2052/1182/298 2051/1185/298 2049/1183/297
f 2054/1184/299 2053/1187/299 2051/1185/298
f 2056/1186/300 2055/1189/300 2053/1187/299
f 2058/1188/301 2057/1191/301 2055/1189/300
f 2060/1190/302 2059/1193/302 2057/1191/301
f 2062/1192/303 2061/1195/303 2059/1193/302
f 2064/1194/304 2063/1197/304 2061/1195/303
f 2066/1196/305 2065/1199/305 2063/1197/304
f 2068/1198/306 2067/1201/306 2065/1199/305
f 2070/1200/307 2069/1203/307 2067/1201/306
f 2072/1202/308 2071/1205/308 2069/1203/307
f 2074/1204/309 2073/1207/309 2071/1205/308
f 2076/1206/310 2075/1209/310 2073/1207/309
f 2078/1208/311 2077/1211/311 2075/1209/310
f 2080/1210/312 2079/1213/312 2077/1211/311
f 2082/1212/313 2081/1215/313 2079/1213/312
f 2082/1212/313 2084/1217/314 2083/1214/314
f 2086/1216/315 2085/1219/315 2083/1214/314
f 2088/1218/316 2087/1221/316 2085/1219/315
f 2090/1220/317 2089/1223/317 2087/1221/316
f 2092/1222/318 2091/1225/318 2089/1223/317
f 2094/1224/319 2093/1227/319 2091/1225/318
f 2096/1226/320 2095/1229/320 2093/1227/319
f 2098/1228/321 2097/1231/321 2095/1229/320
f 2100/1230/322 2099/1233/322 2097/1231/321
f 2102/1232/323 2101/1235/323 2099/1233/322
f 2104/1234/212 2103/1237/212 2101/1235/323
f 2106/1236/324 2105/1239/324 2103/1237/212
f 2108/1238/325 2107/1241/325 2105/1239/324
f 2110/1240/326 2109/1243/326 2107/1241/325
f 2112/1242/327 2111/1245/327 2109/1243/326
f 2114/1244/328 2113/1247/328 2111/1245/327
f 2116/1246/329 2115/1249/329 2113/1247/328
f 2118/1248/330 2117/1251/330 2115/1249/329
f 2120/1250/331 2119/1253/331 2117/1251/330
f 2122/1252/332 2121/1255/332 2119/1253/331
f 2124/1254/333 2123/1257/333 2121/1255/332
f 2126/1256/334 2125/1259/334 2123/1257/333
f 2128/1258/335 2127/1261/335 2125/1259/334
f 2130/1260/336 2129/1263/336 2127/1261/335
f 2132/1262/108 2131/1265/108 2129/1263/336
f 2134/1264/337 2133/1267/337 2131/1265/108
f 2136/1266/338 2135/1269/338 2133/1267/337
f 2138/1268/339 2137/1271/339 2135/1269/338
f 2138/1268/339 2140/1273/340 2139/1270/340
f 2142/1272/341 2141/1275/341 2139/1270/340
f 2144/1274/342 2143/1277/342 2141/1275/341
f 2146/1276/343 2145/1279/343 2143/1277/342
f 2148/1278/344 2147/1281/344 2145/1279/343
f 2150/1280/345 2149/1283/345 2147/1281/344
f 2152/1282/346 2151/1285/346 2149/1283/345
f 2154/1284/347 2153/1287/349 2151/1285/346
f 2156/1286/348 2155/1289/348 2153/1287/349
f 2158/1288/350 2157/1291/350 2155/1289/348
f 2160/1290/351 2159/1293/351 2157/1291/350
f 2162/1292/352 2161/1295/352 2159/1293/351
f 2164/1294/353 2163/1297/353 2161/1295/352
f 2166/1296/354 2165/1299/354 2163/1297/353
f 2168/1298/355 2167/1301/355 2165/1299/354
f 2170/1300/356 2169/1303/356 2167/1301/355
f 2172/1302/357 2171/1305/357 2169/1303/356
f 2174/1304/358 2173/1307/358 2171/1305/357
f 2176/1306/359 2175/1309/359 2173/1307/358
f 2178/1308/360 2177/1311/360 2175/1309/359
f 2180/1310/361 2179/1313/361 2177/1311/360
f 2182/1312/362 2181/1315/362 2179/1313/361
f 2184/1314/336 2183/1317/336 2181/1315/362
f 2186/1316/108 2185/1319/108 2183/1317/336
f 2188/1318/363 2187/1321/363 2185/1319/108
f 2190/1320/175 2189/1323/175 2187/1321/363
f 2190/1320/175 2192/1325/364 2191/1322/364
f 2194/1324/365 2193/1327/365 2191/1322/364
f 2196/1326/366 2195/1329/366 2193/1327/365
f 2198/1328/367 2197/1331/367 2195/1329/366
f 2200/1330/368 2199/1333/368 2197/1331/367
f 2202/1332/369 2201/1335/371 2199/1333/368
f 2204/1334/370 2203/1337/373 2201/1335/371
f 2206/1336/372 2205/1339/372 2203/1337/373
f 2208/1338/374 2207/1341/374 2205/1339/372
f 2210/1340/375 2209/1343/375 2207/1341/374
f 2212/1342/376 2211/1345/376 2209/1343/375
f 2214/1344/377 2213/1347/377 2211/1345/376
f 2216/1346/378 2215/1349/380 2213/1347/377
f 2218/1348/379 2217/1351/379 2215/1349/380
f 2220/1350/381 2219/1353/381 2217/1351/379
f 2222/1352/382 2221/1355/382 2219/1353/381
f 2224/1354/383 2223/1357/383 2221/1355/382
f 2226/1356/384 2225/1359/384 2223/1357/383
f 2228/1358/385 2227/1361/385 2225/1359/384
f 2230/1360/386 2229/1363/386 2227/1361/385
f 2232/1362/387 2231/1365/387 2229/1363/386
f 2234/1364/388 2233/1367/388 2231/1365/387
f 2236/1366/389 2235/1369/389 2233/1367/388
f 2238/1368/336 2237/1371/336 2235/1369/389
f 2240/1370/108 2239/1373/108 2237/1371/336
f 2240/1370/108 2242/1375/109 2241/1372/109
f 2244/1374/110 2243/1376/110 2241/1372/109
f 2032/819/288 2031/13/288 2243/1376/110
f 2248/1377/390 2247/1378/390 2245/15/391
f 2250/1093/392 2249/1095/392 2247/1378/390
f 2252/1379/393 2251/1380/393 2249/1095/392
f 2254/1094/394 2253/1097/394 2251/1380/393
f 2256/1381/395 2255/1382/395 2253/1097/394
f 2258/1096/396 2257/1099/396 2255/1382/395
f 2260/1383/397 2259/1384/397 2257/1099/396
f 2262/1098/398 2261/1101/398 2259/1384/397
f 2264/1385/399 2263/1386/399 2261/1101/398
f 2266/1100/400 2265/1103/400 2263/1386/399
f 2268/1387/401 2267/1388/401 2265/1103/400
f 2270/1102/402 2269/1105/402 2267/1388/401
f 2272/1389/403 2271/1390/403 2269/1105/402
f 2274/1104/404 2273/1107/404 2271/1390/403
f 2276/1391/405 2275/1392/405 2273/1107/404
f 2278/1106/406 2277/1109/406 2275/1392/405
f 2278/1106/406 2280/1394/407 2279/1393/407
f 2282/1108/408 2281/1111/408 2279/1393/407
f 2284/1395/409 2283/1396/409 2281/1111/408
f 2284/1395/409 2286/1110/410 2285/1113/410
f 2288/1397/411 2287/1398/411 2285/1113/410
f 2290/1112/412 2289/1115/412 2287/1398/411
f 2290/1112/412 2292/1400/413 2291/1399/413
f 2294/1114/414 2293/1117/414 2291/1399/413
f 2296/1401/415 2295/1402/415 2293/1117/414
f 2296/1401/415 2298/1116/416 2297/1119/416
f 2300/1403/417 2299/1404/417 2297/1119/416
f 2302/1118/418 2301/1121/418 2299/1404/417
f 2302/1118/418 2304/1406/419 2303/1405/419
f 2306/1120/420 2305/1123/420 2303/1405/419
f 2308/1407/293 2307/1408/293 2305/1123/420
f 2310/1122/421 2309/1125/421 2307/1408/293
f 2312/1409/422 2311/1410/422 2309/1125/421
f 2314/1124/423 2313/1127/423 2311/1410/422
f 2316/1411/424 2315/1412/424 2313/1127/423
f 2318/1126/425 2317/1129/425 2315/1412/424
f 2320/720/426 2319/35/426 2317/1129/425
f 2322/1128/427 2321/1131/427 2319/35/426
f 2324/1413/428 2323/1414/428 2321/1131/427
f 2326/1130/429 2325/1133/429 2323/1414/428
f 2328/1415/430 2327/1416/430 2325/1133/429
f 2330/1132/431 2329/1135/431 2327/1416/430
f 2332/1417/432 2331/1418/432 2329/1135/431
f 2334/1134/433 2333/1137/433 2331/1418/432
f 2336/1419/434 2335/1420/434 2333/1137/433
f 2338/1136/435 2337/1139/435 2335/1420/434
f 2340/1421/436 2339/1422/438 2337/1139/435
f 2342/1141/437 2341/1138/440 2339/1422/438
f 2344/1423/439 2343/1424/439 2341/1138/440
f 2346/1140/441 2345/1143/441 2343/1424/439
f 2348/1425/442 2347/1426/442 2345/1143/441
f 2350/1142/443 2349/1145/443 2347/1426/442
f 2352/1427/444 2351/1428/444 2349/1145/443
f 2354/1144/445 2353/1147/445 2351/1428/444
f 2356/1429/446 2355/1430/446 2353/1147/445
f 2358/1146/447 2357/1149/447 2355/1430/446
f 2360/1431/448 2359/1432/448 2357/1149/447
f 2362/1148/449 2361/1151/449 2359/1432/448
f 2364/1433/450 2363/1434/450 2361/1151/449
f 2366/1150/451 2365/1153/451 2363/1434/450
f 2368/1435/452 2367/1436/452 2365/1153/451
f 2370/1152/453 2369/1155/453 2367/1436/452
f 2372/1437/454 2371/1438/454 2369/1155/453
f 2374/1154/455 2373/1157/455 2371/1438/454
f 2376/1439/456 2375/1440/456 2373/1157/455
f 2378/1156/457 2377/1159/457 2375/1440/456
f 2380/1441/458 2379/1442/458 2377/1159/457
f 2382/1158/459 2381/1161/459 2379/1442/458
f 2384/1443/460 2383/1444/460 2381/1161/459
f 2386/1160/461 2385/1163/461 2383/1444/460
f 2388/1445/462 2387/1446/462 2385/1163/461
f 2390/1164/463 2389/1162/465 2387/1446/462
f 2392/1447/464 2391/1448/464 2389/1162/465
f 2246/819/391 2245/13/391 2391/1448/464
f 2396/1449/466 2395/1451/469 2393/15/467
f 2396/1449/466 2398/1453/468 2397/1450/468
f 2400/1452/470 2399/1455/470 2397/1450/468
f 2402/1454/471 2401/1457/471 2399/1455/470
f 2404/1456/472 2403/237/472 2401/1457/471
f 2406/1458/473 2405/1460/473 2403/237/472
f 2408/1459/474 2407/1462/476 2405/1460/473
f 2410/1461/475 2409/1464/475 2407/1462/476
f 2412/1463/477 2411/1466/477 2409/1464/475
f 2414/1465/478 2413/184/478 2411/1466/477
f 2416/1467/479 2415/1469/479 2413/184/478
f 2418/1468/480 2417/1471/480 2415/1469/479
f 2420/1470/481 2419/1473/481 2417/1471/480
f 2422/1472/482 2421/1475/482 2419/1473/481
f 2424/1474/483 2423/206/483 2421/1475/482
f 2426/1476/484 2425/1478/484 2423/206/483
f 2428/1477/485 2427/1480/485 2425/1478/484
f 2430/1479/486 2429/1482/486 2427/1480/485
f 2432/1481/487 2431/1484/487 2429/1482/486
f 2434/1483/488 2433/175/488 2431/1484/487
f 2436/1485/489 2435/1487/489 2433/175/488
f 2438/1486/490 2437/1489/490 2435/1487/489
f 2440/1488/491 2439/1491/491 2437/1489/490
f 2442/1490/492 2441/1492/493 2439/1491/491
f 2394/819/467 2393/13/467 2441/1492/493
f 2446/1493/494 2445/1495/494 2443/15/495
f 2448/1494/496 2447/1497/496 2445/1495/494
f 2450/1496/497 2449/1499/497 2447/1497/496
f 2452/1498/498 2451/1501/498 2449/1499/497
f 2454/1500/499 2453/1503/499 2451/1501/498
f 2456/1502/500 2455/1505/500 2453/1503/499
f 2458/1504/501 2457/1506/501 2455/1505/500
f 2460/654/502 2459/10/502 2457/1506/501
f 2462/1507/264 2461/1509/264 2459/10/502
f 2464/1508/503 2463/1511/503 2461/1509/264
f 2466/1510/504 2465/1513/504 2463/1511/503
f 2468/1512/505 2467/1515/505 2465/1513/504
f 2470/1514/506 2469/1517/506 2467/1515/505
f 2472/1516/507 2471/1519/507 2469/1517/506
f 2474/1518/508 2473/1520/508 2471/1519/507
f 2476/687/509 2475/9/509 2473/1520/508
f 2478/1521/510 2477/1523/510 2475/9/509
f 2480/1522/511 2479/1525/511 2477/1523/510
f 2482/1524/512 2481/1527/512 2479/1525/511
f 2484/1526/513 2483/1529/513 2481/1527/512
f 2486/1528/514 2485/1531/514 2483/1529/513
f 2488/1530/515 2487/1533/515 2485/1531/514
f 2490/1532/516 2489/1534/516 2487/1533/515
f 2492/720/517 2491/35/517 2489/1534/516
f 2494/1535/518 2493/1537/518 2491/35/517
f 2496/1536/519 2495/1539/519 2493/1537/518
f 2496/1536/519 2498/1541/520 2497/1538/520
f 2500/1540/521 2499/1543/521 2497/1538/520
f 2502/1542/522 2501/1545/522 2499/1543/521
f 2502/1542/522 2504/1547/523 2503/1544/523
f 2506/1546/524 2505/1548/524 2503/1544/523
f 2506/1546/524 2508/753/525 2507/39/525
f 2510/1549/526 2509/1551/526 2507/39/525
f 2510/1549/526 2512/1553/527 2511/1550/527
f 2514/1552/528 2513/1555/528 2511/1550/527
f 2514/1552/528 2516/1557/529 2515/1554/529
f 2518/1556/530 2517/1559/530 2515/1554/529
f 2518/1556/530 2520/1561/531 2519/1558/531
f 2522/1560/532 2521/1562/532 2519/1558/531
f 2522/1560/532 2524/786/533 2523/50/533
f 2526/1563/534 2525/1565/534 2523/50/533
f 2528/1564/535 2527/1567/535 2525/1565/534
f 2528/1564/535 2530/1569/536 2529/1566/536
f 2532/1568/537 2531/1571/537 2529/1566/536
f 2534/1570/538 2533/1573/538 2531/1571/537
f 2536/1572/539 2535/1575/539 2533/1573/538
f 2538/1574/540 2537/1576/540 2535/1575/539
f 2444/819/495 2443/13/495 2537/1576/540
f 2542/1493/541 2541/1495/541 2539/15/542
f 2544/1494/39 2543/1497/544 2541/1495/541
f 2546/1496/543 2545/1499/543 2543/1497/544
f 2546/1496/543 2548/1498/545 2547/1501/545
f 2550/1500/546 2549/1503/546 2547/1501/545
f 2552/1502/547 2551/1505/547 2549/1503/546
f 2552/1502/547 2554/1504/548 2553/1506/548
f 2556/654/549 2555/10/549 2553/1506/548
f 2558/1507/550 2557/1509/550 2555/10/549
f 2558/1507/550 2560/1508/551 2559/1511/551
f 2562/1510/552 2561/1513/552 2559/1511/551
f 2562/1510/552 2564/1512/553 2563/1515/553
f 2566/1514/554 2565/1517/554 2563/1515/553
f 2568/1516/555 2567/1519/555 2565/1517/554
f 2568/1516/555 2570/1518/556 2569/1520/556
f 2572/687/557 2571/9/557 2569/1520/556
f 2574/1521/558 2573/1523/558 2571/9/557
f 2574/1521/558 2576/1522/559 2575/1525/559
f 2578/1524/560 2577/1527/560 2575/1525/559
f 2580/1526/561 2579/1529/561 2577/1527/560
f 2582/1528/562 2581/1531/562 2579/1529/561
f 2584/1530/563 2583/1533/563 2581/1531/562
f 2586/1532/564 2585/1534/564 2583/1533/563
f 2588/720/565 2587/35/565 2585/1534/564
f 2590/1535/566 2589/1537/566 2587/35/565
f 2592/1536/567 2591/1539/567 2589/1537/566
f 2594/1541/568 2593/1538/568 2591/1539/567
f 2596/1540/569 2595/1543/569 2593/1538/568
f 2598/1542/570 2597/1545/570 2595/1543/569
f 2600/1547/571 2599/1544/571 2597/1545/570
f 2602/1546/572 2601/1548/572 2599/1544/571
f 2604/753/573 2603/39/573 2601/1548/572
f 2606/1549/574 2605/1551/574 2603/39/573
f 2608/1553/575 2607/1550/575 2605/1551/574
f 2610/1552/576 2609/1555/576 2607/1550/575
f 2612/1557/577 2611/1554/577 2609/1555/576
f 2614/1556/578 2613/1559/578 2611/1554/577
f 2616/1561/579 2615/1558/579 2613/1559/578
f 2618/1560/580 2617/1562/580 2615/1558/579
f 2620/786/581 2619/50/581 2617/1562/580
f 2622/1563/582 2621/1565/582 2619/50/581
f 2624/1564/583 2623/1567/583 2621/1565/582
f 2626/1569/584 2625/1566/584 2623/1567/583
f 2628/1568/585 2627/1571/585 2625/1566/584
f 2630/1570/586 2629/1573/586 2627/1571/585
f 2632/1572/587 2631/1575/587 2629/1573/586
f 2634/1574/588 2633/1576/588 2631/1575/587
f 2540/819/542 2539/13/542 2633/1576/588
f 2638/1577/589 2637/140/592 2635/15/590
f 2640/1578/591 2639/70/591 2637/140/592
f 2642/1579/593 2641/69/593 2639/70/591
f 2644/1580/594 2643/124/594 2641/69/593
f 2646/1581/595 2645/118/595 2643/124/594
f 2646/1581/595 2648/1582/597 2647/73/596
f 2636/819/590 2635/13/590 2647/73/596
f 2652/1377/390 2651/1378/390 2649/15/391
f 2654/1093/392 2653/1095/392 2651/1378/390
f 2656/1379/393 2655/1380/393 2653/1095/392
f 2658/1094/394 2657/1097/394 2655/1380/393
f 2660/1381/395 2659/1382/395 2657/1097/394
f 2662/1096/396 2661/1099/396 2659/1382/395
f 2664/1383/397 2663/1384/397 2661/1099/396
f 2666/1098/398 2665/1101/398 2663/1384/397
f 2668/1385/399 2667/1386/399 2665/1101/398
f 2670/1100/400 2669/1103/400 2667/1386/399
f 2672/1387/401 2671/1388/401 2669/1103/400
f 2674/1102/402 2673/1105/402 2671/1388/401
f 2676/1389/403 2675/1390/403 2673/1105/402
f 2678/1104/404 2677/1107/404 2675/1390/403
f 2680/1391/405 2679/1392/405 2677/1107/404
f 2680/1391/405 2682/1106/406 2681/1109/406
f 2684/1394/407 2683/1393/407 2681/1109/406
f 2686/1108/408 2685/1111/408 2683/1393/407
f 2688/1395/409 2687/1396/409 2685/1111/408
f 2688/1395/409 2690/1110/410 2689/1113/410
f 2692/1397/411 2691/1398/411 2689/1113/410
f 2694/1112/412 2693/1115/412 2691/1398/411
f 2694/1112/412 2696/1400/413 2695/1399/413
f 2698/1114/414 2697/1117/414 2695/1399/413
f 2698/1114/414 2700/1401/415 2699/1402/415
f 2702/1116/416 2701/1119/416 2699/1402/415
f 2704/1403/417 2703/1404/417 2701/1119/416
f 2704/1403/417 2706/1118/418 2705/1121/418
f 2708/1406/419 2707/1405/419 2705/1121/418
f 2710/1120/420 2709/1123/420 2707/1405/419
f 2712/1407/293 2711/1408/293 2709/1123/420
f 2714/1122/421 2713/1125/421 2711/1408/293
f 2716/1409/422 2715/1410/422 2713/1125/421
f 2718/1124/423 2717/1127/423 2715/1410/422
f 2718/1124/423 2720/1411/424 2719/1412/424
f 2722/1126/425 2721/1129/425 2719/1412/424
f 2724/720/426 2723/35/426 2721/1129/425
f 2726/1128/427 2725/1131/427 2723/35/426
f 2728/1413/428 2727/1414/428 2725/1131/427
f 2730/1130/429 2729/1133/429 2727/1414/428
f 2732/1415/430 2731/1416/430 2729/1133/429
f 2734/1132/431 2733/1135/431 2731/1416/430
f 2736/1417/432 2735/1418/432 2733/1135/431
f 2738/1134/433 2737/1137/433 2735/1418/432
f 2740/1419/434 2739/1420/434 2737/1137/433
f 2742/1136/435 2741/1139/435 2739/1420/434
f 2744/1421/436 2743/1422/438 2741/1139/435
f 2746/1141/437 2745/1138/440 2743/1422/438
f 2748/1423/439 2747/1424/439 2745/1138/440
f 2750/1140/441 2749/1143/441 2747/1424/439
f 2752/1425/442 2751/1426/442 2749/1143/441
f 2754/1142/443 2753/1145/443 2751/1426/442
f 2756/1427/444 2755/1428/444 2753/1145/443
f 2758/1144/445 2757/1147/445 2755/1428/444
f 2760/1429/446 2759/1430/446 2757/1147/445
f 2762/1146/447 2761/1149/447 2759/1430/446
f 2764/1431/448 2763/1432/448 2761/1149/447
f 2766/1148/449 2765/1151/449 2763/1432/448
f 2768/1433/450 2767/1434/450 2765/1151/449
f 2770/1150/451 2769/1153/451 2767/1434/450
f 2772/1435/452 2771/1436/452 2769/1153/451
f 2774/1152/453 2773/1155/453 2771/1436/452
f 2776/1437/454 2775/1438/454 2773/1155/453
f 2778/1154/455 2777/1157/455 2775/1438/454
f 2780/1439/456 2779/1440/456 2777/1157/455
f 2782/1156/457 2781/1159/457 2779/1440/456
f 2784/1441/458 2783/1442/458 2781/1159/457
f 2786/1158/459 2785/1161/459 2783/1442/458
f 2788/1443/460 2787/1444/460 2785/1161/459
f 2790/1160/461 2789/1163/461 2787/1444/460
f 2790/1160/461 2792/1445/462 2791/1446/462
f 2794/1164/463 2793/1162/465 2791/1446/462
f 2796/1447/464 2795/1448/464 2793/1162/465
f 2650/819/391 2649/13/391 2795/1448/464
f 2798/623/467 2800/1449/466 2799/1451/469
f 2802/1453/468 2801/1450/468 2799/1451/469
f 2804/1452/470 2803/1455/470 2801/1450/468
f 2806/1454/471 2805/1457/471 2803/1455/470
f 2808/1456/472 2807/237/472 2805/1457/471
f 2810/1458/473 2809/1460/473 2807/237/472
f 2812/1459/474 2811/1462/474 2809/1460/473
f 2812/1459/474 2814/1461/475 2813/1464/475
f 2816/1463/477 2815/1466/477 2813/1464/475
f 2818/1465/478 2817/184/478 2815/1466/477
f 2820/1467/479 2819/1469/479 2817/184/478
f 2822/1468/480 2821/1471/480 2819/1469/479
f 2824/1470/481 2823/1473/481 2821/1471/480
f 2826/1472/482 2825/1475/482 2823/1473/481
f 2828/1474/483 2827/206/483 2825/1475/482
f 2830/1476/484 2829/1478/484 2827/206/483
f 2832/1477/485 2831/1480/485 2829/1478/484
f 2834/1479/486 2833/1482/486 2831/1480/485
f 2836/1481/487 2835/1484/487 2833/1482/486
f 2838/1483/488 2837/175/488 2835/1484/487
f 2840/1485/489 2839/1487/489 2837/175/488
f 2842/1486/490 2841/1489/490 2839/1487/489
f 2844/1488/491 2843/1491/491 2841/1489/490
f 2846/1490/492 2845/1492/493 2843/1491/491
f 2798/819/467 2797/13/467 2845/1492/493
f 2850/1583/598 2849/1585/598 2847/15/110
f 2852/1584/599 2851/1587/599 2849/1585/598
f 2852/1584/599 2854/1589/600 2853/1586/600
f 2856/1588/601 2855/1591/601 2853/1586/600
f 2858/1590/602 2857/1593/602 2855/1591/601
f 2860/1592/603 2859/1595/603 2857/1593/602
f 2862/1594/604 2861/1597/604 2859/1595/603
f 2864/1596/605 2863/1599/605 2861/1597/604
f 2866/1598/606 2865/1601/606 2863/1599/605
f 2868/1600/607 2867/1602/607 2865/1601/606
f 2870/1456/608 2869/237/608 2867/1602/607
f 2872/1603/609 2871/1605/609 2869/237/608
f 2872/1603/609 2874/1607/610 2873/1604/610
f 2876/1606/611 2875/1609/611 2873/1604/610
f 2878/1608/612 2877/1611/612 2875/1609/611
f 2880/1610/613 2879/1613/615 2877/1611/612
f 2882/1612/614 2881/1615/614 2879/1613/615
f 2884/1614/616 2883/1617/616 2881/1615/614
f 2886/1616/617 2885/1619/617 2883/1617/616
f 2888/1618/618 2887/1621/618 2885/1619/617
f 2890/1620/619 2889/1622/619 2887/1621/618
f 2892/1465/620 2891/184/620 2889/1622/619
f 2894/1623/621 2893/1625/621 2891/184/620
f 2896/1624/622 2895/1627/622 2893/1625/621
f 2898/1626/623 2897/1629/623 2895/1627/622
f 2900/1628/624 2899/1631/626 2897/1629/623
f 2902/1630/625 2901/1633/625 2899/1631/626
f 2904/1632/627 2903/1635/627 2901/1633/625
f 2906/1634/628 2905/1637/628 2903/1635/627
f 2908/1636/629 2907/1639/629 2905/1637/628
f 2910/1638/630 2909/1641/632 2907/1639/629
f 2912/1640/631 2911/1642/631 2909/1641/632
f 2914/1474/633 2913/206/633 2911/1642/631
f 2916/1643/634 2915/1645/634 2913/206/633
f 2918/1644/635 2917/1647/635 2915/1645/634
f 2920/1646/636 2919/1649/636 2917/1647/635
f 2920/1646/636 2922/1651/637 2921/1648/637
f 2924/1650/638 2923/1653/638 2921/1648/637
f 2926/1652/639 2925/1655/639 2923/1653/638
f 2928/1654/640 2927/1657/640 2925/1655/639
f 2930/1656/641 2929/1659/641 2927/1657/640
f 2932/1658/642 2931/1661/642 2929/1659/641
f 2934/1660/643 2933/1662/643 2931/1661/642
f 2936/1483/644 2935/175/644 2933/1662/643
f 2938/1663/645 2937/1665/645 2935/175/644
f 2940/1664/646 2939/1667/646 2937/1665/645
f 2942/1666/647 2941/1669/647 2939/1667/646
f 2944/1668/648 2943/1671/648 2941/1669/647
f 2946/1670/649 2945/1673/649 2943/1671/648
f 2948/1672/650 2947/1675/650 2945/1673/649
f 2950/1674/336 2949/1677/336 2947/1675/650
f 2952/1676/108 2951/1679/108 2949/1677/336
f 2952/1676/108 2954/1681/109 2953/1678/109
f 2956/1680/110 2955/1682/110 2953/1678/109
f 2848/819/110 2847/13/110 2955/1682/110
