# Blender 4.2.3 LTS
# www.blender.org
mtllib mission.mtl
o MISSION
v -1.742500 -0.341000 -0.050000
v -1.286500 0.184000 -0.050000
v -1.286500 -0.341000 -0.050000
v -1.194500 -0.341000 -0.050000
v -1.194500 0.341000 -0.050000
v -1.272500 0.341000 -0.050000
v -1.734500 -0.187000 -0.050000
v -1.734500 0.341000 -0.050000
v -1.826500 0.341000 -0.050000
v -1.826500 -0.341000 -0.050000
v -0.762987 0.346742 -0.050000
v -0.813810 0.337269 -0.050000
v -0.860766 0.322031 -0.050000
v -0.903648 0.301481 -0.050000
v -0.942253 0.276071 -0.050000
v -0.976375 0.246250 -0.050000
v -1.005810 0.212471 -0.050000
v -1.030352 0.175185 -0.050000
v -1.049797 0.134844 -0.050000
v -1.063940 0.091898 -0.050000
v -1.072576 0.046800 -0.050000
v -1.075500 -0.000000 -0.050000
v -1.072651 -0.045539 -0.050000
v -1.064209 -0.089815 -0.050000
v -1.050328 -0.132313 -0.050000
v -1.031167 -0.172519 -0.050000
v -1.006880 -0.209919 -0.050000
v -0.977625 -0.244000 -0.050000
v -0.943557 -0.274248 -0.050000
v -0.904833 -0.300148 -0.050000
v -0.861610 -0.321188 -0.050000
v -0.814042 -0.336852 -0.050000
v -0.762287 -0.346627 -0.050000
v -0.706500 -0.350000 -0.050000
v -0.652492 -0.346646 -0.050000
v -0.602106 -0.336921 -0.050000
v -0.555547 -0.321328 -0.050000
v -0.513019 -0.300370 -0.050000
v -0.474726 -0.274552 -0.050000
v -0.440875 -0.244375 -0.050000
v -0.411670 -0.210344 -0.050000
v -0.387315 -0.172963 -0.050000
v -0.368016 -0.132734 -0.050000
v -0.353977 -0.090162 -0.050000
v -0.345403 -0.045749 -0.050000
v -0.342500 -0.000000 -0.050000
v -0.345481 0.046590 -0.050000
v -0.354264 0.091551 -0.050000
v -0.368609 0.134422 -0.050000
v -0.388278 0.174741 -0.050000
v -0.413030 0.212046 -0.050000
v -0.442625 0.245875 -0.050000
v -0.476825 0.275767 -0.050000
v -0.515389 0.301259 -0.050000
v -0.558078 0.321891 -0.050000
v -0.604653 0.337199 -0.050000
v -0.654873 0.346723 -0.050000
v -0.708500 0.350000 -0.050000
v -0.745875 -0.257730 -0.050000
v -0.781329 -0.251088 -0.050000
v -0.814610 -0.240328 -0.050000
v -0.845463 -0.225704 -0.050000
v -0.873636 -0.207468 -0.050000
v -0.898875 -0.185875 -0.050000
v -0.920927 -0.161178 -0.050000
v -0.939537 -0.133630 -0.050000
v -0.954453 -0.103484 -0.050000
v -0.965421 -0.070995 -0.050000
v -0.972188 -0.036416 -0.050000
v -0.974500 -0.000000 -0.050000
v -0.972188 0.036626 -0.050000
v -0.965421 0.071343 -0.050000
v -0.954453 0.103906 -0.050000
v -0.939537 0.134074 -0.050000
v -0.920927 0.161603 -0.050000
v -0.898875 0.186250 -0.050000
v -0.873636 0.207772 -0.050000
v -0.845463 0.225926 -0.050000
v -0.814609 0.240469 -0.050000
v -0.781329 0.251157 -0.050000
v -0.745875 0.257749 -0.050000
v -0.708500 0.260000 -0.050000
v -0.671355 0.257749 -0.050000
v -0.636093 0.251157 -0.050000
v -0.602969 0.240469 -0.050000
v -0.572241 0.225926 -0.050000
v -0.544166 0.207772 -0.050000
v -0.519000 0.186250 -0.050000
v -0.497001 0.161603 -0.050000
v -0.478426 0.134074 -0.050000
v -0.463531 0.103906 -0.050000
v -0.452574 0.071343 -0.050000
v -0.445811 0.036626 -0.050000
v -0.443500 -0.000000 -0.050000
v -0.445811 -0.036416 -0.050000
v -0.452574 -0.070995 -0.050000
v -0.463531 -0.103484 -0.050000
v -0.478426 -0.133630 -0.050000
v -0.497001 -0.161178 -0.050000
v -0.519000 -0.185875 -0.050000
v -0.544166 -0.207468 -0.050000
v -0.572241 -0.225704 -0.050000
v -0.602969 -0.240328 -0.050000
v -0.636093 -0.251088 -0.050000
v -0.671355 -0.257730 -0.050000
v -0.708500 -0.260000 -0.050000
v -0.123500 -0.341000 -0.050000
v -0.123500 0.341000 -0.050000
v -0.221500 0.341000 -0.050000
v -0.221500 -0.341000 -0.050000
v 0.025954 0.203951 -0.050000
v 0.040296 0.215356 -0.050000
v 0.054500 0.225297 -0.050000
v 0.068537 0.233852 -0.050000
v 0.082380 0.241101 -0.050000
v 0.096000 0.247125 -0.050000
v 0.109370 0.252003 -0.050000
v 0.122463 0.255815 -0.050000
v 0.135250 0.258641 -0.050000
v 0.147704 0.260560 -0.050000
v 0.159796 0.261653 -0.050000
v 0.171500 0.262000 -0.050000
v 0.186859 0.261323 -0.050000
v 0.201375 0.259333 -0.050000
v 0.214953 0.256094 -0.050000
v 0.227500 0.251667 -0.050000
v 0.238922 0.246115 -0.050000
v 0.249125 0.239500 -0.050000
v 0.258016 0.231885 -0.050000
v 0.265500 0.223333 -0.050000
v 0.271484 0.213906 -0.050000
v 0.275875 0.203667 -0.050000
v 0.278578 0.192677 -0.050000
v 0.279500 0.181000 -0.050000
v 0.273696 0.150817 -0.050000
v 0.257648 0.124954 -0.050000
v 0.233406 0.102187 -0.050000
v 0.203018 0.081296 -0.050000
v 0.168534 0.061058 -0.050000
v 0.132000 0.040250 -0.050000
v 0.095466 0.017650 -0.050000
v 0.060981 -0.007963 -0.050000
v 0.030594 -0.037813 -0.050000
v 0.006352 -0.073120 -0.050000
v -0.009696 -0.115109 -0.050000
v -0.015500 -0.165000 -0.050000
v -0.013843 -0.191117 -0.050000
v -0.008991 -0.215857 -0.050000
v -0.001125 -0.239047 -0.050000
v 0.009574 -0.260519 -0.050000
v 0.022926 -0.280101 -0.050000
v 0.038750 -0.297625 -0.050000
v 0.056866 -0.312920 -0.050000
v 0.077093 -0.325815 -0.050000
v 0.099250 -0.336141 -0.050000
v 0.123157 -0.343727 -0.050000
v 0.148634 -0.348403 -0.050000
v 0.175500 -0.350000 -0.050000
v 0.193715 -0.349582 -0.050000
v 0.211384 -0.348319 -0.050000
v 0.228547 -0.346203 -0.050000
v 0.245241 -0.343222 -0.050000
v 0.261504 -0.339366 -0.050000
v 0.277375 -0.334625 -0.050000
v 0.292892 -0.328988 -0.050000
v 0.308093 -0.322444 -0.050000
v 0.323016 -0.314984 -0.050000
v 0.337699 -0.306597 -0.050000
v 0.352181 -0.297273 -0.050000
v 0.366500 -0.287000 -0.050000
v 0.366500 -0.163000 -0.050000
v 0.353734 -0.178392 -0.050000
v 0.340458 -0.192556 -0.050000
v 0.326703 -0.205469 -0.050000
v 0.312500 -0.217111 -0.050000
v 0.297880 -0.227462 -0.050000
v 0.282875 -0.236500 -0.050000
v 0.267516 -0.244205 -0.050000
v 0.251833 -0.250556 -0.050000
v 0.235859 -0.255531 -0.050000
v 0.219625 -0.259111 -0.050000
v 0.203161 -0.261274 -0.050000
v 0.186500 -0.262000 -0.050000
v 0.168351 -0.261034 -0.050000
v 0.151889 -0.258269 -0.050000
v 0.137094 -0.253906 -0.050000
v 0.123944 -0.248148 -0.050000
v 0.112420 -0.241196 -0.050000
v 0.102500 -0.233250 -0.050000
v 0.094163 -0.224513 -0.050000
v 0.087389 -0.215185 -0.050000
v 0.082156 -0.205469 -0.050000
v 0.078444 -0.195565 -0.050000
v 0.076233 -0.185675 -0.050000
v 0.075500 -0.176000 -0.050000
v 0.081304 -0.143183 -0.050000
v 0.097352 -0.114546 -0.050000
v 0.121594 -0.089063 -0.050000
v 0.151981 -0.065704 -0.050000
v 0.186466 -0.043442 -0.050000
v 0.223000 -0.021250 -0.050000
v 0.259534 0.001900 -0.050000
v 0.294019 0.027037 -0.050000
v 0.324406 0.055187 -0.050000
v 0.348648 0.087380 -0.050000
v 0.364696 0.124641 -0.050000
v 0.370500 0.168000 -0.050000
v 0.368814 0.194899 -0.050000
v 0.363847 0.220023 -0.050000
v 0.355734 0.243266 -0.050000
v 0.344611 0.264518 -0.050000
v 0.330613 0.283674 -0.050000
v 0.313875 0.300625 -0.050000
v 0.294533 0.315263 -0.050000
v 0.272722 0.327481 -0.050000
v 0.248578 0.337172 -0.050000
v 0.222236 0.344227 -0.050000
v 0.193832 0.348539 -0.050000
v 0.163500 0.350000 -0.050000
v 0.150502 0.349667 -0.050000
v 0.137518 0.348667 -0.050000
v 0.124562 0.347000 -0.050000
v 0.111648 0.344667 -0.050000
v 0.098789 0.341667 -0.050000
v 0.086000 0.338000 -0.050000
v 0.073294 0.333667 -0.050000
v 0.060685 0.328667 -0.050000
v 0.048187 0.323000 -0.050000
v 0.035815 0.316667 -0.050000
v 0.023581 0.309667 -0.050000
v 0.011500 0.302000 -0.050000
v 0.011500 0.191000 -0.050000
v 0.483954 0.203951 -0.050000
v 0.498296 0.215356 -0.050000
v 0.512500 0.225297 -0.050000
v 0.526537 0.233852 -0.050000
v 0.540380 0.241101 -0.050000
v 0.554000 0.247125 -0.050000
v 0.567370 0.252003 -0.050000
v 0.580463 0.255815 -0.050000
v 0.593250 0.258641 -0.050000
v 0.605704 0.260560 -0.050000
v 0.617796 0.261653 -0.050000
v 0.629500 0.262000 -0.050000
v 0.644859 0.261323 -0.050000
v 0.659375 0.259333 -0.050000
v 0.672953 0.256094 -0.050000
v 0.685500 0.251667 -0.050000
v 0.696922 0.246115 -0.050000
v 0.707125 0.239500 -0.050000
v 0.716016 0.231885 -0.050000
v 0.723500 0.223333 -0.050000
v 0.729484 0.213906 -0.050000
v 0.733875 0.203667 -0.050000
v 0.736578 0.192677 -0.050000
v 0.737500 0.181000 -0.050000
v 0.731695 0.150817 -0.050000
v 0.715648 0.124954 -0.050000
v 0.691406 0.102187 -0.050000
v 0.661018 0.081296 -0.050000
v 0.626533 0.061058 -0.050000
v 0.590000 0.040250 -0.050000
v 0.553466 0.017650 -0.050000
v 0.518981 -0.007963 -0.050000
v 0.488594 -0.037813 -0.050000
v 0.464352 -0.073120 -0.050000
v 0.448304 -0.115109 -0.050000
v 0.442500 -0.165000 -0.050000
v 0.444157 -0.191117 -0.050000
v 0.449009 -0.215857 -0.050000
v 0.456875 -0.239047 -0.050000
v 0.467574 -0.260519 -0.050000
v 0.480926 -0.280101 -0.050000
v 0.496750 -0.297625 -0.050000
v 0.514866 -0.312920 -0.050000
v 0.535093 -0.325815 -0.050000
v 0.557250 -0.336141 -0.050000
v 0.581157 -0.343727 -0.050000
v 0.606634 -0.348403 -0.050000
v 0.633500 -0.350000 -0.050000
v 0.651715 -0.349582 -0.050000
v 0.669384 -0.348319 -0.050000
v 0.686547 -0.346203 -0.050000
v 0.703241 -0.343222 -0.050000
v 0.719504 -0.339366 -0.050000
v 0.735375 -0.334625 -0.050000
v 0.750892 -0.328988 -0.050000
v 0.766093 -0.322444 -0.050000
v 0.781016 -0.314984 -0.050000
v 0.795699 -0.306597 -0.050000
v 0.810181 -0.297273 -0.050000
v 0.824500 -0.287000 -0.050000
v 0.824500 -0.163000 -0.050000
v 0.811734 -0.178392 -0.050000
v 0.798458 -0.192556 -0.050000
v 0.784703 -0.205469 -0.050000
v 0.770500 -0.217111 -0.050000
v 0.755880 -0.227462 -0.050000
v 0.740875 -0.236500 -0.050000
v 0.725516 -0.244205 -0.050000
v 0.709833 -0.250556 -0.050000
v 0.693859 -0.255531 -0.050000
v 0.677625 -0.259111 -0.050000
v 0.661161 -0.261274 -0.050000
v 0.644500 -0.262000 -0.050000
v 0.626351 -0.261034 -0.050000
v 0.609889 -0.258269 -0.050000
v 0.595094 -0.253906 -0.050000
v 0.581944 -0.248148 -0.050000
v 0.570420 -0.241196 -0.050000
v 0.560500 -0.233250 -0.050000
v 0.552163 -0.224513 -0.050000
v 0.545389 -0.215185 -0.050000
v 0.540156 -0.205469 -0.050000
v 0.536444 -0.195565 -0.050000
v 0.534233 -0.185675 -0.050000
v 0.533500 -0.176000 -0.050000
v 0.539304 -0.143183 -0.050000
v 0.555352 -0.114546 -0.050000
v 0.579593 -0.089063 -0.050000
v 0.609981 -0.065704 -0.050000
v 0.644466 -0.043442 -0.050000
v 0.681000 -0.021250 -0.050000
v 0.717533 0.001900 -0.050000
v 0.752018 0.027037 -0.050000
v 0.782406 0.055187 -0.050000
v 0.806648 0.087380 -0.050000
v 0.822696 0.124641 -0.050000
v 0.828500 0.168000 -0.050000
v 0.826814 0.194899 -0.050000
v 0.821847 0.220023 -0.050000
v 0.813734 0.243266 -0.050000
v 0.802611 0.264518 -0.050000
v 0.788613 0.283674 -0.050000
v 0.771875 0.300625 -0.050000
v 0.752533 0.315263 -0.050000
v 0.730722 0.327481 -0.050000
v 0.706578 0.337172 -0.050000
v 0.680236 0.344227 -0.050000
v 0.651832 0.348539 -0.050000
v 0.621500 0.350000 -0.050000
v 0.608502 0.349667 -0.050000
v 0.595519 0.348667 -0.050000
v 0.582563 0.347000 -0.050000
v 0.569648 0.344667 -0.050000
v 0.556789 0.341667 -0.050000
v 0.544000 0.338000 -0.050000
v 0.531294 0.333667 -0.050000
v 0.518685 0.328667 -0.050000
v 0.506187 0.323000 -0.050000
v 0.493815 0.316667 -0.050000
v 0.481581 0.309667 -0.050000
v 0.469500 0.302000 -0.050000
v 0.469500 0.191000 -0.050000
v 1.042500 -0.341000 -0.050000
v 1.042500 0.341000 -0.050000
v 0.944500 0.341000 -0.050000
v 0.944500 -0.341000 -0.050000
v 1.288500 -0.341000 -0.050000
v 1.288500 0.190000 -0.050000
v 1.290500 0.190000 -0.050000
v 1.500500 -0.074000 -0.050000
v 1.516500 -0.074000 -0.050000
v 1.726500 0.190000 -0.050000
v 1.728500 0.190000 -0.050000
v 1.728500 -0.341000 -0.050000
v 1.826500 -0.341000 -0.050000
v 1.826500 0.341000 -0.050000
v 1.734500 0.341000 -0.050000
v 1.508500 0.061000 -0.050000
v 1.281500 0.341000 -0.050000
v 1.190500 0.341000 -0.050000
v 1.190500 -0.341000 -0.050000
v -1.742500 -0.341000 0.050000
v -1.286500 0.184000 0.050000
v -1.286500 -0.341000 0.050000
v -1.194500 -0.341000 0.050000
v -1.194500 0.341000 0.050000
v -1.272500 0.341000 0.050000
v -1.734500 -0.187000 0.050000
v -1.734500 0.341000 0.050000
v -1.826500 0.341000 0.050000
v -1.826500 -0.341000 0.050000
v -0.762987 0.346742 0.050000
v -0.813810 0.337269 0.050000
v -0.860766 0.322031 0.050000
v -0.903648 0.301481 0.050000
v -0.942253 0.276071 0.050000
v -0.976375 0.246250 0.050000
v -1.005810 0.212471 0.050000
v -1.030352 0.175185 0.050000
v -1.049797 0.134844 0.050000
v -1.063940 0.091898 0.050000
v -1.072576 0.046800 0.050000
v -1.075500 0.000000 0.050000
v -1.072651 -0.045539 0.050000
v -1.064209 -0.089815 0.050000
v -1.050328 -0.132313 0.050000
v -1.031167 -0.172519 0.050000
v -1.006880 -0.209919 0.050000
v -0.977625 -0.244000 0.050000
v -0.943557 -0.274248 0.050000
v -0.904833 -0.300148 0.050000
v -0.861610 -0.321188 0.050000
v -0.814042 -0.336852 0.050000
v -0.762287 -0.346627 0.050000
v -0.706500 -0.350000 0.050000
v -0.652492 -0.346646 0.050000
v -0.602106 -0.336921 0.050000
v -0.555547 -0.321328 0.050000
v -0.513019 -0.300370 0.050000
v -0.474726 -0.274552 0.050000
v -0.440875 -0.244375 0.050000
v -0.411670 -0.210344 0.050000
v -0.387315 -0.172963 0.050000
v -0.368016 -0.132734 0.050000
v -0.353977 -0.090162 0.050000
v -0.345403 -0.045749 0.050000
v -0.342500 0.000000 0.050000
v -0.345481 0.046590 0.050000
v -0.354264 0.091551 0.050000
v -0.368609 0.134422 0.050000
v -0.388278 0.174741 0.050000
v -0.413030 0.212046 0.050000
v -0.442625 0.245875 0.050000
v -0.476825 0.275767 0.050000
v -0.515389 0.301259 0.050000
v -0.558078 0.321891 0.050000
v -0.604653 0.337199 0.050000
v -0.654873 0.346723 0.050000
v -0.708500 0.350000 0.050000
v -0.745875 -0.257730 0.050000
v -0.781329 -0.251088 0.050000
v -0.814610 -0.240328 0.050000
v -0.845463 -0.225704 0.050000
v -0.873636 -0.207468 0.050000
v -0.898875 -0.185875 0.050000
v -0.920927 -0.161178 0.050000
v -0.939537 -0.133630 0.050000
v -0.954453 -0.103484 0.050000
v -0.965421 -0.070995 0.050000
v -0.972188 -0.036416 0.050000
v -0.974500 0.000000 0.050000
v -0.972188 0.036626 0.050000
v -0.965421 0.071343 0.050000
v -0.954453 0.103906 0.050000
v -0.939537 0.134074 0.050000
v -0.920927 0.161603 0.050000
v -0.898875 0.186250 0.050000
v -0.873636 0.207772 0.050000
v -0.845463 0.225926 0.050000
v -0.814609 0.240469 0.050000
v -0.781329 0.251157 0.050000
v -0.745875 0.257749 0.050000
v -0.708500 0.260000 0.050000
v -0.671355 0.257749 0.050000
v -0.636093 0.251157 0.050000
v -0.602969 0.240469 0.050000
v -0.572241 0.225926 0.050000
v -0.544166 0.207772 0.050000
v -0.519000 0.186250 0.050000
v -0.497001 0.161603 0.050000
v -0.478426 0.134074 0.050000
v -0.463531 0.103906 0.050000
v -0.452574 0.071343 0.050000
v -0.445811 0.036626 0.050000
v -0.443500 0.000000 0.050000
v -0.445811 -0.036416 0.050000
v -0.452574 -0.070995 0.050000
v -0.463531 -0.103484 0.050000
v -0.478426 -0.133630 0.050000
v -0.497001 -0.161178 0.050000
v -0.519000 -0.185875 0.050000
v -0.544166 -0.207468 0.050000
v -0.572241 -0.225704 0.050000
v -0.602969 -0.240328 0.050000
v -0.636093 -0.251088 0.050000
v -0.671355 -0.257730 0.050000
v -0.708500 -0.260000 0.050000
v -0.123500 -0.341000 0.050000
v -0.123500 0.341000 0.050000
v -0.221500 0.341000 0.050000
v -0.221500 -0.341000 0.050000
v 0.025954 0.203951 0.050000
v 0.040296 0.215356 0.050000
v 0.054500 0.225297 0.050000
v 0.068537 0.233852 0.050000
v 0.082380 0.241101 0.050000
v 0.096000 0.247125 0.050000
v 0.109370 0.252003 0.050000
v 0.122463 0.255815 0.050000
v 0.135250 0.258641 0.050000
v 0.147704 0.260560 0.050000
v 0.159796 0.261653 0.050000
v 0.171500 0.262000 0.050000
v 0.186859 0.261323 0.050000
v 0.201375 0.259333 0.050000
v 0.214953 0.256094 0.050000
v 0.227500 0.251667 0.050000
v 0.238922 0.246115 0.050000
v 0.249125 0.239500 0.050000
v 0.258016 0.231885 0.050000
v 0.265500 0.223333 0.050000
v 0.271484 0.213906 0.050000
v 0.275875 0.203667 0.050000
v 0.278578 0.192677 0.050000
v 0.279500 0.181000 0.050000
v 0.273696 0.150817 0.050000
v 0.257648 0.124954 0.050000
v 0.233406 0.102187 0.050000
v 0.203018 0.081296 0.050000
v 0.168534 0.061058 0.050000
v 0.132000 0.040250 0.050000
v 0.095466 0.017650 0.050000
v 0.060981 -0.007963 0.050000
v 0.030594 -0.037813 0.050000
v 0.006352 -0.073120 0.050000
v -0.009696 -0.115109 0.050000
v -0.015500 -0.165000 0.050000
v -0.013843 -0.191117 0.050000
v -0.008991 -0.215857 0.050000
v -0.001125 -0.239047 0.050000
v 0.009574 -0.260519 0.050000
v 0.022926 -0.280101 0.050000
v 0.038750 -0.297625 0.050000
v 0.056866 -0.312920 0.050000
v 0.077093 -0.325815 0.050000
v 0.099250 -0.336141 0.050000
v 0.123157 -0.343727 0.050000
v 0.148634 -0.348403 0.050000
v 0.175500 -0.350000 0.050000
v 0.193715 -0.349582 0.050000
v 0.211384 -0.348319 0.050000
v 0.228547 -0.346203 0.050000
v 0.245241 -0.343222 0.050000
v 0.261504 -0.339366 0.050000
v 0.277375 -0.334625 0.050000
v 0.292892 -0.328988 0.050000
v 0.308093 -0.322444 0.050000
v 0.323016 -0.314984 0.050000
v 0.337699 -0.306597 0.050000
v 0.352181 -0.297273 0.050000
v 0.366500 -0.287000 0.050000
v 0.366500 -0.163000 0.050000
v 0.353734 -0.178392 0.050000
v 0.340458 -0.192556 0.050000
v 0.326703 -0.205469 0.050000
v 0.312500 -0.217111 0.050000
v 0.297880 -0.227462 0.050000
v 0.282875 -0.236500 0.050000
v 0.267516 -0.244205 0.050000
v 0.251833 -0.250556 0.050000
v 0.235859 -0.255531 0.050000
v 0.219625 -0.259111 0.050000
v 0.203161 -0.261274 0.050000
v 0.186500 -0.262000 0.050000
v 0.168351 -0.261034 0.050000
v 0.151889 -0.258269 0.050000
v 0.137094 -0.253906 0.050000
v 0.123944 -0.248148 0.050000
v 0.112420 -0.241196 0.050000
v 0.102500 -0.233250 0.050000
v 0.094163 -0.224513 0.050000
v 0.087389 -0.215185 0.050000
v 0.082156 -0.205469 0.050000
v 0.078444 -0.195565 0.050000
v 0.076233 -0.185675 0.050000
v 0.075500 -0.176000 0.050000
v 0.081304 -0.143183 0.050000
v 0.097352 -0.114546 0.050000
v 0.121594 -0.089063 0.050000
v 0.151981 -0.065704 0.050000
v 0.186466 -0.043442 0.050000
v 0.223000 -0.021250 0.050000
v 0.259534 0.001900 0.050000
v 0.294019 0.027037 0.050000
v 0.324406 0.055187 0.050000
v 0.348648 0.087380 0.050000
v 0.364696 0.124641 0.050000
v 0.370500 0.168000 0.050000
v 0.368814 0.194899 0.050000
v 0.363847 0.220023 0.050000
v 0.355734 0.243266 0.050000
v 0.344611 0.264518 0.050000
v 0.330613 0.283674 0.050000
v 0.313875 0.300625 0.050000
v 0.294533 0.315263 0.050000
v 0.272722 0.327481 0.050000
v 0.248578 0.337172 0.050000
v 0.222236 0.344227 0.050000
v 0.193832 0.348539 0.050000
v 0.163500 0.350000 0.050000
v 0.150502 0.349667 0.050000
v 0.137518 0.348667 0.050000
v 0.124562 0.347000 0.050000
v 0.111648 0.344667 0.050000
v 0.098789 0.341667 0.050000
v 0.086000 0.338000 0.050000
v 0.073294 0.333667 0.050000
v 0.060685 0.328667 0.050000
v 0.048187 0.323000 0.050000
v 0.035815 0.316667 0.050000
v 0.023581 0.309667 0.050000
v 0.011500 0.302000 0.050000
v 0.011500 0.191000 0.050000
v 0.483954 0.203951 0.050000
v 0.498296 0.215356 0.050000
v 0.512500 0.225297 0.050000
v 0.526537 0.233852 0.050000
v 0.540380 0.241101 0.050000
v 0.554000 0.247125 0.050000
v 0.567370 0.252003 0.050000
v 0.580463 0.255815 0.050000
v 0.593250 0.258641 0.050000
v 0.605704 0.260560 0.050000
v 0.617796 0.261653 0.050000
v 0.629500 0.262000 0.050000
v 0.644859 0.261323 0.050000
v 0.659375 0.259333 0.050000
v 0.672953 0.256094 0.050000
v 0.685500 0.251667 0.050000
v 0.696922 0.246115 0.050000
v 0.707125 0.239500 0.050000
v 0.716016 0.231885 0.050000
v 0.723500 0.223333 0.050000
v 0.729484 0.213906 0.050000
v 0.733875 0.203667 0.050000
v 0.736578 0.192677 0.050000
v 0.737500 0.181000 0.050000
v 0.731695 0.150817 0.050000
v 0.715648 0.124954 0.050000
v 0.691406 0.102187 0.050000
v 0.661018 0.081296 0.050000
v 0.626533 0.061058 0.050000
v 0.590000 0.040250 0.050000
v 0.553466 0.017650 0.050000
v 0.518981 -0.007963 0.050000
v 0.488594 -0.037813 0.050000
v 0.464352 -0.073120 0.050000
v 0.448304 -0.115109 0.050000
v 0.442500 -0.165000 0.050000
v 0.444157 -0.191117 0.050000
v 0.449009 -0.215857 0.050000
v 0.456875 -0.239047 0.050000
v 0.467574 -0.260519 0.050000
v 0.480926 -0.280101 0.050000
v 0.496750 -0.297625 0.050000
v 0.514866 -0.312920 0.050000
v 0.535093 -0.325815 0.050000
v 0.557250 -0.336141 0.050000
v 0.581157 -0.343727 0.050000
v 0.606634 -0.348403 0.050000
v 0.633500 -0.350000 0.050000
v 0.651715 -0.349582 0.050000
v 0.669384 -0.348319 0.050000
v 0.686547 -0.346203 0.050000
v 0.703241 -0.343222 0.050000
v 0.719504 -0.339366 0.050000
v 0.735375 -0.334625 0.050000
v 0.750892 -0.328988 0.050000
v 0.766093 -0.322444 0.050000
v 0.781016 -0.314984 0.050000
v 0.795699 -0.306597 0.050000
v 0.810181 -0.297273 0.050000
v 0.824500 -0.287000 0.050000
v 0.824500 -0.163000 0.050000
v 0.811734 -0.178392 0.050000
v 0.798458 -0.192556 0.050000
v 0.784703 -0.205469 0.050000
v 0.770500 -0.217111 0.050000
v 0.755880 -0.227462 0.050000
v 0.740875 -0.236500 0.050000
v 0.725516 -0.244205 0.050000
v 0.709833 -0.250556 0.050000
v 0.693859 -0.255531 0.050000
v 0.677625 -0.259111 0.050000
v 0.661161 -0.261274 0.050000
v 0.644500 -0.262000 0.050000
v 0.626351 -0.261034 0.050000
v 0.609889 -0.258269 0.050000
v 0.595094 -0.253906 0.050000
v 0.581944 -0.248148 0.050000
v 0.570420 -0.241196 0.050000
v 0.560500 -0.233250 0.050000
v 0.552163 -0.224513 0.050000
v 0.545389 -0.215185 0.050000
v 0.540156 -0.205469 0.050000
v 0.536444 -0.195565 0.050000
v 0.534233 -0.185675 0.050000
v 0.533500 -0.176000 0.050000
v 0.539304 -0.143183 0.050000
v 0.555352 -0.114546 0.050000
v 0.579593 -0.089063 0.050000
v 0.609981 -0.065704 0.050000
v 0.644466 -0.043442 0.050000
v 0.681000 -0.021250 0.050000
v 0.717533 0.001900 0.050000
v 0.752018 0.027037 0.050000
v 0.782406 0.055187 0.050000
v 0.806648 0.087380 0.050000
v 0.822696 0.124641 0.050000
v 0.828500 0.168000 0.050000
v 0.826814 0.194899 0.050000
v 0.821847 0.220023 0.050000
v 0.813734 0.243266 0.050000
v 0.802611 0.264518 0.050000
v 0.788613 0.283674 0.050000
v 0.771875 0.300625 0.050000
v 0.752533 0.315263 0.050000
v 0.730722 0.327481 0.050000
v 0.706578 0.337172 0.050000
v 0.680236 0.344227 0.050000
v 0.651832 0.348539 0.050000
v 0.621500 0.350000 0.050000
v 0.608502 0.349667 0.050000
v 0.595519 0.348667 0.050000
v 0.582563 0.347000 0.050000
v 0.569648 0.344667 0.050000
v 0.556789 0.341667 0.050000
v 0.544000 0.338000 0.050000
v 0.531294 0.333667 0.050000
v 0.518685 0.328667 0.050000
v 0.506187 0.323000 0.050000
v 0.493815 0.316667 0.050000
v 0.481581 0.309667 0.050000
v 0.469500 0.302000 0.050000
v 0.469500 0.191000 0.050000
v 1.042500 -0.341000 0.050000
v 1.042500 0.341000 0.050000
v 0.944500 0.341000 0.050000
v 0.944500 -0.341000 0.050000
v 1.288500 -0.341000 0.050000
v 1.288500 0.190000 0.050000
v 1.290500 0.190000 0.050000
v 1.500500 -0.074000 0.050000
v 1.516500 -0.074000 0.050000
v 1.726500 0.190000 0.050000
v 1.728500 0.190000 0.050000
v 1.728500 -0.341000 0.050000
v 1.826500 -0.341000 0.050000
v 1.826500 0.341000 0.050000
v 1.734500 0.341000 0.050000
v 1.508500 0.061000 0.050000
v 1.281500 0.341000 0.050000
v 1.190500 0.341000 0.050000
v 1.190500 -0.341000 0.050000
v 1.288500 -0.341000 0.050000
v 1.288500 -0.341000 -0.050000
v 1.288500 0.190000 0.050000
v 1.288500 0.190000 -0.050000
v 1.290500 0.190000 0.050000
v 1.290500 0.190000 -0.050000
v 1.500500 -0.074000 0.050000
v 1.500500 -0.074000 -0.050000
v 1.516500 -0.074000 0.050000
v 1.516500 -0.074000 -0.050000
v 1.726500 0.190000 0.050000
v 1.726500 0.190000 -0.050000
v 1.728500 0.190000 0.050000
v 1.728500 0.190000 -0.050000
v 1.728500 -0.341000 0.050000
v 1.728500 -0.341000 -0.050000
v 1.826500 -0.341000 0.050000
v 1.826500 -0.341000 -0.050000
v 1.826500 0.341000 0.050000
v 1.826500 0.341000 -0.050000
v 1.734500 0.341000 0.050000
v 1.734500 0.341000 -0.050000
v 1.508500 0.061000 0.050000
v 1.508500 0.061000 -0.050000
v 1.281500 0.341000 0.050000
v 1.281500 0.341000 -0.050000
v 1.190500 0.341000 0.050000
v 1.190500 0.341000 -0.050000
v 1.190500 -0.341000 0.050000
v 1.190500 -0.341000 -0.050000
v 1.042500 -0.341000 0.050000
v 1.042500 -0.341000 -0.050000
v 1.042500 0.341000 0.050000
v 1.042500 0.341000 -0.050000
v 0.944500 0.341000 0.050000
v 0.944500 0.341000 -0.050000
v 0.944500 -0.341000 0.050000
v 0.944500 -0.341000 -0.050000
v 0.483954 0.203951 0.050000
v 0.483954 0.203951 -0.050000
v 0.498296 0.215356 0.050000
v 0.498296 0.215356 -0.050000
v 0.512500 0.225297 0.050000
v 0.512500 0.225297 -0.050000
v 0.526537 0.233852 0.050000
v 0.526537 0.233852 -0.050000
v 0.540380 0.241101 0.050000
v 0.540380 0.241101 -0.050000
v 0.554000 0.247125 0.050000
v 0.554000 0.247125 -0.050000
v 0.567370 0.252003 0.050000
v 0.567370 0.252003 -0.050000
v 0.580463 0.255815 0.050000
v 0.580463 0.255815 -0.050000
v 0.593250 0.258641 0.050000
v 0.593250 0.258641 -0.050000
v 0.605704 0.260560 0.050000
v 0.605704 0.260560 -0.050000
v 0.617796 0.261653 0.050000
v 0.617796 0.261653 -0.050000
v 0.629500 0.262000 0.050000
v 0.629500 0.262000 -0.050000
v 0.644859 0.261323 0.050000
v 0.644859 0.261323 -0.050000
v 0.659375 0.259333 0.050000
v 0.659375 0.259333 -0.050000
v 0.672953 0.256094 0.050000
v 0.672953 0.256094 -0.050000
v 0.685500 0.251667 0.050000
v 0.685500 0.251667 -0.050000
v 0.696922 0.246115 0.050000
v 0.696922 0.246115 -0.050000
v 0.707125 0.239500 0.050000
v 0.707125 0.239500 -0.050000
v 0.716016 0.231885 0.050000
v 0.716016 0.231885 -0.050000
v 0.723500 0.223333 0.050000
v 0.723500 0.223333 -0.050000
v 0.729484 0.213906 0.050000
v 0.729484 0.213906 -0.050000
v 0.733875 0.203667 0.050000
v 0.733875 0.203667 -0.050000
v 0.736578 0.192677 0.050000
v 0.736578 0.192677 -0.050000
v 0.737500 0.181000 0.050000
v 0.737500 0.181000 -0.050000
v 0.731695 0.150817 0.050000
v 0.731695 0.150817 -0.050000
v 0.715648 0.124954 0.050000
v 0.715648 0.124954 -0.050000
v 0.691406 0.102187 0.050000
v 0.691406 0.102187 -0.050000
v 0.661018 0.081296 0.050000
v 0.661018 0.081296 -0.050000
v 0.626533 0.061058 0.050000
v 0.626533 0.061058 -0.050000
v 0.590000 0.040250 0.050000
v 0.590000 0.040250 -0.050000
v 0.553466 0.017650 0.050000
v 0.553466 0.017650 -0.050000
v 0.518981 -0.007963 0.050000
v 0.518981 -0.007963 -0.050000
v 0.488594 -0.037813 0.050000
v 0.488594 -0.037813 -0.050000
v 0.464352 -0.073120 0.050000
v 0.464352 -0.073120 -0.050000
v 0.448304 -0.115109 0.050000
v 0.448304 -0.115109 -0.050000
v 0.442500 -0.165000 0.050000
v 0.442500 -0.165000 -0.050000
v 0.444157 -0.191117 0.050000
v 0.444157 -0.191117 -0.050000
v 0.449009 -0.215857 0.050000
v 0.449009 -0.215857 -0.050000
v 0.456875 -0.239047 0.050000
v 0.456875 -0.239047 -0.050000
v 0.467574 -0.260519 0.050000
v 0.467574 -0.260519 -0.050000
v 0.480926 -0.280101 0.050000
v 0.480926 -0.280101 -0.050000
v 0.496750 -0.297625 0.050000
v 0.496750 -0.297625 -0.050000
v 0.514866 -0.312920 0.050000
v 0.514866 -0.312920 -0.050000
v 0.535093 -0.325815 0.050000
v 0.535093 -0.325815 -0.050000
v 0.557250 -0.336141 0.050000
v 0.557250 -0.336141 -0.050000
v 0.581157 -0.343727 0.050000
v 0.581157 -0.343727 -0.050000
v 0.606634 -0.348403 0.050000
v 0.606634 -0.348403 -0.050000
v 0.633500 -0.350000 0.050000
v 0.633500 -0.350000 -0.050000
v 0.651715 -0.349582 0.050000
v 0.651715 -0.349582 -0.050000
v 0.669384 -0.348319 0.050000
v 0.669384 -0.348319 -0.050000
v 0.686547 -0.346203 0.050000
v 0.686547 -0.346203 -0.050000
v 0.703241 -0.343222 0.050000
v 0.703241 -0.343222 -0.050000
v 0.719504 -0.339366 0.050000
v 0.719504 -0.339366 -0.050000
v 0.735375 -0.334625 0.050000
v 0.735375 -0.334625 -0.050000
v 0.750892 -0.328988 0.050000
v 0.750892 -0.328988 -0.050000
v 0.766093 -0.322444 0.050000
v 0.766093 -0.322444 -0.050000
v 0.781016 -0.314984 0.050000
v 0.781016 -0.314984 -0.050000
v 0.795699 -0.306597 0.050000
v 0.795699 -0.306597 -0.050000
v 0.810181 -0.297273 0.050000
v 0.810181 -0.297273 -0.050000
v 0.824500 -0.287000 0.050000
v 0.824500 -0.287000 -0.050000
v 0.824500 -0.163000 0.050000
v 0.824500 -0.163000 -0.050000
v 0.811734 -0.178392 0.050000
v 0.811734 -0.178392 -0.050000
v 0.798458 -0.192556 0.050000
v 0.798458 -0.192556 -0.050000
v 0.784703 -0.205469 0.050000
v 0.784703 -0.205469 -0.050000
v 0.770500 -0.217111 0.050000
v 0.770500 -0.217111 -0.050000
v 0.755880 -0.227462 0.050000
v 0.755880 -0.227462 -0.050000
v 0.740875 -0.236500 0.050000
v 0.740875 -0.236500 -0.050000
v 0.725516 -0.244205 0.050000
v 0.725516 -0.244205 -0.050000
v 0.709833 -0.250556 0.050000
v 0.709833 -0.250556 -0.050000
v 0.693859 -0.255531 0.050000
v 0.693859 -0.255531 -0.050000
v 0.677625 -0.259111 0.050000
v 0.677625 -0.259111 -0.050000
v 0.661161 -0.261274 0.050000
v 0.661161 -0.261274 -0.050000
v 0.644500 -0.262000 0.050000
v 0.644500 -0.262000 -0.050000
v 0.626351 -0.261034 0.050000
v 0.626351 -0.261034 -0.050000
v 0.609889 -0.258269 0.050000
v 0.609889 -0.258269 -0.050000
v 0.595094 -0.253906 0.050000
v 0.595094 -0.253906 -0.050000
v 0.581944 -0.248148 0.050000
v 0.581944 -0.248148 -0.050000
v 0.570420 -0.241196 0.050000
v 0.570420 -0.241196 -0.050000
v 0.560500 -0.233250 0.050000
v 0.560500 -0.233250 -0.050000
v 0.552163 -0.224513 0.050000
v 0.552163 -0.224513 -0.050000
v 0.545389 -0.215185 0.050000
v 0.545389 -0.215185 -0.050000
v 0.540156 -0.205469 0.050000
v 0.540156 -0.205469 -0.050000
v 0.536444 -0.195565 0.050000
v 0.536444 -0.195565 -0.050000
v 0.534233 -0.185675 0.050000
v 0.534233 -0.185675 -0.050000
v 0.533500 -0.176000 0.050000
v 0.533500 -0.176000 -0.050000
v 0.539304 -0.143183 0.050000
v 0.539304 -0.143183 -0.050000
v 0.555352 -0.114546 0.050000
v 0.555352 -0.114546 -0.050000
v 0.579593 -0.089063 0.050000
v 0.579593 -0.089063 -0.050000
v 0.609981 -0.065704 0.050000
v 0.609981 -0.065704 -0.050000
v 0.644466 -0.043442 0.050000
v 0.644466 -0.043442 -0.050000
v 0.681000 -0.021250 0.050000
v 0.681000 -0.021250 -0.050000
v 0.717533 0.001900 0.050000
v 0.717533 0.001900 -0.050000
v 0.752018 0.027037 0.050000
v 0.752018 0.027037 -0.050000
v 0.782406 0.055187 0.050000
v 0.782406 0.055187 -0.050000
v 0.806648 0.087380 0.050000
v 0.806648 0.087380 -0.050000
v 0.822696 0.124641 0.050000
v 0.822696 0.124641 -0.050000
v 0.828500 0.168000 0.050000
v 0.828500 0.168000 -0.050000
v 0.826814 0.194899 0.050000
v 0.826814 0.194899 -0.050000
v 0.821847 0.220023 0.050000
v 0.821847 0.220023 -0.050000
v 0.813734 0.243266 0.050000
v 0.813734 0.243266 -0.050000
v 0.802611 0.264518 0.050000
v 0.802611 0.264518 -0.050000
v 0.788613 0.283674 0.050000
v 0.788613 0.283674 -0.050000
v 0.771875 0.300625 0.050000
v 0.771875 0.300625 -0.050000
v 0.752533 0.315263 0.050000
v 0.752533 0.315263 -0.050000
v 0.730722 0.327481 0.050000
v 0.730722 0.327481 -0.050000
v 0.706578 0.337172 0.050000
v 0.706578 0.337172 -0.050000
v 0.680236 0.344227 0.050000
v 0.680236 0.344227 -0.050000
v 0.651832 0.348539 0.050000
v 0.651832 0.348539 -0.050000
v 0.621500 0.350000 0.050000
v 0.621500 0.350000 -0.050000
v 0.608502 0.349667 0.050000
v 0.608502 0.349667 -0.050000
v 0.595519 0.348667 0.050000
v 0.595519 0.348667 -0.050000
v 0.582563 0.347000 0.050000
v 0.582563 0.347000 -0.050000
v 0.569648 0.344667 0.050000
v 0.569648 0.344667 -0.050000
v 0.556789 0.341667 0.050000
v 0.556789 0.341667 -0.050000
v 0.544000 0.338000 0.050000
v 0.544000 0.338000 -0.050000
v 0.531294 0.333667 0.050000
v 0.531294 0.333667 -0.050000
v 0.518685 0.328667 0.050000
v 0.518685 0.328667 -0.050000
v 0.506187 0.323000 0.050000
v 0.506187 0.323000 -0.050000
v 0.493815 0.316667 0.050000
v 0.493815 0.316667 -0.050000
v 0.481581 0.309667 0.050000
v 0.481581 0.309667 -0.050000
v 0.469500 0.302000 0.050000
v 0.469500 0.302000 -0.050000
v 0.469500 0.191000 0.050000
v 0.469500 0.191000 -0.050000
v 0.025954 0.203951 0.050000
v 0.025954 0.203951 -0.050000
v 0.040296 0.215356 0.050000
v 0.040296 0.215356 -0.050000
v 0.054500 0.225297 0.050000
v 0.054500 0.225297 -0.050000
v 0.068537 0.233852 0.050000
v 0.068537 0.233852 -0.050000
v 0.082380 0.241101 0.050000
v 0.082380 0.241101 -0.050000
v 0.096000 0.247125 0.050000
v 0.096000 0.247125 -0.050000
v 0.109370 0.252003 0.050000
v 0.109370 0.252003 -0.050000
v 0.122463 0.255815 0.050000
v 0.122463 0.255815 -0.050000
v 0.135250 0.258641 0.050000
v 0.135250 0.258641 -0.050000
v 0.147704 0.260560 0.050000
v 0.147704 0.260560 -0.050000
v 0.159796 0.261653 0.050000
v 0.159796 0.261653 -0.050000
v 0.171500 0.262000 0.050000
v 0.171500 0.262000 -0.050000
v 0.186859 0.261323 0.050000
v 0.186859 0.261323 -0.050000
v 0.201375 0.259333 0.050000
v 0.201375 0.259333 -0.050000
v 0.214953 0.256094 0.050000
v 0.214953 0.256094 -0.050000
v 0.227500 0.251667 0.050000
v 0.227500 0.251667 -0.050000
v 0.238922 0.246115 0.050000
v 0.238922 0.246115 -0.050000
v 0.249125 0.239500 0.050000
v 0.249125 0.239500 -0.050000
v 0.258016 0.231885 0.050000
v 0.258016 0.231885 -0.050000
v 0.265500 0.223333 0.050000
v 0.265500 0.223333 -0.050000
v 0.271484 0.213906 0.050000
v 0.271484 0.213906 -0.050000
v 0.275875 0.203667 0.050000
v 0.275875 0.203667 -0.050000
v 0.278578 0.192677 0.050000
v 0.278578 0.192677 -0.050000
v 0.279500 0.181000 0.050000
v 0.279500 0.181000 -0.050000
v 0.273696 0.150817 0.050000
v 0.273696 0.150817 -0.050000
v 0.257648 0.124954 0.050000
v 0.257648 0.124954 -0.050000
v 0.233406 0.102187 0.050000
v 0.233406 0.102187 -0.050000
v 0.203018 0.081296 0.050000
v 0.203018 0.081296 -0.050000
v 0.168534 0.061058 0.050000
v 0.168534 0.061058 -0.050000
v 0.132000 0.040250 0.050000
v 0.132000 0.040250 -0.050000
v 0.095466 0.017650 0.050000
v 0.095466 0.017650 -0.050000
v 0.060981 -0.007963 0.050000
v 0.060981 -0.007963 -0.050000
v 0.030594 -0.037813 0.050000
v 0.030594 -0.037813 -0.050000
v 0.006352 -0.073120 0.050000
v 0.006352 -0.073120 -0.050000
v -0.009696 -0.115109 0.050000
v -0.009696 -0.115109 -0.050000
v -0.015500 -0.165000 0.050000
v -0.015500 -0.165000 -0.050000
v -0.013843 -0.191117 0.050000
v -0.013843 -0.191117 -0.050000
v -0.008991 -0.215857 0.050000
v -0.008991 -0.215857 -0.050000
v -0.001125 -0.239047 0.050000
v -0.001125 -0.239047 -0.050000
v 0.009574 -0.260519 0.050000
v 0.009574 -0.260519 -0.050000
v 0.022926 -0.280101 0.050000
v 0.022926 -0.280101 -0.050000
v 0.038750 -0.297625 0.050000
v 0.038750 -0.297625 -0.050000
v 0.056866 -0.312920 0.050000
v 0.056866 -0.312920 -0.050000
v 0.077093 -0.325815 0.050000
v 0.077093 -0.325815 -0.050000
v 0.099250 -0.336141 0.050000
v 0.099250 -0.336141 -0.050000
v 0.123157 -0.343727 0.050000
v 0.123157 -0.343727 -0.050000
v 0.148634 -0.348403 0.050000
v 0.148634 -0.348403 -0.050000
v 0.175500 -0.350000 0.050000
v 0.175500 -0.350000 -0.050000
v 0.193715 -0.349582 0.050000
v 0.193715 -0.349582 -0.050000
v 0.211384 -0.348319 0.050000
v 0.211384 -0.348319 -0.050000
v 0.228547 -0.346203 0.050000
v 0.228547 -0.346203 -0.050000
v 0.245241 -0.343222 0.050000
v 0.245241 -0.343222 -0.050000
v 0.261504 -0.339366 0.050000
v 0.261504 -0.339366 -0.050000
v 0.277375 -0.334625 0.050000
v 0.277375 -0.334625 -0.050000
v 0.292892 -0.328988 0.050000
v 0.292892 -0.328988 -0.050000
v 0.308093 -0.322444 0.050000
v 0.308093 -0.322444 -0.050000
v 0.323016 -0.314984 0.050000
v 0.323016 -0.314984 -0.050000
v 0.337699 -0.306597 0.050000
v 0.337699 -0.306597 -0.050000
v 0.352181 -0.297273 0.050000
v 0.352181 -0.297273 -0.050000
v 0.366500 -0.287000 0.050000
v 0.366500 -0.287000 -0.050000
v 0.366500 -0.163000 0.050000
v 0.366500 -0.163000 -0.050000
v 0.353734 -0.178392 0.050000
v 0.353734 -0.178392 -0.050000
v 0.340458 -0.192556 0.050000
v 0.340458 -0.192556 -0.050000
v 0.326703 -0.205469 0.050000
v 0.326703 -0.205469 -0.050000
v 0.312500 -0.217111 0.050000
v 0.312500 -0.217111 -0.050000
v 0.297880 -0.227462 0.050000
v 0.297880 -0.227462 -0.050000
v 0.282875 -0.236500 0.050000
v 0.282875 -0.236500 -0.050000
v 0.267516 -0.244205 0.050000
v 0.267516 -0.244205 -0.050000
v 0.251833 -0.250556 0.050000
v 0.251833 -0.250556 -0.050000
v 0.235859 -0.255531 0.050000
v 0.235859 -0.255531 -0.050000
v 0.219625 -0.259111 0.050000
v 0.219625 -0.259111 -0.050000
v 0.203161 -0.261274 0.050000
v 0.203161 -0.261274 -0.050000
v 0.186500 -0.262000 0.050000
v 0.186500 -0.262000 -0.050000
v 0.168351 -0.261034 0.050000
v 0.168351 -0.261034 -0.050000
v 0.151889 -0.258269 0.050000
v 0.151889 -0.258269 -0.050000
v 0.137094 -0.253906 0.050000
v 0.137094 -0.253906 -0.050000
v 0.123944 -0.248148 0.050000
v 0.123944 -0.248148 -0.050000
v 0.112420 -0.241196 0.050000
v 0.112420 -0.241196 -0.050000
v 0.102500 -0.233250 0.050000
v 0.102500 -0.233250 -0.050000
v 0.094163 -0.224513 0.050000
v 0.094163 -0.224513 -0.050000
v 0.087389 -0.215185 0.050000
v 0.087389 -0.215185 -0.050000
v 0.082156 -0.205469 0.050000
v 0.082156 -0.205469 -0.050000
v 0.078444 -0.195565 0.050000
v 0.078444 -0.195565 -0.050000
v 0.076233 -0.185675 0.050000
v 0.076233 -0.185675 -0.050000
v 0.075500 -0.176000 0.050000
v 0.075500 -0.176000 -0.050000
v 0.081304 -0.143183 0.050000
v 0.081304 -0.143183 -0.050000
v 0.097352 -0.114546 0.050000
v 0.097352 -0.114546 -0.050000
v 0.121594 -0.089063 0.050000
v 0.121594 -0.089063 -0.050000
v 0.151981 -0.065704 0.050000
v 0.151981 -0.065704 -0.050000
v 0.186466 -0.043442 0.050000
v 0.186466 -0.043442 -0.050000
v 0.223000 -0.021250 0.050000
v 0.223000 -0.021250 -0.050000
v 0.259534 0.001900 0.050000
v 0.259534 0.001900 -0.050000
v 0.294019 0.027037 0.050000
v 0.294019 0.027037 -0.050000
v 0.324406 0.055187 0.050000
v 0.324406 0.055187 -0.050000
v 0.348648 0.087380 0.050000
v 0.348648 0.087380 -0.050000
v 0.364696 0.124641 0.050000
v 0.364696 0.124641 -0.050000
v 0.370500 0.168000 0.050000
v 0.370500 0.168000 -0.050000
v 0.368814 0.194899 0.050000
v 0.368814 0.194899 -0.050000
v 0.363847 0.220023 0.050000
v 0.363847 0.220023 -0.050000
v 0.355734 0.243266 0.050000
v 0.355734 0.243266 -0.050000
v 0.344611 0.264518 0.050000
v 0.344611 0.264518 -0.050000
v 0.330613 0.283674 0.050000
v 0.330613 0.283674 -0.050000
v 0.313875 0.300625 0.050000
v 0.313875 0.300625 -0.050000
v 0.294533 0.315263 0.050000
v 0.294533 0.315263 -0.050000
v 0.272722 0.327481 0.050000
v 0.272722 0.327481 -0.050000
v 0.248578 0.337172 0.050000
v 0.248578 0.337172 -0.050000
v 0.222236 0.344227 0.050000
v 0.222236 0.344227 -0.050000
v 0.193832 0.348539 0.050000
v 0.193832 0.348539 -0.050000
v 0.163500 0.350000 0.050000
v 0.163500 0.350000 -0.050000
v 0.150502 0.349667 0.050000
v 0.150502 0.349667 -0.050000
v 0.137518 0.348667 0.050000
v 0.137518 0.348667 -0.050000
v 0.124562 0.347000 0.050000
v 0.124562 0.347000 -0.050000
v 0.111648 0.344667 0.050000
v 0.111648 0.344667 -0.050000
v 0.098789 0.341667 0.050000
v 0.098789 0.341667 -0.050000
v 0.086000 0.338000 0.050000
v 0.086000 0.338000 -0.050000
v 0.073294 0.333667 0.050000
v 0.073294 0.333667 -0.050000
v 0.060685 0.328667 0.050000
v 0.060685 0.328667 -0.050000
v 0.048187 0.323000 0.050000
v 0.048187 0.323000 -0.050000
v 0.035815 0.316667 0.050000
v 0.035815 0.316667 -0.050000
v 0.023581 0.309667 0.050000
v 0.023581 0.309667 -0.050000
v 0.011500 0.302000 0.050000
v 0.011500 0.302000 -0.050000
v 0.011500 0.191000 0.050000
v 0.011500 0.191000 -0.050000
v -0.123500 -0.341000 0.050000
v -0.123500 -0.341000 -0.050000
v -0.123500 0.341000 0.050000
v -0.123500 0.341000 -0.050000
v -0.221500 0.341000 0.050000
v -0.221500 0.341000 -0.050000
v -0.221500 -0.341000 0.050000
v -0.221500 -0.341000 -0.050000
v -0.762987 0.346742 0.050000
v -0.762987 0.346742 -0.050000
v -0.813810 0.337269 0.050000
v -0.813810 0.337269 -0.050000
v -0.860766 0.322031 0.050000
v -0.860766 0.322031 -0.050000
v -0.903648 0.301481 0.050000
v -0.903648 0.301481 -0.050000
v -0.942253 0.276071 0.050000
v -0.942253 0.276071 -0.050000
v -0.976375 0.246250 0.050000
v -0.976375 0.246250 -0.050000
v -1.005810 0.212471 0.050000
v -1.005810 0.212471 -0.050000
v -1.030352 0.175185 0.050000
v -1.030352 0.175185 -0.050000
v -1.049797 0.134844 0.050000
v -1.049797 0.134844 -0.050000
v -1.063940 0.091898 0.050000
v -1.063940 0.091898 -0.050000
v -1.072576 0.046800 0.050000
v -1.072576 0.046800 -0.050000
v -1.075500 0.000000 0.050000
v -1.075500 -0.000000 -0.050000
v -1.072651 -0.045539 0.050000
v -1.072651 -0.045539 -0.050000
v -1.064209 -0.089815 0.050000
v -1.064209 -0.089815 -0.050000
v -1.050328 -0.132313 0.050000
v -1.050328 -0.132313 -0.050000
v -1.031167 -0.172519 0.050000
v -1.031167 -0.172519 -0.050000
v -1.006880 -0.209919 0.050000
v -1.006880 -0.209919 -0.050000
v -0.977625 -0.244000 0.050000
v -0.977625 -0.244000 -0.050000
v -0.943557 -0.274248 0.050000
v -0.943557 -0.274248 -0.050000
v -0.904833 -0.300148 0.050000
v -0.904833 -0.300148 -0.050000
v -0.861610 -0.321188 0.050000
v -0.861610 -0.321188 -0.050000
v -0.814042 -0.336852 0.050000
v -0.814042 -0.336852 -0.050000
v -0.762287 -0.346627 0.050000
v -0.762287 -0.346627 -0.050000
v -0.706500 -0.350000 0.050000
v -0.706500 -0.350000 -0.050000
v -0.652492 -0.346646 0.050000
v -0.652492 -0.346646 -0.050000
v -0.602106 -0.336921 0.050000
v -0.602106 -0.336921 -0.050000
v -0.555547 -0.321328 0.050000
v -0.555547 -0.321328 -0.050000
v -0.513019 -0.300370 0.050000
v -0.513019 -0.300370 -0.050000
v -0.474726 -0.274552 0.050000
v -0.474726 -0.274552 -0.050000
v -0.440875 -0.244375 0.050000
v -0.440875 -0.244375 -0.050000
v -0.411670 -0.210344 0.050000
v -0.411670 -0.210344 -0.050000
v -0.387315 -0.172963 0.050000
v -0.387315 -0.172963 -0.050000
v -0.368016 -0.132734 0.050000
v -0.368016 -0.132734 -0.050000
v -0.353977 -0.090162 0.050000
v -0.353977 -0.090162 -0.050000
v -0.345403 -0.045749 0.050000
v -0.345403 -0.045749 -0.050000
v -0.342500 0.000000 0.050000
v -0.342500 -0.000000 -0.050000
v -0.345481 0.046590 0.050000
v -0.345481 0.046590 -0.050000
v -0.354264 0.091551 0.050000
v -0.354264 0.091551 -0.050000
v -0.368609 0.134422 0.050000
v -0.368609 0.134422 -0.050000
v -0.388278 0.174741 0.050000
v -0.388278 0.174741 -0.050000
v -0.413030 0.212046 0.050000
v -0.413030 0.212046 -0.050000
v -0.442625 0.245875 0.050000
v -0.442625 0.245875 -0.050000
v -0.476825 0.275767 0.050000
v -0.476825 0.275767 -0.050000
v -0.515389 0.301259 0.050000
v -0.515389 0.301259 -0.050000
v -0.558078 0.321891 0.050000
v -0.558078 0.321891 -0.050000
v -0.604653 0.337199 0.050000
v -0.604653 0.337199 -0.050000
v -0.654873 0.346723 0.050000
v -0.654873 0.346723 -0.050000
v -0.708500 0.350000 0.050000
v -0.708500 0.350000 -0.050000
v -0.745875 -0.257730 0.050000
v -0.745875 -0.257730 -0.050000
v -0.781329 -0.251088 0.050000
v -0.781329 -0.251088 -0.050000
v -0.814610 -0.240328 0.050000
v -0.814610 -0.240328 -0.050000
v -0.845463 -0.225704 0.050000
v -0.845463 -0.225704 -0.050000
v -0.873636 -0.207468 0.050000
v -0.873636 -0.207468 -0.050000
v -0.898875 -0.185875 0.050000
v -0.898875 -0.185875 -0.050000
v -0.920927 -0.161178 0.050000
v -0.920927 -0.161178 -0.050000
v -0.939537 -0.133630 0.050000
v -0.939537 -0.133630 -0.050000
v -0.954453 -0.103484 0.050000
v -0.954453 -0.103484 -0.050000
v -0.965421 -0.070995 0.050000
v -0.965421 -0.070995 -0.050000
v -0.972188 -0.036416 0.050000
v -0.972188 -0.036416 -0.050000
v -0.974500 0.000000 0.050000
v -0.974500 -0.000000 -0.050000
v -0.972188 0.036626 0.050000
v -0.972188 0.036626 -0.050000
v -0.965421 0.071343 0.050000
v -0.965421 0.071343 -0.050000
v -0.954453 0.103906 0.050000
v -0.954453 0.103906 -0.050000
v -0.939537 0.134074 0.050000
v -0.939537 0.134074 -0.050000
v -0.920927 0.161603 0.050000
v -0.920927 0.161603 -0.050000
v -0.898875 0.186250 0.050000
v -0.898875 0.186250 -0.050000
v -0.873636 0.207772 0.050000
v -0.873636 0.207772 -0.050000
v -0.845463 0.225926 0.050000
v -0.845463 0.225926 -0.050000
v -0.814609 0.240469 0.050000
v -0.814609 0.240469 -0.050000
v -0.781329 0.251157 0.050000
v -0.781329 0.251157 -0.050000
v -0.745875 0.257749 0.050000
v -0.745875 0.257749 -0.050000
v -0.708500 0.260000 0.050000
v -0.708500 0.260000 -0.050000
v -0.671355 0.257749 0.050000
v -0.671355 0.257749 -0.050000
v -0.636093 0.251157 0.050000
v -0.636093 0.251157 -0.050000
v -0.602969 0.240469 0.050000
v -0.602969 0.240469 -0.050000
v -0.572241 0.225926 0.050000
v -0.572241 0.225926 -0.050000
v -0.544166 0.207772 0.050000
v -0.544166 0.207772 -0.050000
v -0.519000 0.186250 0.050000
v -0.519000 0.186250 -0.050000
v -0.497001 0.161603 0.050000
v -0.497001 0.161603 -0.050000
v -0.478426 0.134074 0.050000
v -0.478426 0.134074 -0.050000
v -0.463531 0.103906 0.050000
v -0.463531 0.103906 -0.050000
v -0.452574 0.071343 0.050000
v -0.452574 0.071343 -0.050000
v -0.445811 0.036626 0.050000
v -0.445811 0.036626 -0.050000
v -0.443500 0.000000 0.050000
v -0.443500 -0.000000 -0.050000
v -0.445811 -0.036416 0.050000
v -0.445811 -0.036416 -0.050000
v -0.452574 -0.070995 0.050000
v -0.452574 -0.070995 -0.050000
v -0.463531 -0.103484 0.050000
v -0.463531 -0.103484 -0.050000
v -0.478426 -0.133630 0.050000
v -0.478426 -0.133630 -0.050000
v -0.497001 -0.161178 0.050000
v -0.497001 -0.161178 -0.050000
v -0.519000 -0.185875 0.050000
v -0.519000 -0.185875 -0.050000
v -0.544166 -0.207468 0.050000
v -0.544166 -0.207468 -0.050000
v -0.572241 -0.225704 0.050000
v -0.572241 -0.225704 -0.050000
v -0.602969 -0.240328 0.050000
v -0.602969 -0.240328 -0.050000
v -0.636093 -0.251088 0.050000
v -0.636093 -0.251088 -0.050000
v -0.671355 -0.257730 0.050000
v -0.671355 -0.257730 -0.050000
v -0.708500 -0.260000 0.050000
v -0.708500 -0.260000 -0.050000
v -1.742500 -0.341000 0.050000
v -1.742500 -0.341000 -0.050000
v -1.286500 0.184000 0.050000
v -1.286500 0.184000 -0.050000
v -1.286500 -0.341000 0.050000
v -1.286500 -0.341000 -0.050000
v -1.194500 -0.341000 0.050000
v -1.194500 -0.341000 -0.050000
v -1.194500 0.341000 0.050000
v -1.194500 0.341000 -0.050000
v -1.272500 0.341000 0.050000
v -1.272500 0.341000 -0.050000
v -1.734500 -0.187000 0.050000
v -1.734500 -0.187000 -0.050000
v -1.734500 0.341000 0.050000
v -1.734500 0.341000 -0.050000
v -1.826500 0.341000 0.050000
v -1.826500 0.341000 -0.050000
v -1.826500 -0.341000 0.050000
v -1.826500 -0.341000 -0.050000
vn -0.0000 -0.0000 -1.0000
vn -0.0000 -0.0000 1.0000
vn 0.7071 -0.7071 -0.0000
vn -0.4344 -0.9007 -0.0000
vn 0.4344 -0.9007 -0.0000
vn -0.7071 -0.7071 -0.0000
vn 0.7071 0.7071 -0.0000
vn -0.4312 0.9022 -0.0000
vn -0.0011 1.0000 -0.0000
vn 0.4302 0.9027 -0.0000
vn -0.7071 0.7071 -0.0000
vn 0.6451 -0.7641 -0.0000
vn 0.5982 -0.8014 -0.0000
vn 0.5472 -0.8370 -0.0000
vn 0.4924 -0.8703 -0.0000
vn 0.3738 -0.9275 -0.0000
vn 0.3113 -0.9503 -0.0000
vn 0.2478 -0.9688 -0.0000
vn 0.1842 -0.9829 -0.0000
vn 0.1212 -0.9926 -0.0000
vn 0.0598 -0.9982 -0.0000
vn -0.0072 -1.0000 -0.0000
vn -0.0900 -0.9959 -0.0000
vn -0.1842 -0.9829 -0.0000
vn -0.2828 -0.9592 -0.0000
vn -0.3856 -0.9227 -0.0000
vn -0.4915 -0.8709 -0.0000
vn -0.5986 -0.8011 -0.0000
vn -0.7033 -0.7109 -0.0000
vn -0.8007 -0.5990 -0.0000
vn -0.8845 -0.4665 -0.0000
vn -0.9482 -0.3175 -0.0000
vn -0.9872 -0.1593 -0.0000
vn -0.9985 0.0556 -0.0000
vn -0.9314 0.3641 -0.0000
vn -0.7737 0.6335 -0.0000
vn -0.6274 0.7787 -0.0000
vn -0.7738 0.6335 -0.0000
vn -0.5367 0.8438 -0.0000
vn -0.5005 0.8657 -0.0000
vn -0.5106 0.8598 -0.0000
vn -0.5617 0.8274 -0.0000
vn -0.6501 0.7599 -0.0000
vn -0.7661 0.6427 -0.0000
vn -0.8854 0.4648 -0.0000
vn -0.9712 0.2381 -0.0000
vn -0.9997 0.0262 -0.0000
vn -0.9918 -0.1282 -0.0000
vn -0.9663 -0.2574 -0.0000
vn -0.9231 -0.3845 -0.0000
vn -0.8626 -0.5058 -0.0000
vn -0.7860 -0.6182 -0.0000
vn -0.6952 -0.7188 -0.0000
vn -0.5927 -0.8055 -0.0000
vn -0.4810 -0.8767 -0.0000
vn -0.3632 -0.9317 -0.0000
vn -0.2420 -0.9703 -0.0000
vn -0.1202 -0.9928 -0.0000
vn -0.0182 -0.9998 -0.0000
vn 0.0471 -0.9989 -0.0000
vn 0.0968 -0.9953 -0.0000
vn 0.1491 -0.9888 -0.0000
vn 0.2033 -0.9791 -0.0000
vn 0.2586 -0.9660 -0.0000
vn 0.3140 -0.9494 -0.0000
vn 0.3686 -0.9296 -0.0000
vn 0.4214 -0.9069 -0.0000
vn 0.4717 -0.8817 -0.0000
vn 0.5189 -0.8549 -0.0000
vn 0.5623 -0.8269 -0.0000
vn 0.8896 -0.4566 -0.0000
vn 0.3394 0.9406 -0.0000
vn 0.8896 -0.4567 -0.0000
vn -0.7500 0.6614 -0.0000
vn 0.3393 0.9407 -0.0000
vn -0.7074 0.7068 -0.0000
vn -0.6596 0.7516 -0.0000
vn -0.6063 0.7953 -0.0000
vn -0.5473 0.8370 -0.0000
vn -0.4825 0.8759 -0.0000
vn -0.4122 0.9111 -0.0000
vn -0.3367 0.9416 -0.0000
vn -0.2566 0.9665 -0.0000
vn -0.1730 0.9849 -0.0000
vn -0.0870 0.9962 -0.0000
vn 0.0048 1.0000 -0.0000
vn 0.1096 0.9940 -0.0000
vn 0.2246 0.9744 -0.0000
vn 0.3426 0.9395 -0.0000
vn 0.4598 0.8880 -0.0000
vn 0.5721 0.8202 -0.0000
vn 0.6758 0.7371 -0.0000
vn 0.7680 0.6404 -0.0000
vn 0.8467 0.5321 -0.0000
vn 0.9105 0.4135 -0.0000
vn 0.9584 0.2853 -0.0000
vn 0.9891 0.1473 -0.0000
vn 0.9988 -0.0497 -0.0000
vn 0.9418 -0.3362 -0.0000
vn 0.8047 -0.5937 -0.0000
vn 0.6690 -0.7433 -0.0000
vn 0.5764 -0.8172 -0.0000
vn 0.5308 -0.8475 -0.0000
vn 0.5272 -0.8497 -0.0000
vn 0.5624 -0.8268 -0.0000
vn 0.6354 -0.7722 -0.0000
vn 0.7422 -0.6702 -0.0000
vn 0.8648 -0.5021 -0.0000
vn 0.9638 -0.2666 -0.0000
vn 0.9994 -0.0352 -0.0000
vn 0.9917 0.1285 -0.0000
vn 0.9650 0.2624 -0.0000
vn 0.9175 0.3977 -0.0000
vn 0.8490 0.5283 -0.0000
vn 0.7616 0.6481 -0.0000
vn 0.6592 0.7519 -0.0000
vn 0.5474 0.8369 -0.0000
vn 0.4315 0.9021 -0.0000
vn 0.3162 0.9487 -0.0000
vn 0.2047 0.9788 -0.0000
vn 0.0992 0.9951 -0.0000
vn 0.0112 0.9999 -0.0000
vn -0.0512 0.9987 -0.0000
vn -0.1022 0.9948 -0.0000
vn -0.1527 0.9883 -0.0000
vn -0.2026 0.9793 -0.0000
vn -0.2515 0.9679 -0.0000
vn -0.2993 0.9542 -0.0000
vn -0.3458 0.9383 -0.0000
vn -0.3909 0.9204 -0.0000
vn -0.4344 0.9007 -0.0000
vn -0.4763 0.8793 -0.0000
vn -0.5164 0.8564 -0.0000
vn -0.8763 0.4818 -0.0000
vn -0.4079 -0.9130 -0.0000
vn -0.8763 0.4817 -0.0000
vn -0.2465 0.9692 -0.0000
vn -0.1217 0.9926 -0.0000
vn -0.3712 0.9285 -0.0000
vn -0.4921 0.8705 -0.0000
vn -0.6053 0.7960 -0.0000
vn -0.7076 0.7066 -0.0000
vn -0.7964 0.6048 -0.0000
vn -0.8700 0.4931 -0.0000
vn -0.9273 0.3743 -0.0000
vn -0.9680 0.2510 -0.0000
vn -0.9921 0.1255 -0.0000
vn -1.0000 -0.0000 -0.0000
vn -0.9921 -0.1251 -0.0000
vn -0.9684 -0.2494 -0.0000
vn -0.9286 -0.3711 -0.0000
vn -0.8726 -0.4885 -0.0000
vn -0.8005 -0.5993 -0.0000
vn -0.7130 -0.7012 -0.0000
vn -0.6114 -0.7913 -0.0000
vn -0.4980 -0.8672 -0.0000
vn -0.3761 -0.9266 -0.0000
vn -0.2497 -0.9683 -0.0000
vn -0.1232 -0.9924 -0.0000
vn 0.0008 -1.0000 -0.0000
vn 0.1260 -0.9920 -0.0000
vn 0.2541 -0.9672 -0.0000
vn 0.3807 -0.9247 -0.0000
vn 0.5017 -0.8650 -0.0000
vn 0.6136 -0.7896 -0.0000
vn 0.7137 -0.7004 -0.0000
vn 0.8001 -0.5999 -0.0000
vn 0.8716 -0.4902 -0.0000
vn 0.9276 -0.3736 -0.0000
vn 0.9678 -0.2519 -0.0000
vn 0.9919 -0.1267 -0.0000
vn 1.0000 0.0003 -0.0000
vn 0.9918 0.1281 -0.0000
vn 0.9669 0.2551 -0.0000
vn 0.9255 0.3787 -0.0000
vn 0.8679 0.4967 -0.0000
vn 0.7947 0.6070 -0.0000
vn 0.7069 0.7073 -0.0000
vn 0.6061 0.7954 -0.0000
vn 0.4944 0.8692 -0.0000
vn 0.3745 0.9272 -0.0000
vn 0.2498 0.9683 -0.0000
vn 0.1239 0.9923 -0.0000
vn 0.0007 1.0000 -0.0000
vn 0.2464 0.9692 -0.0000
vn 0.1226 0.9925 -0.0000
vn 0.3688 0.9295 -0.0000
vn 0.4869 0.8735 -0.0000
vn 0.3687 0.9295 -0.0000
vn 0.5981 0.8015 -0.0000
vn 0.6996 0.7145 -0.0000
vn 0.7891 0.6143 -0.0000
vn 0.8644 0.5028 -0.0000
vn 0.9239 0.3825 -0.0000
vn 0.9665 0.2565 -0.0000
vn 0.9918 0.1280 -0.0000
vn 1.0000 0.0002 -0.0000
vn 0.9918 -0.1274 -0.0000
vn 0.9667 -0.2558 -0.0000
vn 0.9241 -0.3821 -0.0000
vn 0.8644 -0.5028 -0.0000
vn 0.7887 -0.6148 -0.0000
vn 0.6986 -0.7155 -0.0000
vn 0.5966 -0.8025 -0.0000
vn 0.4851 -0.8745 -0.0000
vn 0.3668 -0.9303 -0.0000
vn 0.2448 -0.9696 -0.0000
vn 0.1217 -0.9926 -0.0000
vn -0.0002 -1.0000 -0.0000
vn -0.1224 -0.9925 -0.0000
vn -0.2459 -0.9693 -0.0000
vn -0.3682 -0.9297 -0.0000
vn -0.4864 -0.8737 -0.0000
vn -0.5978 -0.8016 -0.0000
vn -0.6996 -0.7146 -0.0000
vn -0.7893 -0.6140 -0.0000
vn -0.8648 -0.5022 -0.0000
vn -0.9243 -0.3817 -0.0000
vn -0.9668 -0.2556 -0.0000
vn -0.9919 -0.1274 -0.0000
vn -1.0000 0.0002 -0.0000
vn -0.9918 0.1279 -0.0000
vn -0.9666 0.2563 -0.0000
vn -0.9241 0.3821 -0.0000
vn -0.8648 0.5022 -0.0000
vn -0.7897 0.6135 -0.0000
vn -0.7005 0.7136 -0.0000
vn -0.5993 0.8005 -0.0000
vn -0.4883 0.8727 -0.0000
vn -0.3701 0.9290 -0.0000
vn -0.2475 0.9689 -0.0000
vn -0.1233 0.9924 -0.0000
vn -0.0002 1.0000 -0.0000
vn -0.3500 -0.9367 -0.0000
vn 0.4149 -0.9099 -0.0000
vn -0.3500 -0.9368 -0.0000
vn -0.4132 0.9106 -0.0000
vn 0.3517 0.9361 -0.0000
vt 0.333333 0.000000
vt 0.555556 0.000000
vt 0.444444 0.000000
vt 0.111111 0.000000
vt 0.666667 0.000000
vt 0.888889 0.000000
vt 0.777778 0.000000
vt 1.000000 0.000000
vt 0.222222 0.000000
vt 0.000000 0.000000
vt 0.484211 0.000000
vt 0.494737 0.000000
vt 0.010526 0.000000
vt 0.473684 0.000000
vt 0.021053 0.000000
vt 0.463158 0.000000
vt 0.031579 0.000000
vt 0.452632 0.000000
vt 0.042105 0.000000
vt 0.442105 0.000000
vt 0.052632 0.000000
vt 0.431579 0.000000
vt 0.747368 0.000000
vt 0.757895 0.000000
vt 0.736842 0.000000
vt 0.768421 0.000000
vt 0.726316 0.000000
vt 0.778947 0.000000
vt 0.715789 0.000000
vt 0.063158 0.000000
vt 0.421053 0.000000
vt 0.789474 0.000000
vt 0.705263 0.000000
vt 0.800000 0.000000
vt 0.694737 0.000000
vt 0.073684 0.000000
vt 0.410526 0.000000
vt 0.810526 0.000000
vt 0.684211 0.000000
vt 0.821053 0.000000
vt 0.673684 0.000000
vt 0.084211 0.000000
vt 0.400000 0.000000
vt 0.831579 0.000000
vt 0.663158 0.000000
vt 0.094737 0.000000
vt 0.389474 0.000000
vt 0.842105 0.000000
vt 0.652632 0.000000
vt 0.642105 0.000000
vt 0.852632 0.000000
vt 0.105263 0.000000
vt 0.378947 0.000000
vt 0.631579 0.000000
vt 0.863158 0.000000
vt 0.115789 0.000000
vt 0.368421 0.000000
vt 0.621053 0.000000
vt 0.873684 0.000000
vt 0.357895 0.000000
vt 0.884211 0.000000
vt 0.610526 0.000000
vt 0.126316 0.000000
vt 0.600000 0.000000
vt 0.894737 0.000000
vt 0.136842 0.000000
vt 0.347368 0.000000
vt 0.589474 0.000000
vt 0.905263 0.000000
vt 0.147368 0.000000
vt 0.336842 0.000000
vt 0.578947 0.000000
vt 0.915789 0.000000
vt 0.157895 0.000000
vt 0.326316 0.000000
vt 0.568421 0.000000
vt 0.926316 0.000000
vt 0.557895 0.000000
vt 0.936842 0.000000
vt 0.168421 0.000000
vt 0.315789 0.000000
vt 0.547368 0.000000
vt 0.947368 0.000000
vt 0.536842 0.000000
vt 0.957895 0.000000
vt 0.178947 0.000000
vt 0.305263 0.000000
vt 0.526316 0.000000
vt 0.968421 0.000000
vt 0.515789 0.000000
vt 0.978947 0.000000
vt 0.189474 0.000000
vt 0.294737 0.000000
vt 0.505263 0.000000
vt 0.989474 0.000000
vt 0.200000 0.000000
vt 0.284211 0.000000
vt 0.210526 0.000000
vt 0.273684 0.000000
vt 0.221053 0.000000
vt 0.263158 0.000000
vt 0.231579 0.000000
vt 0.252632 0.000000
vt 0.242105 0.000000
vt 0.884298 0.000000
vt 0.900826 0.000000
vt 0.892562 0.000000
vt 0.909091 0.000000
vt 0.917355 0.000000
vt 0.876033 0.000000
vt 0.925620 0.000000
vt 0.933884 0.000000
vt 0.867769 0.000000
vt 0.942149 0.000000
vt 0.950413 0.000000
vt 0.859504 0.000000
vt 0.958678 0.000000
vt 0.966942 0.000000
vt 0.851240 0.000000
vt 0.975207 0.000000
vt 0.983471 0.000000
vt 0.842975 0.000000
vt 0.991736 0.000000
vt 0.057851 0.000000
vt 0.049587 0.000000
vt 0.041322 0.000000
vt 0.033058 0.000000
vt 0.024793 0.000000
vt 0.016529 0.000000
vt 0.008264 0.000000
vt 0.834711 0.000000
vt 0.074380 0.000000
vt 0.066116 0.000000
vt 0.826446 0.000000
vt 0.090909 0.000000
vt 0.082645 0.000000
vt 0.818182 0.000000
vt 0.099174 0.000000
vt 0.107438 0.000000
vt 0.115702 0.000000
vt 0.123967 0.000000
vt 0.132231 0.000000
vt 0.140496 0.000000
vt 0.809917 0.000000
vt 0.148760 0.000000
vt 0.157025 0.000000
vt 0.165289 0.000000
vt 0.801653 0.000000
vt 0.173554 0.000000
vt 0.181818 0.000000
vt 0.793388 0.000000
vt 0.190083 0.000000
vt 0.198347 0.000000
vt 0.785124 0.000000
vt 0.206612 0.000000
vt 0.214876 0.000000
vt 0.776860 0.000000
vt 0.223140 0.000000
vt 0.768595 0.000000
vt 0.231405 0.000000
vt 0.239669 0.000000
vt 0.760331 0.000000
vt 0.247934 0.000000
vt 0.752066 0.000000
vt 0.256198 0.000000
vt 0.743802 0.000000
vt 0.264463 0.000000
vt 0.735537 0.000000
vt 0.272727 0.000000
vt 0.727273 0.000000
vt 0.719008 0.000000
vt 0.280992 0.000000
vt 0.710744 0.000000
vt 0.702479 0.000000
vt 0.289256 0.000000
vt 0.694215 0.000000
vt 0.487603 0.000000
vt 0.504132 0.000000
vt 0.495868 0.000000
vt 0.297521 0.000000
vt 0.685950 0.000000
vt 0.512397 0.000000
vt 0.677686 0.000000
vt 0.305785 0.000000
vt 0.520661 0.000000
vt 0.669421 0.000000
vt 0.528926 0.000000
vt 0.661157 0.000000
vt 0.652893 0.000000
vt 0.314050 0.000000
vt 0.537190 0.000000
vt 0.644628 0.000000
vt 0.545455 0.000000
vt 0.636364 0.000000
vt 0.553719 0.000000
vt 0.322314 0.000000
vt 0.628099 0.000000
vt 0.561983 0.000000
vt 0.619835 0.000000
vt 0.570248 0.000000
vt 0.611570 0.000000
vt 0.578512 0.000000
vt 0.603306 0.000000
vt 0.586777 0.000000
vt 0.330579 0.000000
vt 0.595041 0.000000
vt 0.338843 0.000000
vt 0.479339 0.000000
vt 0.471074 0.000000
vt 0.347107 0.000000
vt 0.462810 0.000000
vt 0.355372 0.000000
vt 0.454545 0.000000
vt 0.446281 0.000000
vt 0.363636 0.000000
vt 0.438017 0.000000
vt 0.429752 0.000000
vt 0.371901 0.000000
vt 0.421488 0.000000
vt 0.413223 0.000000
vt 0.380165 0.000000
vt 0.404959 0.000000
vt 0.396694 0.000000
vt 0.388430 0.000000
vt 0.571429 0.000000
vt 0.714286 0.000000
vt 0.642857 0.000000
vt 0.428571 0.000000
vt 0.357143 0.000000
vt 0.785714 0.000000
vt 0.928571 0.000000
vt 0.857143 0.000000
vt 0.142857 0.000000
vt 0.071429 0.000000
vt 0.500000 0.000000
vt 0.285714 0.000000
vt 0.214286 0.000000
vt 0.066667 1.000000
vt 0.000000 1.000000
vt 0.133333 1.000000
vt 0.066667 0.000000
vt 0.200000 1.000000
vt 0.133333 0.000000
vt 0.266667 1.000000
vt 0.333333 1.000000
vt 0.266667 0.000000
vt 0.400000 1.000000
vt 0.466667 1.000000
vt 0.533333 1.000000
vt 0.466667 0.000000
vt 0.533333 0.000000
vt 0.666667 1.000000
vt 0.600000 1.000000
vt 0.733333 1.000000
vt 0.800000 1.000000
vt 0.733333 0.000000
vt 0.866667 1.000000
vt 0.933333 1.000000
vt 0.866667 0.000000
vt 1.000000 1.000000
vt 0.933333 0.000000
vt 0.250000 0.000000
vt 0.500000 1.000000
vt 0.250000 1.000000
vt 0.750000 1.000000
vt 0.750000 0.000000
vt 0.008197 0.000000
vt 0.016393 1.000000
vt 0.008197 1.000000
vt 0.024590 1.000000
vt 0.016393 0.000000
vt 0.032787 1.000000
vt 0.024590 0.000000
vt 0.040984 1.000000
vt 0.032787 0.000000
vt 0.049180 1.000000
vt 0.040984 0.000000
vt 0.057377 1.000000
vt 0.049180 0.000000
vt 0.065574 1.000000
vt 0.057377 0.000000
vt 0.073770 1.000000
vt 0.065574 0.000000
vt 0.081967 1.000000
vt 0.073770 0.000000
vt 0.090164 1.000000
vt 0.081967 0.000000
vt 0.098361 1.000000
vt 0.090164 0.000000
vt 0.106557 1.000000
vt 0.098361 0.000000
vt 0.114754 1.000000
vt 0.106557 0.000000
vt 0.122951 1.000000
vt 0.114754 0.000000
vt 0.131148 1.000000
vt 0.122951 0.000000
vt 0.139344 1.000000
vt 0.131148 0.000000
vt 0.147541 1.000000
vt 0.139344 0.000000
vt 0.155738 1.000000
vt 0.147541 0.000000
vt 0.163934 1.000000
vt 0.155738 0.000000
vt 0.172131 1.000000
vt 0.163934 0.000000
vt 0.180328 1.000000
vt 0.172131 0.000000
vt 0.188525 1.000000
vt 0.180328 0.000000
vt 0.196721 1.000000
vt 0.188525 0.000000
vt 0.204918 1.000000
vt 0.196721 0.000000
vt 0.213115 1.000000
vt 0.204918 0.000000
vt 0.221311 1.000000
vt 0.213115 0.000000
vt 0.229508 1.000000
vt 0.221311 0.000000
vt 0.237705 1.000000
vt 0.229508 0.000000
vt 0.245902 1.000000
vt 0.237705 0.000000
vt 0.254098 1.000000
vt 0.245902 0.000000
vt 0.262295 0.000000
vt 0.254098 0.000000
vt 0.270492 1.000000
vt 0.262295 1.000000
vt 0.278689 1.000000
vt 0.270492 0.000000
vt 0.286885 1.000000
vt 0.278689 0.000000
vt 0.295082 1.000000
vt 0.286885 0.000000
vt 0.303279 1.000000
vt 0.295082 0.000000
vt 0.311475 1.000000
vt 0.303279 0.000000
vt 0.319672 1.000000
vt 0.311475 0.000000
vt 0.327869 1.000000
vt 0.319672 0.000000
vt 0.336066 1.000000
vt 0.327869 0.000000
vt 0.344262 1.000000
vt 0.336066 0.000000
vt 0.352459 1.000000
vt 0.344262 0.000000
vt 0.360656 1.000000
vt 0.352459 0.000000
vt 0.368852 1.000000
vt 0.360656 0.000000
vt 0.377049 1.000000
vt 0.368852 0.000000
vt 0.385246 1.000000
vt 0.377049 0.000000
vt 0.393443 1.000000
vt 0.385246 0.000000
vt 0.401639 1.000000
vt 0.393443 0.000000
vt 0.409836 1.000000
vt 0.401639 0.000000
vt 0.418033 1.000000
vt 0.409836 0.000000
vt 0.426230 1.000000
vt 0.418033 0.000000
vt 0.434426 1.000000
vt 0.426230 0.000000
vt 0.442623 1.000000
vt 0.434426 0.000000
vt 0.450820 1.000000
vt 0.442623 0.000000
vt 0.459016 1.000000
vt 0.450820 0.000000
vt 0.467213 1.000000
vt 0.459016 0.000000
vt 0.475410 0.000000
vt 0.467213 0.000000
vt 0.483607 1.000000
vt 0.475410 1.000000
vt 0.491803 0.000000
vt 0.483607 0.000000
vt 0.491803 1.000000
vt 0.508197 1.000000
vt 0.516393 1.000000
vt 0.508197 0.000000
vt 0.524590 1.000000
vt 0.516393 0.000000
vt 0.532787 1.000000
vt 0.524590 0.000000
vt 0.540984 1.000000
vt 0.532787 0.000000
vt 0.549180 1.000000
vt 0.540984 0.000000
vt 0.557377 1.000000
vt 0.549180 0.000000
vt 0.565574 1.000000
vt 0.557377 0.000000
vt 0.573770 1.000000
vt 0.565574 0.000000
vt 0.581967 1.000000
vt 0.573770 0.000000
vt 0.590164 1.000000
vt 0.581967 0.000000
vt 0.598361 1.000000
vt 0.590164 0.000000
vt 0.606557 1.000000
vt 0.598361 0.000000
vt 0.614754 1.000000
vt 0.606557 0.000000
vt 0.622951 1.000000
vt 0.614754 0.000000
vt 0.631148 1.000000
vt 0.622951 0.000000
vt 0.639344 1.000000
vt 0.631148 0.000000
vt 0.647541 1.000000
vt 0.639344 0.000000
vt 0.655738 1.000000
vt 0.647541 0.000000
vt 0.663934 0.000000
vt 0.655738 0.000000
vt 0.672131 1.000000
vt 0.663934 1.000000
vt 0.680328 1.000000
vt 0.672131 0.000000
vt 0.688525 1.000000
vt 0.680328 0.000000
vt 0.696721 1.000000
vt 0.688525 0.000000
vt 0.704918 0.000000
vt 0.696721 0.000000
vt 0.713115 1.000000
vt 0.704918 1.000000
vt 0.721311 1.000000
vt 0.713115 0.000000
vt 0.729508 1.000000
vt 0.721311 0.000000
vt 0.737705 0.000000
vt 0.729508 0.000000
vt 0.745902 1.000000
vt 0.737705 1.000000
vt 0.754098 1.000000
vt 0.745902 0.000000
vt 0.762295 0.000000
vt 0.754098 0.000000
vt 0.770492 1.000000
vt 0.762295 1.000000
vt 0.778689 1.000000
vt 0.770492 0.000000
vt 0.786885 0.000000
vt 0.778689 0.000000
vt 0.795082 1.000000
vt 0.786885 1.000000
vt 0.803279 0.000000
vt 0.795082 0.000000
vt 0.811475 1.000000
vt 0.803279 1.000000
vt 0.819672 1.000000
vt 0.811475 0.000000
vt 0.827869 1.000000
vt 0.819672 0.000000
vt 0.836066 0.000000
vt 0.827869 0.000000
vt 0.844262 1.000000
vt 0.836066 1.000000
vt 0.852459 1.000000
vt 0.844262 0.000000
vt 0.860656 1.000000
vt 0.852459 0.000000
vt 0.868852 1.000000
vt 0.860656 0.000000
vt 0.877049 1.000000
vt 0.868852 0.000000
vt 0.885246 1.000000
vt 0.877049 0.000000
vt 0.893443 1.000000
vt 0.885246 0.000000
vt 0.901639 1.000000
vt 0.893443 0.000000
vt 0.909836 1.000000
vt 0.901639 0.000000
vt 0.918033 1.000000
vt 0.909836 0.000000
vt 0.926230 1.000000
vt 0.918033 0.000000
vt 0.934426 1.000000
vt 0.926230 0.000000
vt 0.942623 1.000000
vt 0.934426 0.000000
vt 0.950820 1.000000
vt 0.942623 0.000000
vt 0.959016 1.000000
vt 0.950820 0.000000
vt 0.967213 1.000000
vt 0.959016 0.000000
vt 0.975410 1.000000
vt 0.967213 0.000000
vt 0.983607 1.000000
vt 0.975410 0.000000
vt 0.991803 1.000000
vt 0.983607 0.000000
vt 0.991803 0.000000
vt 0.020833 1.000000
vt 0.041667 1.000000
vt 0.020833 0.000000
vt 0.062500 1.000000
vt 0.041667 0.000000
vt 0.083333 1.000000
vt 0.062500 0.000000
vt 0.104167 1.000000
vt 0.083333 0.000000
vt 0.125000 1.000000
vt 0.104167 0.000000
vt 0.145833 1.000000
vt 0.125000 0.000000
vt 0.166667 1.000000
vt 0.145833 0.000000
vt 0.187500 1.000000
vt 0.166667 0.000000
vt 0.208333 0.000000
vt 0.187500 0.000000
vt 0.229167 1.000000
vt 0.208333 1.000000
vt 0.229167 0.000000
vt 0.270833 0.000000
vt 0.291667 1.000000
vt 0.270833 1.000000
vt 0.312500 1.000000
vt 0.291667 0.000000
vt 0.312500 0.000000
vt 0.354167 1.000000
vt 0.375000 1.000000
vt 0.354167 0.000000
vt 0.395833 1.000000
vt 0.375000 0.000000
vt 0.416667 1.000000
vt 0.395833 0.000000
vt 0.437500 1.000000
vt 0.416667 0.000000
vt 0.458333 1.000000
vt 0.437500 0.000000
vt 0.479167 1.000000
vt 0.458333 0.000000
vt 0.479167 0.000000
vt 0.520833 1.000000
vt 0.541667 1.000000
vt 0.520833 0.000000
vt 0.562500 1.000000
vt 0.541667 0.000000
vt 0.583333 0.000000
vt 0.562500 0.000000
vt 0.604167 1.000000
vt 0.583333 1.000000
vt 0.625000 0.000000
vt 0.604167 0.000000
vt 0.645833 1.000000
vt 0.625000 1.000000
vt 0.645833 0.000000
vt 0.687500 0.000000
vt 0.708333 1.000000
vt 0.687500 1.000000
vt 0.729167 0.000000
vt 0.708333 0.000000
vt 0.729167 1.000000
vt 0.770833 1.000000
vt 0.791667 0.000000
vt 0.770833 0.000000
vt 0.812500 1.000000
vt 0.791667 1.000000
vt 0.833333 1.000000
vt 0.812500 0.000000
vt 0.854167 0.000000
vt 0.833333 0.000000
vt 0.875000 1.000000
vt 0.854167 1.000000
vt 0.895833 0.000000
vt 0.875000 0.000000
vt 0.916667 1.000000
vt 0.895833 1.000000
vt 0.937500 1.000000
vt 0.916667 0.000000
vt 0.958333 1.000000
vt 0.937500 0.000000
vt 0.979167 1.000000
vt 0.958333 0.000000
vt 0.979167 0.000000
vt 0.100000 1.000000
vt 0.100000 0.000000
vt 0.300000 1.000000
vt 0.300000 0.000000
vt 0.700000 1.000000
vt 0.700000 0.000000
vt 0.900000 1.000000
vt 0.900000 0.000000
s 0
usemtl マテリアル.005
f 4/1/1 6/2/1 5/3/1
f 4/1/1 2/4/1 6/2/1
f 2/4/1 7/5/1 6/2/1
f 7/5/1 9/6/1 8/7/1
f 7/5/1 10/8/1 9/6/1
f 4/1/1 3/9/1 2/4/1
f 1/10/1 7/5/1 2/4/1
f 1/10/1 10/8/1 7/5/1
f 57/11/1 11/10/1 58/12/1
f 57/11/1 12/13/1 11/10/1
f 56/14/1 12/13/1 57/11/1
f 56/14/1 13/15/1 12/13/1
f 55/16/1 13/15/1 56/14/1
f 55/16/1 14/17/1 13/15/1
f 54/18/1 14/17/1 55/16/1
f 54/18/1 15/19/1 14/17/1
f 53/20/1 15/19/1 54/18/1
f 53/20/1 16/21/1 15/19/1
f 52/22/1 82/23/1 53/20/1
f 82/23/1 16/21/1 53/20/1
f 52/22/1 83/24/1 82/23/1
f 81/25/1 16/21/1 82/23/1
f 52/22/1 84/26/1 83/24/1
f 80/27/1 16/21/1 81/25/1
f 52/22/1 85/28/1 84/26/1
f 79/29/1 16/21/1 80/27/1
f 79/29/1 17/30/1 16/21/1
f 51/31/1 85/28/1 52/22/1
f 51/31/1 86/32/1 85/28/1
f 78/33/1 17/30/1 79/29/1
f 51/31/1 87/34/1 86/32/1
f 77/35/1 17/30/1 78/33/1
f 77/35/1 18/36/1 17/30/1
f 50/37/1 87/34/1 51/31/1
f 50/37/1 88/38/1 87/34/1
f 76/39/1 18/36/1 77/35/1
f 50/37/1 89/40/1 88/38/1
f 75/41/1 18/36/1 76/39/1
f 75/41/1 19/42/1 18/36/1
f 49/43/1 89/40/1 50/37/1
f 49/43/1 90/44/1 89/40/1
f 74/45/1 19/42/1 75/41/1
f 74/45/1 20/46/1 19/42/1
f 48/47/1 90/44/1 49/43/1
f 48/47/1 91/48/1 90/44/1
f 73/49/1 20/46/1 74/45/1
f 72/50/1 20/46/1 73/49/1
f 48/47/1 92/51/1 91/48/1
f 72/50/1 21/52/1 20/46/1
f 47/53/1 92/51/1 48/47/1
f 71/54/1 21/52/1 72/50/1
f 47/53/1 93/55/1 92/51/1
f 71/54/1 22/56/1 21/52/1
f 46/57/1 93/55/1 47/53/1
f 70/58/1 22/56/1 71/54/1
f 46/57/1 94/59/1 93/55/1
f 45/60/1 94/59/1 46/57/1
f 45/60/1 95/61/1 94/59/1
f 69/62/1 22/56/1 70/58/1
f 69/62/1 23/63/1 22/56/1
f 68/64/1 23/63/1 69/62/1
f 45/60/1 96/65/1 95/61/1
f 68/64/1 24/66/1 23/63/1
f 44/67/1 96/65/1 45/60/1
f 67/68/1 24/66/1 68/64/1
f 44/67/1 97/69/1 96/65/1
f 67/68/1 25/70/1 24/66/1
f 43/71/1 97/69/1 44/67/1
f 66/72/1 25/70/1 67/68/1
f 43/71/1 98/73/1 97/69/1
f 66/72/1 26/74/1 25/70/1
f 42/75/1 98/73/1 43/71/1
f 65/76/1 26/74/1 66/72/1
f 42/75/1 99/77/1 98/73/1
f 64/78/1 26/74/1 65/76/1
f 42/75/1 100/79/1 99/77/1
f 64/78/1 27/80/1 26/74/1
f 41/81/1 100/79/1 42/75/1
f 63/82/1 27/80/1 64/78/1
f 41/81/1 101/83/1 100/79/1
f 62/84/1 27/80/1 63/82/1
f 41/81/1 102/85/1 101/83/1
f 62/84/1 28/86/1 27/80/1
f 40/87/1 102/85/1 41/81/1
f 61/88/1 28/86/1 62/84/1
f 40/87/1 103/89/1 102/85/1
f 60/90/1 28/86/1 61/88/1
f 40/87/1 104/91/1 103/89/1
f 60/90/1 29/92/1 28/86/1
f 39/93/1 104/91/1 40/87/1
f 59/94/1 29/92/1 60/90/1
f 39/93/1 105/95/1 104/91/1
f 106/8/1 29/92/1 59/94/1
f 39/93/1 106/8/1 105/95/1
f 39/93/1 29/92/1 106/8/1
f 39/93/1 30/96/1 29/92/1
f 38/97/1 30/96/1 39/93/1
f 38/97/1 31/98/1 30/96/1
f 37/99/1 31/98/1 38/97/1
f 37/99/1 32/100/1 31/98/1
f 36/101/1 32/100/1 37/99/1
f 36/101/1 33/102/1 32/100/1
f 35/103/1 33/102/1 36/101/1
f 35/103/1 34/104/1 33/102/1
f 107/10/1 109/5/1 108/1/1
f 107/10/1 110/8/1 109/5/1
f 218/105/1 220/106/1 219/107/1
f 218/105/1 221/108/1 220/106/1
f 218/105/1 222/109/1 221/108/1
f 217/110/1 222/109/1 218/105/1
f 217/110/1 223/111/1 222/109/1
f 217/110/1 224/112/1 223/111/1
f 216/113/1 224/112/1 217/110/1
f 216/113/1 225/114/1 224/112/1
f 216/113/1 226/115/1 225/114/1
f 215/116/1 226/115/1 216/113/1
f 215/116/1 227/117/1 226/115/1
f 215/116/1 228/118/1 227/117/1
f 214/119/1 228/118/1 215/116/1
f 214/119/1 229/120/1 228/118/1
f 214/119/1 230/121/1 229/120/1
f 213/122/1 230/121/1 214/119/1
f 213/122/1 231/123/1 230/121/1
f 213/122/1 118/124/1 231/123/1
f 118/124/1 117/125/1 231/123/1
f 117/125/1 116/126/1 231/123/1
f 116/126/1 115/127/1 231/123/1
f 115/127/1 114/128/1 231/123/1
f 114/128/1 113/129/1 231/123/1
f 113/129/1 112/130/1 231/123/1
f 112/130/1 111/10/1 231/123/1
f 111/10/1 232/8/1 231/123/1
f 212/131/1 120/132/1 213/122/1
f 120/132/1 119/133/1 213/122/1
f 119/133/1 118/124/1 213/122/1
f 211/134/1 122/135/1 212/131/1
f 122/135/1 121/136/1 212/131/1
f 121/136/1 120/132/1 212/131/1
f 210/137/1 123/138/1 211/134/1
f 123/138/1 122/135/1 211/134/1
f 210/137/1 124/139/1 123/138/1
f 210/137/1 125/140/1 124/139/1
f 210/137/1 126/141/1 125/140/1
f 210/137/1 127/142/1 126/141/1
f 210/137/1 128/143/1 127/142/1
f 209/144/1 128/143/1 210/137/1
f 209/144/1 129/145/1 128/143/1
f 209/144/1 130/146/1 129/145/1
f 209/144/1 131/147/1 130/146/1
f 208/148/1 131/147/1 209/144/1
f 208/148/1 132/149/1 131/147/1
f 208/148/1 133/150/1 132/149/1
f 207/151/1 133/150/1 208/148/1
f 207/151/1 134/152/1 133/150/1
f 207/151/1 135/153/1 134/152/1
f 206/154/1 135/153/1 207/151/1
f 206/154/1 136/155/1 135/153/1
f 206/154/1 137/156/1 136/155/1
f 205/157/1 137/156/1 206/154/1
f 205/157/1 138/158/1 137/156/1
f 204/159/1 138/158/1 205/157/1
f 204/159/1 139/160/1 138/158/1
f 204/159/1 140/161/1 139/160/1
f 203/162/1 140/161/1 204/159/1
f 203/162/1 141/163/1 140/161/1
f 202/164/1 141/163/1 203/162/1
f 202/164/1 142/165/1 141/163/1
f 201/166/1 142/165/1 202/164/1
f 201/166/1 143/167/1 142/165/1
f 200/168/1 143/167/1 201/166/1
f 200/168/1 144/169/1 143/167/1
f 199/170/1 144/169/1 200/168/1
f 198/171/1 144/169/1 199/170/1
f 198/171/1 145/172/1 144/169/1
f 197/173/1 145/172/1 198/171/1
f 196/174/1 145/172/1 197/173/1
f 196/174/1 146/175/1 145/172/1
f 195/176/1 146/175/1 196/174/1
f 170/177/1 172/178/1 171/179/1
f 195/176/1 147/180/1 146/175/1
f 194/181/1 147/180/1 195/176/1
f 170/177/1 173/182/1 172/178/1
f 193/183/1 147/180/1 194/181/1
f 193/183/1 148/184/1 147/180/1
f 170/177/1 174/185/1 173/182/1
f 192/186/1 148/184/1 193/183/1
f 170/177/1 175/187/1 174/185/1
f 191/188/1 148/184/1 192/186/1
f 190/189/1 148/184/1 191/188/1
f 190/189/1 149/190/1 148/184/1
f 170/177/1 176/191/1 175/187/1
f 189/192/1 149/190/1 190/189/1
f 170/177/1 177/193/1 176/191/1
f 188/194/1 149/190/1 189/192/1
f 170/177/1 178/195/1 177/193/1
f 188/194/1 150/196/1 149/190/1
f 187/197/1 150/196/1 188/194/1
f 170/177/1 179/198/1 178/195/1
f 186/199/1 150/196/1 187/197/1
f 170/177/1 180/200/1 179/198/1
f 185/201/1 150/196/1 186/199/1
f 170/177/1 181/202/1 180/200/1
f 184/203/1 150/196/1 185/201/1
f 170/177/1 182/204/1 181/202/1
f 184/203/1 151/205/1 150/196/1
f 183/206/1 151/205/1 184/203/1
f 170/177/1 183/206/1 182/204/1
f 170/177/1 151/205/1 183/206/1
f 170/177/1 152/207/1 151/205/1
f 169/208/1 152/207/1 170/177/1
f 168/209/1 152/207/1 169/208/1
f 168/209/1 153/210/1 152/207/1
f 167/211/1 153/210/1 168/209/1
f 167/211/1 154/212/1 153/210/1
f 166/213/1 154/212/1 167/211/1
f 165/214/1 154/212/1 166/213/1
f 165/214/1 155/215/1 154/212/1
f 164/216/1 155/215/1 165/214/1
f 163/217/1 155/215/1 164/216/1
f 163/217/1 156/218/1 155/215/1
f 162/219/1 156/218/1 163/217/1
f 161/220/1 156/218/1 162/219/1
f 161/220/1 157/221/1 156/218/1
f 160/222/1 157/221/1 161/220/1
f 159/223/1 157/221/1 160/222/1
f 159/223/1 158/224/1 157/221/1
f 340/105/1 342/106/1 341/107/1
f 340/105/1 343/108/1 342/106/1
f 340/105/1 344/109/1 343/108/1
f 339/110/1 344/109/1 340/105/1
f 339/110/1 345/111/1 344/109/1
f 339/110/1 346/112/1 345/111/1
f 338/113/1 346/112/1 339/110/1
f 338/113/1 347/114/1 346/112/1
f 338/113/1 348/115/1 347/114/1
f 337/116/1 348/115/1 338/113/1
f 337/116/1 349/117/1 348/115/1
f 337/116/1 350/118/1 349/117/1
f 336/119/1 350/118/1 337/116/1
f 336/119/1 351/120/1 350/118/1
f 336/119/1 352/121/1 351/120/1
f 335/122/1 352/121/1 336/119/1
f 335/122/1 353/123/1 352/121/1
f 335/122/1 240/124/1 353/123/1
f 240/124/1 239/125/1 353/123/1
f 239/125/1 238/126/1 353/123/1
f 238/126/1 237/127/1 353/123/1
f 237/127/1 236/128/1 353/123/1
f 236/128/1 235/129/1 353/123/1
f 235/129/1 234/130/1 353/123/1
f 234/130/1 233/10/1 353/123/1
f 233/10/1 354/8/1 353/123/1
f 334/131/1 242/132/1 335/122/1
f 242/132/1 241/133/1 335/122/1
f 241/133/1 240/124/1 335/122/1
f 333/134/1 244/135/1 334/131/1
f 244/135/1 243/136/1 334/131/1
f 243/136/1 242/132/1 334/131/1
f 332/137/1 245/138/1 333/134/1
f 245/138/1 244/135/1 333/134/1
f 332/137/1 246/139/1 245/138/1
f 332/137/1 247/140/1 246/139/1
f 332/137/1 248/141/1 247/140/1
f 332/137/1 249/142/1 248/141/1
f 332/137/1 250/143/1 249/142/1
f 331/144/1 250/143/1 332/137/1
f 331/144/1 251/145/1 250/143/1
f 331/144/1 252/146/1 251/145/1
f 331/144/1 253/147/1 252/146/1
f 330/148/1 253/147/1 331/144/1
f 330/148/1 254/149/1 253/147/1
f 330/148/1 255/150/1 254/149/1
f 329/151/1 255/150/1 330/148/1
f 329/151/1 256/152/1 255/150/1
f 329/151/1 257/153/1 256/152/1
f 328/154/1 257/153/1 329/151/1
f 328/154/1 258/155/1 257/153/1
f 328/154/1 259/156/1 258/155/1
f 327/157/1 259/156/1 328/154/1
f 327/157/1 260/158/1 259/156/1
f 326/159/1 260/158/1 327/157/1
f 326/159/1 261/160/1 260/158/1
f 326/159/1 262/161/1 261/160/1
f 325/162/1 262/161/1 326/159/1
f 325/162/1 263/163/1 262/161/1
f 324/164/1 263/163/1 325/162/1
f 324/164/1 264/165/1 263/163/1
f 323/166/1 264/165/1 324/164/1
f 323/166/1 265/167/1 264/165/1
f 322/168/1 265/167/1 323/166/1
f 322/168/1 266/169/1 265/167/1
f 321/170/1 266/169/1 322/168/1
f 320/171/1 266/169/1 321/170/1
f 320/171/1 267/172/1 266/169/1
f 319/173/1 267/172/1 320/171/1
f 318/174/1 267/172/1 319/173/1
f 318/174/1 268/175/1 267/172/1
f 317/176/1 268/175/1 318/174/1
f 292/177/1 294/178/1 293/179/1
f 317/176/1 269/180/1 268/175/1
f 316/181/1 269/180/1 317/176/1
f 292/177/1 295/182/1 294/178/1
f 315/183/1 269/180/1 316/181/1
f 315/183/1 270/184/1 269/180/1
f 292/177/1 296/185/1 295/182/1
f 314/186/1 270/184/1 315/183/1
f 292/177/1 297/187/1 296/185/1
f 313/188/1 270/184/1 314/186/1
f 312/189/1 270/184/1 313/188/1
f 312/189/1 271/190/1 270/184/1
f 292/177/1 298/191/1 297/187/1
f 311/192/1 271/190/1 312/189/1
f 292/177/1 299/193/1 298/191/1
f 310/194/1 271/190/1 311/192/1
f 292/177/1 300/195/1 299/193/1
f 310/194/1 272/196/1 271/190/1
f 309/197/1 272/196/1 310/194/1
f 292/177/1 301/198/1 300/195/1
f 308/199/1 272/196/1 309/197/1
f 292/177/1 302/200/1 301/198/1
f 307/201/1 272/196/1 308/199/1
f 292/177/1 303/202/1 302/200/1
f 306/203/1 272/196/1 307/201/1
f 292/177/1 304/204/1 303/202/1
f 306/203/1 273/205/1 272/196/1
f 305/206/1 273/205/1 306/203/1
f 292/177/1 305/206/1 304/204/1
f 292/177/1 273/205/1 305/206/1
f 292/177/1 274/207/1 273/205/1
f 291/208/1 274/207/1 292/177/1
f 290/209/1 274/207/1 291/208/1
f 290/209/1 275/210/1 274/207/1
f 289/211/1 275/210/1 290/209/1
f 289/211/1 276/212/1 275/210/1
f 288/213/1 276/212/1 289/211/1
f 287/214/1 276/212/1 288/213/1
f 287/214/1 277/215/1 276/212/1
f 286/216/1 277/215/1 287/214/1
f 285/217/1 277/215/1 286/216/1
f 285/217/1 278/218/1 277/215/1
f 284/219/1 278/218/1 285/217/1
f 283/220/1 278/218/1 284/219/1
f 283/220/1 279/221/1 278/218/1
f 282/222/1 279/221/1 283/220/1
f 281/223/1 279/221/1 282/222/1
f 281/223/1 280/224/1 279/221/1
f 355/10/1 357/5/1 356/1/1
f 355/10/1 358/8/1 357/5/1
f 367/225/1 369/226/1 368/227/1
f 367/225/1 365/228/1 369/226/1
f 365/228/1 364/229/1 369/226/1
f 364/229/1 370/230/1 369/226/1
f 370/230/1 372/231/1 371/232/1
f 370/230/1 361/233/1 372/231/1
f 361/233/1 360/234/1 372/231/1
f 360/234/1 373/8/1 372/231/1
f 367/225/1 366/235/1 365/228/1
f 363/236/1 370/230/1 364/229/1
f 370/230/1 362/237/1 361/233/1
f 359/10/1 373/8/1 360/234/1
f 363/236/1 362/237/1 370/230/1
f 377/1/2 378/3/2 379/2/2
f 377/1/2 379/2/2 375/4/2
f 375/4/2 379/2/2 380/5/2
f 380/5/2 381/7/2 382/6/2
f 380/5/2 382/6/2 383/8/2
f 377/1/2 375/4/2 376/9/2
f 374/10/2 375/4/2 380/5/2
f 374/10/2 380/5/2 383/8/2
f 430/11/2 431/12/2 384/10/2
f 430/11/2 384/10/2 385/13/2
f 429/14/2 430/11/2 385/13/2
f 429/14/2 385/13/2 386/15/2
f 428/16/2 429/14/2 386/15/2
f 428/16/2 386/15/2 387/17/2
f 427/18/2 428/16/2 387/17/2
f 427/18/2 387/17/2 388/19/2
f 426/20/2 427/18/2 388/19/2
f 426/20/2 388/19/2 389/21/2
f 425/22/2 426/20/2 455/23/2
f 455/23/2 426/20/2 389/21/2
f 425/22/2 455/23/2 456/24/2
f 454/25/2 455/23/2 389/21/2
f 425/22/2 456/24/2 457/26/2
f 453/27/2 454/25/2 389/21/2
f 425/22/2 457/26/2 458/28/2
f 452/29/2 453/27/2 389/21/2
f 452/29/2 389/21/2 390/30/2
f 424/31/2 425/22/2 458/28/2
f 424/31/2 458/28/2 459/32/2
f 451/33/2 452/29/2 390/30/2
f 424/31/2 459/32/2 460/34/2
f 450/35/2 451/33/2 390/30/2
f 450/35/2 390/30/2 391/36/2
f 423/37/2 424/31/2 460/34/2
f 423/37/2 460/34/2 461/38/2
f 449/39/2 450/35/2 391/36/2
f 423/37/2 461/38/2 462/40/2
f 448/41/2 449/39/2 391/36/2
f 448/41/2 391/36/2 392/42/2
f 422/43/2 423/37/2 462/40/2
f 422/43/2 462/40/2 463/44/2
f 447/45/2 448/41/2 392/42/2
f 447/45/2 392/42/2 393/46/2
f 421/47/2 422/43/2 463/44/2
f 421/47/2 463/44/2 464/48/2
f 446/49/2 447/45/2 393/46/2
f 445/50/2 446/49/2 393/46/2
f 421/47/2 464/48/2 465/51/2
f 445/50/2 393/46/2 394/52/2
f 420/53/2 421/47/2 465/51/2
f 444/54/2 445/50/2 394/52/2
f 420/53/2 465/51/2 466/55/2
f 444/54/2 394/52/2 395/56/2
f 419/57/2 420/53/2 466/55/2
f 443/58/2 444/54/2 395/56/2
f 419/57/2 466/55/2 467/59/2
f 418/60/2 419/57/2 467/59/2
f 418/60/2 467/59/2 468/61/2
f 442/62/2 443/58/2 395/56/2
f 442/62/2 395/56/2 396/63/2
f 441/64/2 442/62/2 396/63/2
f 418/60/2 468/61/2 469/65/2
f 441/64/2 396/63/2 397/66/2
f 417/67/2 418/60/2 469/65/2
f 440/68/2 441/64/2 397/66/2
f 417/67/2 469/65/2 470/69/2
f 440/68/2 397/66/2 398/70/2
f 416/71/2 417/67/2 470/69/2
f 439/72/2 440/68/2 398/70/2
f 416/71/2 470/69/2 471/73/2
f 439/72/2 398/70/2 399/74/2
f 415/75/2 416/71/2 471/73/2
f 438/76/2 439/72/2 399/74/2
f 415/75/2 471/73/2 472/77/2
f 437/78/2 438/76/2 399/74/2
f 415/75/2 472/77/2 473/79/2
f 437/78/2 399/74/2 400/80/2
f 414/81/2 415/75/2 473/79/2
f 436/82/2 437/78/2 400/80/2
f 414/81/2 473/79/2 474/83/2
f 435/84/2 436/82/2 400/80/2
f 414/81/2 474/83/2 475/85/2
f 435/84/2 400/80/2 401/86/2
f 413/87/2 414/81/2 475/85/2
f 434/88/2 435/84/2 401/86/2
f 413/87/2 475/85/2 476/89/2
f 433/90/2 434/88/2 401/86/2
f 413/87/2 476/89/2 477/91/2
f 433/90/2 401/86/2 402/92/2
f 412/93/2 413/87/2 477/91/2
f 432/94/2 433/90/2 402/92/2
f 412/93/2 477/91/2 478/95/2
f 479/8/2 432/94/2 402/92/2
f 412/93/2 478/95/2 479/8/2
f 412/93/2 479/8/2 402/92/2
f 412/93/2 402/92/2 403/96/2
f 411/97/2 412/93/2 403/96/2
f 411/97/2 403/96/2 404/98/2
f 410/99/2 411/97/2 404/98/2
f 410/99/2 404/98/2 405/100/2
f 409/101/2 410/99/2 405/100/2
f 409/101/2 405/100/2 406/102/2
f 408/103/2 409/101/2 406/102/2
f 408/103/2 406/102/2 407/104/2
f 480/10/2 481/1/2 482/5/2
f 480/10/2 482/5/2 483/8/2
f 591/105/2 592/107/2 593/106/2
f 591/105/2 593/106/2 594/108/2
f 591/105/2 594/108/2 595/109/2
f 590/110/2 591/105/2 595/109/2
f 590/110/2 595/109/2 596/111/2
f 590/110/2 596/111/2 597/112/2
f 589/113/2 590/110/2 597/112/2
f 589/113/2 597/112/2 598/114/2
f 589/113/2 598/114/2 599/115/2
f 588/116/2 589/113/2 599/115/2
f 588/116/2 599/115/2 600/117/2
f 588/116/2 600/117/2 601/118/2
f 587/119/2 588/116/2 601/118/2
f 587/119/2 601/118/2 602/120/2
f 587/119/2 602/120/2 603/121/2
f 586/122/2 587/119/2 603/121/2
f 586/122/2 603/121/2 604/123/2
f 586/122/2 604/123/2 491/124/2
f 491/124/2 604/123/2 490/125/2
f 490/125/2 604/123/2 489/126/2
f 489/126/2 604/123/2 488/127/2
f 488/127/2 604/123/2 487/128/2
f 487/128/2 604/123/2 486/129/2
f 486/129/2 604/123/2 485/130/2
f 485/130/2 604/123/2 484/10/2
f 484/10/2 604/123/2 605/8/2
f 585/131/2 586/122/2 493/132/2
f 493/132/2 586/122/2 492/133/2
f 492/133/2 586/122/2 491/124/2
f 584/134/2 585/131/2 495/135/2
f 495/135/2 585/131/2 494/136/2
f 494/136/2 585/131/2 493/132/2
f 583/137/2 584/134/2 496/138/2
f 496/138/2 584/134/2 495/135/2
f 583/137/2 496/138/2 497/139/2
f 583/137/2 497/139/2 498/140/2
f 583/137/2 498/140/2 499/141/2
f 583/137/2 499/141/2 500/142/2
f 583/137/2 500/142/2 501/143/2
f 582/144/2 583/137/2 501/143/2
f 582/144/2 501/143/2 502/145/2
f 582/144/2 502/145/2 503/146/2
f 582/144/2 503/146/2 504/147/2
f 581/148/2 582/144/2 504/147/2
f 581/148/2 504/147/2 505/149/2
f 581/148/2 505/149/2 506/150/2
f 580/151/2 581/148/2 506/150/2
f 580/151/2 506/150/2 507/152/2
f 580/151/2 507/152/2 508/153/2
f 579/154/2 580/151/2 508/153/2
f 579/154/2 508/153/2 509/155/2
f 579/154/2 509/155/2 510/156/2
f 578/157/2 579/154/2 510/156/2
f 578/157/2 510/156/2 511/158/2
f 577/159/2 578/157/2 511/158/2
f 577/159/2 511/158/2 512/160/2
f 577/159/2 512/160/2 513/161/2
f 576/162/2 577/159/2 513/161/2
f 576/162/2 513/161/2 514/163/2
f 575/164/2 576/162/2 514/163/2
f 575/164/2 514/163/2 515/165/2
f 574/166/2 575/164/2 515/165/2
f 574/166/2 515/165/2 516/167/2
f 573/168/2 574/166/2 516/167/2
f 573/168/2 516/167/2 517/169/2
f 572/170/2 573/168/2 517/169/2
f 571/171/2 572/170/2 517/169/2
f 571/171/2 517/169/2 518/172/2
f 570/173/2 571/171/2 518/172/2
f 569/174/2 570/173/2 518/172/2
f 569/174/2 518/172/2 519/175/2
f 568/176/2 569/174/2 519/175/2
f 543/177/2 544/179/2 545/178/2
f 568/176/2 519/175/2 520/180/2
f 567/181/2 568/176/2 520/180/2
f 543/177/2 545/178/2 546/182/2
f 566/183/2 567/181/2 520/180/2
f 566/183/2 520/180/2 521/184/2
f 543/177/2 546/182/2 547/185/2
f 565/186/2 566/183/2 521/184/2
f 543/177/2 547/185/2 548/187/2
f 564/188/2 565/186/2 521/184/2
f 563/189/2 564/188/2 521/184/2
f 563/189/2 521/184/2 522/190/2
f 543/177/2 548/187/2 549/191/2
f 562/192/2 563/189/2 522/190/2
f 543/177/2 549/191/2 550/193/2
f 561/194/2 562/192/2 522/190/2
f 543/177/2 550/193/2 551/195/2
f 561/194/2 522/190/2 523/196/2
f 560/197/2 561/194/2 523/196/2
f 543/177/2 551/195/2 552/198/2
f 559/199/2 560/197/2 523/196/2
f 543/177/2 552/198/2 553/200/2
f 558/201/2 559/199/2 523/196/2
f 543/177/2 553/200/2 554/202/2
f 557/203/2 558/201/2 523/196/2
f 543/177/2 554/202/2 555/204/2
f 557/203/2 523/196/2 524/205/2
f 556/206/2 557/203/2 524/205/2
f 543/177/2 555/204/2 556/206/2
f 543/177/2 556/206/2 524/205/2
f 543/177/2 524/205/2 525/207/2
f 542/208/2 543/177/2 525/207/2
f 541/209/2 542/208/2 525/207/2
f 541/209/2 525/207/2 526/210/2
f 540/211/2 541/209/2 526/210/2
f 540/211/2 526/210/2 527/212/2
f 539/213/2 540/211/2 527/212/2
f 538/214/2 539/213/2 527/212/2
f 538/214/2 527/212/2 528/215/2
f 537/216/2 538/214/2 528/215/2
f 536/217/2 537/216/2 528/215/2
f 536/217/2 528/215/2 529/218/2
f 535/219/2 536/217/2 529/218/2
f 534/220/2 535/219/2 529/218/2
f 534/220/2 529/218/2 530/221/2
f 533/222/2 534/220/2 530/221/2
f 532/223/2 533/222/2 530/221/2
f 532/223/2 530/221/2 531/224/2
f 713/105/2 714/107/2 715/106/2
f 713/105/2 715/106/2 716/108/2
f 713/105/2 716/108/2 717/109/2
f 712/110/2 713/105/2 717/109/2
f 712/110/2 717/109/2 718/111/2
f 712/110/2 718/111/2 719/112/2
f 711/113/2 712/110/2 719/112/2
f 711/113/2 719/112/2 720/114/2
f 711/113/2 720/114/2 721/115/2
f 710/116/2 711/113/2 721/115/2
f 710/116/2 721/115/2 722/117/2
f 710/116/2 722/117/2 723/118/2
f 709/119/2 710/116/2 723/118/2
f 709/119/2 723/118/2 724/120/2
f 709/119/2 724/120/2 725/121/2
f 708/122/2 709/119/2 725/121/2
f 708/122/2 725/121/2 726/123/2
f 708/122/2 726/123/2 613/124/2
f 613/124/2 726/123/2 612/125/2
f 612/125/2 726/123/2 611/126/2
f 611/126/2 726/123/2 610/127/2
f 610/127/2 726/123/2 609/128/2
f 609/128/2 726/123/2 608/129/2
f 608/129/2 726/123/2 607/130/2
f 607/130/2 726/123/2 606/10/2
f 606/10/2 726/123/2 727/8/2
f 707/131/2 708/122/2 615/132/2
f 615/132/2 708/122/2 614/133/2
f 614/133/2 708/122/2 613/124/2
f 706/134/2 707/131/2 617/135/2
f 617/135/2 707/131/2 616/136/2
f 616/136/2 707/131/2 615/132/2
f 705/137/2 706/134/2 618/138/2
f 618/138/2 706/134/2 617/135/2
f 705/137/2 618/138/2 619/139/2
f 705/137/2 619/139/2 620/140/2
f 705/137/2 620/140/2 621/141/2
f 705/137/2 621/141/2 622/142/2
f 705/137/2 622/142/2 623/143/2
f 704/144/2 705/137/2 623/143/2
f 704/144/2 623/143/2 624/145/2
f 704/144/2 624/145/2 625/146/2
f 704/144/2 625/146/2 626/147/2
f 703/148/2 704/144/2 626/147/2
f 703/148/2 626/147/2 627/149/2
f 703/148/2 627/149/2 628/150/2
f 702/151/2 703/148/2 628/150/2
f 702/151/2 628/150/2 629/152/2
f 702/151/2 629/152/2 630/153/2
f 701/154/2 702/151/2 630/153/2
f 701/154/2 630/153/2 631/155/2
f 701/154/2 631/155/2 632/156/2
f 700/157/2 701/154/2 632/156/2
f 700/157/2 632/156/2 633/158/2
f 699/159/2 700/157/2 633/158/2
f 699/159/2 633/158/2 634/160/2
f 699/159/2 634/160/2 635/161/2
f 698/162/2 699/159/2 635/161/2
f 698/162/2 635/161/2 636/163/2
f 697/164/2 698/162/2 636/163/2
f 697/164/2 636/163/2 637/165/2
f 696/166/2 697/164/2 637/165/2
f 696/166/2 637/165/2 638/167/2
f 695/168/2 696/166/2 638/167/2
f 695/168/2 638/167/2 639/169/2
f 694/170/2 695/168/2 639/169/2
f 693/171/2 694/170/2 639/169/2
f 693/171/2 639/169/2 640/172/2
f 692/173/2 693/171/2 640/172/2
f 691/174/2 692/173/2 640/172/2
f 691/174/2 640/172/2 641/175/2
f 690/176/2 691/174/2 641/175/2
f 665/177/2 666/179/2 667/178/2
f 690/176/2 641/175/2 642/180/2
f 689/181/2 690/176/2 642/180/2
f 665/177/2 667/178/2 668/182/2
f 688/183/2 689/181/2 642/180/2
f 688/183/2 642/180/2 643/184/2
f 665/177/2 668/182/2 669/185/2
f 687/186/2 688/183/2 643/184/2
f 665/177/2 669/185/2 670/187/2
f 686/188/2 687/186/2 643/184/2
f 685/189/2 686/188/2 643/184/2
f 685/189/2 643/184/2 644/190/2
f 665/177/2 670/187/2 671/191/2
f 684/192/2 685/189/2 644/190/2
f 665/177/2 671/191/2 672/193/2
f 683/194/2 684/192/2 644/190/2
f 665/177/2 672/193/2 673/195/2
f 683/194/2 644/190/2 645/196/2
f 682/197/2 683/194/2 645/196/2
f 665/177/2 673/195/2 674/198/2
f 681/199/2 682/197/2 645/196/2
f 665/177/2 674/198/2 675/200/2
f 680/201/2 681/199/2 645/196/2
f 665/177/2 675/200/2 676/202/2
f 679/203/2 680/201/2 645/196/2
f 665/177/2 676/202/2 677/204/2
f 679/203/2 645/196/2 646/205/2
f 678/206/2 679/203/2 646/205/2
f 665/177/2 677/204/2 678/206/2
f 665/177/2 678/206/2 646/205/2
f 665/177/2 646/205/2 647/207/2
f 664/208/2 665/177/2 647/207/2
f 663/209/2 664/208/2 647/207/2
f 663/209/2 647/207/2 648/210/2
f 662/211/2 663/209/2 648/210/2
f 662/211/2 648/210/2 649/212/2
f 661/213/2 662/211/2 649/212/2
f 660/214/2 661/213/2 649/212/2
f 660/214/2 649/212/2 650/215/2
f 659/216/2 660/214/2 650/215/2
f 658/217/2 659/216/2 650/215/2
f 658/217/2 650/215/2 651/218/2
f 657/219/2 658/217/2 651/218/2
f 656/220/2 657/219/2 651/218/2
f 656/220/2 651/218/2 652/221/2
f 655/222/2 656/220/2 652/221/2
f 654/223/2 655/222/2 652/221/2
f 654/223/2 652/221/2 653/224/2
f 728/10/2 729/1/2 730/5/2
f 728/10/2 730/5/2 731/8/2
f 740/225/2 741/227/2 742/226/2
f 740/225/2 742/226/2 738/228/2
f 738/228/2 742/226/2 737/229/2
f 737/229/2 742/226/2 743/230/2
f 743/230/2 744/232/2 745/231/2
f 743/230/2 745/231/2 734/233/2
f 734/233/2 745/231/2 733/234/2
f 733/234/2 745/231/2 746/8/2
f 740/225/2 738/228/2 739/235/2
f 736/236/2 737/229/2 743/230/2
f 743/230/2 734/233/2 735/237/2
f 732/10/2 733/234/2 746/8/2
f 736/236/2 743/230/2 735/237/2
s 1
f 750/238/3 747/10/3 748/239/3
f 752/240/4 749/241/3 750/238/3
f 754/242/4 751/243/4 752/240/4
f 756/244/5 753/96/4 754/242/4
f 758/245/5 755/246/5 756/244/5
f 760/247/6 757/1/5 758/245/5
f 762/248/6 759/43/6 760/247/6
f 764/249/3 761/250/6 762/248/6
f 764/249/3 765/64/7 763/251/3
f 768/252/8 765/64/7 766/253/7
f 770/254/9 767/5/8 768/252/8
f 772/255/10 769/256/9 770/254/9
f 774/257/11 771/34/10 772/255/10
f 776/258/6 773/259/11 774/257/11
f 748/260/3 775/261/6 776/258/6
f 778/239/3 779/262/7 777/10/3
f 782/263/11 779/262/7 780/264/7
f 784/265/6 781/235/11 782/263/11
f 778/260/3 783/266/6 784/265/6
f 786/239/12 787/267/13 785/10/12
f 790/268/14 787/267/13 788/269/13
f 792/270/15 789/271/14 790/268/14
f 794/272/5 791/273/15 792/270/15
f 796/274/16 793/275/5 794/272/5
f 798/276/17 795/277/16 796/274/16
f 800/278/18 797/279/17 798/276/17
f 802/280/19 799/281/18 800/278/18
f 804/282/20 801/283/19 802/280/19
f 806/284/21 803/285/20 804/282/20
f 808/286/22 805/287/21 806/284/21
f 810/288/23 807/289/22 808/286/22
f 812/290/24 809/291/23 810/288/23
f 814/292/25 811/293/24 812/290/24
f 816/294/26 813/295/25 814/292/25
f 818/296/27 815/297/26 816/294/26
f 820/298/28 817/299/27 818/296/27
f 822/300/29 819/301/28 820/298/28
f 824/302/30 821/303/29 822/300/29
f 826/304/31 823/305/30 824/302/30
f 828/306/32 825/307/31 826/304/31
f 830/308/33 827/309/32 828/306/32
f 832/310/34 829/311/33 830/308/33
f 834/312/35 831/313/34 832/310/34
f 836/314/36 833/315/35 834/312/35
f 838/316/37 835/317/38 836/314/36
f 840/318/39 837/319/37 838/316/37
f 842/320/40 839/321/39 840/318/39
f 844/322/41 841/323/40 842/320/40
f 846/324/42 843/325/41 844/322/41
f 848/326/43 845/327/42 846/324/42
f 848/326/43 849/328/44 847/329/43
f 852/330/45 849/328/44 850/331/44
f 854/332/46 851/333/45 852/330/45
f 856/334/47 853/335/46 854/332/46
f 858/336/48 855/337/47 856/334/47
f 860/338/49 857/339/48 858/336/48
f 862/340/50 859/341/49 860/338/49
f 864/342/51 861/343/50 862/340/50
f 866/344/52 863/345/51 864/342/51
f 868/346/53 865/347/52 866/344/52
f 870/348/54 867/349/53 868/346/53
f 872/350/55 869/351/54 870/348/54
f 874/352/56 871/353/55 872/350/55
f 876/354/57 873/355/56 874/352/56
f 878/356/58 875/357/57 876/354/57
f 880/358/59 877/359/58 878/356/58
f 882/360/60 879/361/59 880/358/59
f 884/362/61 881/363/60 882/360/60
f 886/364/62 883/365/61 884/362/61
f 888/366/63 885/367/62 886/364/62
f 890/368/64 887/369/63 888/366/63
f 892/370/65 889/371/64 890/368/64
f 894/372/66 891/373/65 892/370/65
f 896/374/67 893/375/66 894/372/66
f 898/376/68 895/377/67 896/374/67
f 900/378/69 897/379/68 898/376/68
f 900/378/69 901/380/70 899/381/69
f 904/382/71 901/380/70 902/383/70
f 904/382/71 905/384/72 903/385/73
f 908/263/74 905/384/72 906/386/75
f 910/387/76 907/235/74 908/263/74
f 912/388/77 909/389/76 910/387/76
f 914/390/78 911/391/77 912/388/77
f 916/392/79 913/393/78 914/390/78
f 918/394/80 915/395/79 916/392/79
f 920/396/81 917/397/80 918/394/80
f 922/398/82 919/399/81 920/396/81
f 924/400/83 921/401/82 922/398/82
f 926/402/84 923/403/83 924/400/83
f 928/404/85 925/405/84 926/402/84
f 930/406/86 927/407/85 928/404/85
f 932/408/87 929/409/86 930/406/86
f 934/410/88 931/411/87 932/408/87
f 936/412/89 933/413/88 934/410/88
f 938/414/90 935/415/89 936/412/89
f 940/416/91 937/417/90 938/414/90
f 942/418/92 939/419/91 940/416/91
f 944/420/93 941/421/92 942/418/92
f 946/422/94 943/423/93 944/420/93
f 946/422/94 947/424/95 945/425/94
f 950/426/96 947/424/95 948/427/95
f 952/428/97 949/429/96 950/426/96
f 954/430/98 951/431/97 952/428/97
f 956/432/99 953/433/98 954/430/98
f 956/432/99 957/434/100 955/435/99
f 960/436/101 957/434/100 958/437/100
f 962/438/102 959/439/101 960/436/101
f 964/440/103 961/441/102 962/438/102
f 964/440/103 965/442/104 963/443/103
f 968/444/105 965/442/104 966/445/104
f 970/446/106 967/447/105 968/444/105
f 970/446/106 971/448/107 969/449/106
f 974/450/108 971/448/107 972/451/107
f 976/452/109 973/453/108 974/450/108
f 976/452/109 977/454/110 975/455/109
f 980/456/111 977/454/110 978/457/110
f 980/456/111 981/458/112 979/459/111
f 984/460/113 981/458/112 982/461/112
f 986/462/114 983/463/113 984/460/113
f 988/464/115 985/465/114 986/462/114
f 988/464/115 989/466/116 987/467/115
f 992/468/117 989/466/116 990/469/116
f 994/470/118 991/471/117 992/468/117
f 996/472/119 993/473/118 994/470/118
f 998/474/120 995/475/119 996/472/119
f 1000/476/121 997/477/120 998/474/120
f 1002/478/122 999/479/121 1000/476/121
f 1004/480/123 1001/481/122 1002/478/122
f 1006/482/124 1003/483/123 1004/480/123
f 1008/484/125 1005/485/124 1006/482/124
f 1010/486/126 1007/487/125 1008/484/125
f 1012/488/127 1009/489/126 1010/486/126
f 1014/490/128 1011/491/127 1012/488/127
f 1016/492/129 1013/493/128 1014/490/128
f 1018/494/130 1015/495/129 1016/492/129
f 1020/496/131 1017/497/130 1018/494/130
f 1022/498/132 1019/499/131 1020/496/131
f 1024/500/133 1021/501/132 1022/498/132
f 1026/502/134 1023/503/133 1024/500/133
f 1028/504/135 1025/505/136 1026/502/134
f 786/260/12 1027/506/135 1028/504/135
f 1030/239/12 1031/267/13 1029/10/12
f 1034/268/14 1031/267/13 1032/269/13
f 1036/270/15 1033/271/14 1034/268/14
f 1038/272/5 1035/273/15 1036/270/15
f 1040/274/16 1037/275/5 1038/272/5
f 1042/276/17 1039/277/16 1040/274/16
f 1044/278/18 1041/279/17 1042/276/17
f 1046/280/19 1043/281/18 1044/278/18
f 1048/282/20 1045/283/19 1046/280/19
f 1050/284/21 1047/285/20 1048/282/20
f 1052/286/22 1049/287/21 1050/284/21
f 1054/288/23 1051/289/22 1052/286/22
f 1056/290/24 1053/291/23 1054/288/23
f 1058/292/25 1055/293/24 1056/290/24
f 1060/294/26 1057/295/25 1058/292/25
f 1062/296/27 1059/297/26 1060/294/26
f 1064/298/28 1061/299/27 1062/296/27
f 1066/300/29 1063/301/28 1064/298/28
f 1068/302/30 1065/303/29 1066/300/29
f 1070/304/31 1067/305/30 1068/302/30
f 1072/306/32 1069/307/31 1070/304/31
f 1074/308/33 1071/309/32 1072/306/32
f 1076/310/34 1073/311/33 1074/308/33
f 1078/312/35 1075/313/34 1076/310/34
f 1080/314/36 1077/315/35 1078/312/35
f 1082/316/37 1079/317/38 1080/314/36
f 1084/318/39 1081/319/37 1082/316/37
f 1086/320/40 1083/321/39 1084/318/39
f 1088/322/41 1085/323/40 1086/320/40
f 1090/324/42 1087/325/41 1088/322/41
f 1092/326/43 1089/327/42 1090/324/42
f 1092/326/43 1093/328/44 1091/329/43
f 1096/330/45 1093/328/44 1094/331/44
f 1098/332/46 1095/333/45 1096/330/45
f 1100/334/47 1097/335/46 1098/332/46
f 1102/336/48 1099/337/47 1100/334/47
f 1104/338/49 1101/339/48 1102/336/48
f 1106/340/50 1103/341/49 1104/338/49
f 1108/342/51 1105/343/50 1106/340/50
f 1110/344/52 1107/345/51 1108/342/51
f 1112/346/53 1109/347/52 1110/344/52
f 1114/348/54 1111/349/53 1112/346/53
f 1116/350/55 1113/351/54 1114/348/54
f 1118/352/56 1115/353/55 1116/350/55
f 1120/354/57 1117/355/56 1118/352/56
f 1122/356/58 1119/357/57 1120/354/57
f 1124/358/59 1121/359/58 1122/356/58
f 1126/360/60 1123/361/59 1124/358/59
f 1128/362/61 1125/363/60 1126/360/60
f 1130/364/62 1127/365/61 1128/362/61
f 1132/366/63 1129/367/62 1130/364/62
f 1134/368/64 1131/369/63 1132/366/63
f 1136/370/65 1133/371/64 1134/368/64
f 1138/372/66 1135/373/65 1136/370/65
f 1140/374/67 1137/375/66 1138/372/66
f 1142/376/68 1139/377/67 1140/374/67
f 1144/378/69 1141/379/68 1142/376/68
f 1144/378/69 1145/380/70 1143/381/69
f 1148/382/71 1145/380/70 1146/383/70
f 1148/382/71 1149/384/72 1147/385/73
f 1152/263/74 1149/384/72 1150/386/75
f 1154/387/76 1151/235/74 1152/263/74
f 1156/388/77 1153/389/76 1154/387/76
f 1158/390/78 1155/391/77 1156/388/77
f 1160/392/79 1157/393/78 1158/390/78
f 1162/394/80 1159/395/79 1160/392/79
f 1164/396/81 1161/397/80 1162/394/80
f 1166/398/82 1163/399/81 1164/396/81
f 1168/400/83 1165/401/82 1166/398/82
f 1170/402/84 1167/403/83 1168/400/83
f 1172/404/85 1169/405/84 1170/402/84
f 1174/406/86 1171/407/85 1172/404/85
f 1176/408/87 1173/409/86 1174/406/86
f 1178/410/88 1175/411/87 1176/408/87
f 1180/412/89 1177/413/88 1178/410/88
f 1182/414/90 1179/415/89 1180/412/89
f 1184/416/91 1181/417/90 1182/414/90
f 1186/418/92 1183/419/91 1184/416/91
f 1188/420/93 1185/421/92 1186/418/92
f 1190/422/94 1187/423/93 1188/420/93
f 1190/422/94 1191/424/95 1189/425/94
f 1194/426/96 1191/424/95 1192/427/95
f 1196/428/97 1193/429/96 1194/426/96
f 1198/430/98 1195/431/97 1196/428/97
f 1200/432/99 1197/433/98 1198/430/98
f 1200/432/99 1201/434/100 1199/435/99
f 1204/436/101 1201/434/100 1202/437/100
f 1206/438/102 1203/439/101 1204/436/101
f 1208/440/103 1205/441/102 1206/438/102
f 1208/440/103 1209/442/104 1207/443/103
f 1212/444/105 1209/442/104 1210/445/104
f 1214/446/106 1211/447/105 1212/444/105
f 1214/446/106 1215/448/107 1213/449/106
f 1218/450/108 1215/448/107 1216/451/107
f 1220/452/109 1217/453/108 1218/450/108
f 1220/452/109 1221/454/110 1219/455/109
f 1224/456/111 1221/454/110 1222/457/110
f 1224/456/111 1225/458/112 1223/459/111
f 1228/460/113 1225/458/112 1226/461/112
f 1230/462/114 1227/463/113 1228/460/113
f 1232/464/115 1229/465/114 1230/462/114
f 1232/464/115 1233/466/116 1231/467/115
f 1236/468/117 1233/466/116 1234/469/116
f 1238/470/118 1235/471/117 1236/468/117
f 1240/472/119 1237/473/118 1238/470/118
f 1242/474/120 1239/475/119 1240/472/119
f 1244/476/121 1241/477/120 1242/474/120
f 1246/478/122 1243/479/121 1244/476/121
f 1248/480/123 1245/481/122 1246/478/122
f 1250/482/124 1247/483/123 1248/480/123
f 1252/484/125 1249/485/124 1250/482/124
f 1254/486/126 1251/487/125 1252/484/125
f 1256/488/127 1253/489/126 1254/486/126
f 1258/490/128 1255/491/127 1256/488/127
f 1260/492/129 1257/493/128 1258/490/128
f 1262/494/130 1259/495/129 1260/492/129
f 1264/496/131 1261/497/130 1262/494/130
f 1266/498/132 1263/499/131 1264/496/131
f 1268/500/133 1265/501/132 1266/498/132
f 1270/502/134 1267/503/133 1268/500/133
f 1272/504/135 1269/505/136 1270/502/134
f 1030/260/12 1271/506/135 1272/504/135
f 1274/239/3 1275/262/7 1273/10/3
f 1278/263/11 1275/262/7 1276/264/7
f 1280/265/6 1277/235/11 1278/263/11
f 1274/260/3 1279/266/6 1280/265/6
f 1284/507/137 1281/10/138 1282/239/138
f 1286/508/139 1283/509/137 1284/507/137
f 1288/510/140 1285/511/139 1286/508/139
f 1290/512/141 1287/513/140 1288/510/140
f 1292/514/142 1289/515/141 1290/512/141
f 1294/516/143 1291/517/142 1292/514/142
f 1296/518/144 1293/519/143 1294/516/143
f 1298/520/145 1295/521/144 1296/518/144
f 1300/522/146 1297/523/145 1298/520/145
f 1300/522/146 1301/524/147 1299/525/146
f 1304/526/148 1301/524/147 1302/527/147
f 1306/264/149 1303/528/148 1304/526/148
f 1306/264/149 1307/529/150 1305/262/149
f 1310/530/151 1307/529/150 1308/531/150
f 1312/532/152 1309/533/151 1310/530/151
f 1314/245/153 1311/534/152 1312/532/152
f 1316/535/154 1313/1/153 1314/245/153
f 1318/536/155 1315/537/154 1316/535/154
f 1320/538/156 1317/539/155 1318/536/155
f 1322/540/157 1319/541/156 1320/538/156
f 1324/542/158 1321/543/157 1322/540/157
f 1326/544/159 1323/545/158 1324/542/158
f 1328/546/160 1325/547/159 1326/544/159
f 1330/263/161 1327/548/160 1328/546/160
f 1332/549/162 1329/235/161 1330/263/161
f 1334/550/163 1331/551/162 1332/549/162
f 1336/552/164 1333/553/163 1334/550/163
f 1336/552/164 1337/554/165 1335/555/164
f 1340/556/166 1337/554/165 1338/557/165
f 1340/556/166 1341/558/167 1339/559/166
f 1344/560/168 1341/558/167 1342/561/167
f 1346/252/169 1343/562/168 1344/560/168
f 1346/252/169 1347/563/170 1345/5/169
f 1350/564/171 1347/563/170 1348/565/170
f 1350/564/171 1351/566/172 1349/567/171
f 1352/568/172 1353/266/173 1351/566/172
f 1356/569/174 1353/266/173 1354/265/173
f 1356/569/174 1357/570/175 1355/571/174
f 1360/572/176 1357/570/175 1358/573/175
f 1362/574/177 1359/575/176 1360/572/176
f 1362/574/177 1363/576/178 1361/577/177
f 1366/578/179 1363/576/178 1364/579/178
f 1366/578/179 1367/580/180 1365/581/179
f 1370/582/181 1367/580/180 1368/583/180
f 1372/584/182 1369/585/181 1370/582/181
f 1374/586/183 1371/587/182 1372/584/182
f 1376/588/184 1373/589/183 1374/586/183
f 1282/260/138 1375/590/184 1376/588/184
f 1380/507/185 1377/10/186 1378/239/186
f 1382/508/187 1379/509/185 1380/507/185
f 1384/510/188 1381/511/189 1382/508/187
f 1384/510/188 1385/515/190 1383/513/188
f 1388/514/191 1385/515/190 1386/512/190
f 1390/516/192 1387/517/191 1388/514/191
f 1392/518/193 1389/519/192 1390/516/192
f 1392/518/193 1393/523/194 1391/521/193
f 1396/522/195 1393/523/194 1394/520/194
f 1396/522/195 1397/524/196 1395/525/195
f 1400/526/197 1397/524/196 1398/527/196
f 1402/264/198 1399/528/197 1400/526/197
f 1402/264/198 1403/529/199 1401/262/198
f 1406/530/200 1403/529/199 1404/531/199
f 1406/530/200 1407/534/201 1405/533/200
f 1410/245/202 1407/534/201 1408/532/201
f 1412/535/203 1409/1/202 1410/245/202
f 1414/536/204 1411/537/203 1412/535/203
f 1414/536/204 1415/541/205 1413/539/204
f 1418/540/206 1415/541/205 1416/538/205
f 1420/542/207 1417/543/206 1418/540/206
f 1422/544/208 1419/545/207 1420/542/207
f 1424/546/209 1421/547/208 1422/544/208
f 1426/263/210 1423/548/209 1424/546/209
f 1428/549/211 1425/235/210 1426/263/210
f 1430/550/212 1427/551/211 1428/549/211
f 1432/552/213 1429/553/212 1430/550/212
f 1434/557/214 1431/555/213 1432/552/213
f 1436/556/215 1433/554/214 1434/557/214
f 1438/561/216 1435/559/215 1436/556/215
f 1440/560/217 1437/558/216 1438/561/216
f 1442/252/218 1439/562/217 1440/560/217
f 1444/565/219 1441/5/218 1442/252/218
f 1446/564/220 1443/563/219 1444/565/219
f 1446/564/220 1447/566/221 1445/567/220
f 1448/568/221 1449/266/222 1447/566/221
f 1452/569/223 1449/266/222 1450/265/222
f 1454/573/224 1451/571/223 1452/569/223
f 1456/572/225 1453/570/224 1454/573/224
f 1458/574/226 1455/575/225 1456/572/225
f 1460/579/227 1457/577/226 1458/574/226
f 1462/578/228 1459/576/227 1460/579/227
f 1464/583/229 1461/581/228 1462/578/228
f 1466/582/230 1463/580/229 1464/583/229
f 1468/584/231 1465/585/230 1466/582/230
f 1470/586/232 1467/587/231 1468/584/231
f 1472/588/233 1469/589/232 1470/586/232
f 1378/260/186 1471/590/233 1472/588/233
f 1476/591/234 1473/10/235 1474/239/235
f 1478/242/6 1475/592/236 1476/591/234
f 1480/593/3 1477/96/6 1478/242/6
f 1480/593/3 1481/43/7 1479/594/3
f 1484/263/237 1481/43/7 1482/247/7
f 1486/253/238 1483/235/237 1484/263/237
f 1488/595/7 1485/64/238 1486/253/238
f 1490/255/11 1487/596/7 1488/595/7
f 1492/597/6 1489/34/11 1490/255/11
f 1474/260/235 1491/598/6 1492/597/6
f 750/238/3 749/241/3 747/10/3
f 752/240/4 751/243/4 749/241/3
f 754/242/4 753/96/4 751/243/4
f 756/244/5 755/246/5 753/96/4
f 758/245/5 757/1/5 755/246/5
f 760/247/6 759/43/6 757/1/5
f 762/248/6 761/250/6 759/43/6
f 764/249/3 763/251/3 761/250/6
f 764/249/3 766/253/7 765/64/7
f 768/252/8 767/5/8 765/64/7
f 770/254/9 769/256/9 767/5/8
f 772/255/10 771/34/10 769/256/9
f 774/257/11 773/259/11 771/34/10
f 776/258/6 775/261/6 773/259/11
f 748/260/3 747/8/3 775/261/6
f 778/239/3 780/264/7 779/262/7
f 782/263/11 781/235/11 779/262/7
f 784/265/6 783/266/6 781/235/11
f 778/260/3 777/8/3 783/266/6
f 786/239/12 788/269/13 787/267/13
f 790/268/14 789/271/14 787/267/13
f 792/270/15 791/273/15 789/271/14
f 794/272/5 793/275/5 791/273/15
f 796/274/16 795/277/16 793/275/5
f 798/276/17 797/279/17 795/277/16
f 800/278/18 799/281/18 797/279/17
f 802/280/19 801/283/19 799/281/18
f 804/282/20 803/285/20 801/283/19
f 806/284/21 805/287/21 803/285/20
f 808/286/22 807/289/22 805/287/21
f 810/288/23 809/291/23 807/289/22
f 812/290/24 811/293/24 809/291/23
f 814/292/25 813/295/25 811/293/24
f 816/294/26 815/297/26 813/295/25
f 818/296/27 817/299/27 815/297/26
f 820/298/28 819/301/28 817/299/27
f 822/300/29 821/303/29 819/301/28
f 824/302/30 823/305/30 821/303/29
f 826/304/31 825/307/31 823/305/30
f 828/306/32 827/309/32 825/307/31
f 830/308/33 829/311/33 827/309/32
f 832/310/34 831/313/34 829/311/33
f 834/312/35 833/315/35 831/313/34
f 836/314/36 835/317/38 833/315/35
f 838/316/37 837/319/37 835/317/38
f 840/318/39 839/321/39 837/319/37
f 842/320/40 841/323/40 839/321/39
f 844/322/41 843/325/41 841/323/40
f 846/324/42 845/327/42 843/325/41
f 848/326/43 847/329/43 845/327/42
f 848/326/43 850/331/44 849/328/44
f 852/330/45 851/333/45 849/328/44
f 854/332/46 853/335/46 851/333/45
f 856/334/47 855/337/47 853/335/46
f 858/336/48 857/339/48 855/337/47
f 860/338/49 859/341/49 857/339/48
f 862/340/50 861/343/50 859/341/49
f 864/342/51 863/345/51 861/343/50
f 866/344/52 865/347/52 863/345/51
f 868/346/53 867/349/53 865/347/52
f 870/348/54 869/351/54 867/349/53
f 872/350/55 871/353/55 869/351/54
f 874/352/56 873/355/56 871/353/55
f 876/354/57 875/357/57 873/355/56
f 878/356/58 877/359/58 875/357/57
f 880/358/59 879/361/59 877/359/58
f 882/360/60 881/363/60 879/361/59
f 884/362/61 883/365/61 881/363/60
f 886/364/62 885/367/62 883/365/61
f 888/366/63 887/369/63 885/367/62
f 890/368/64 889/371/64 887/369/63
f 892/370/65 891/373/65 889/371/64
f 894/372/66 893/375/66 891/373/65
f 896/374/67 895/377/67 893/375/66
f 898/376/68 897/379/68 895/377/67
f 900/378/69 899/381/69 897/379/68
f 900/378/69 902/383/70 901/380/70
f 904/382/71 903/385/73 901/380/70
f 904/382/71 906/386/75 905/384/72
f 908/263/74 907/235/74 905/384/72
f 910/387/76 909/389/76 907/235/74
f 912/388/77 911/391/77 909/389/76
f 914/390/78 913/393/78 911/391/77
f 916/392/79 915/395/79 913/393/78
f 918/394/80 917/397/80 915/395/79
f 920/396/81 919/399/81 917/397/80
f 922/398/82 921/401/82 919/399/81
f 924/400/83 923/403/83 921/401/82
f 926/402/84 925/405/84 923/403/83
f 928/404/85 927/407/85 925/405/84
f 930/406/86 929/409/86 927/407/85
f 932/408/87 931/411/87 929/409/86
f 934/410/88 933/413/88 931/411/87
f 936/412/89 935/415/89 933/413/88
f 938/414/90 937/417/90 935/415/89
f 940/416/91 939/419/91 937/417/90
f 942/418/92 941/421/92 939/419/91
f 944/420/93 943/423/93 941/421/92
f 946/422/94 945/425/94 943/423/93
f 946/422/94 948/427/95 947/424/95
f 950/426/96 949/429/96 947/424/95
f 952/428/97 951/431/97 949/429/96
f 954/430/98 953/433/98 951/431/97
f 956/432/99 955/435/99 953/433/98
f 956/432/99 958/437/100 957/434/100
f 960/436/101 959/439/101 957/434/100
f 962/438/102 961/441/102 959/439/101
f 964/440/103 963/443/103 961/441/102
f 964/440/103 966/445/104 965/442/104
f 968/444/105 967/447/105 965/442/104
f 970/446/106 969/449/106 967/447/105
f 970/446/106 972/451/107 971/448/107
f 974/450/108 973/453/108 971/448/107
f 976/452/109 975/455/109 973/453/108
f 976/452/109 978/457/110 977/454/110
f 980/456/111 979/459/111 977/454/110
f 980/456/111 982/461/112 981/458/112
f 984/460/113 983/463/113 981/458/112
f 986/462/114 985/465/114 983/463/113
f 988/464/115 987/467/115 985/465/114
f 988/464/115 990/469/116 989/466/116
f 992/468/117 991/471/117 989/466/116
f 994/470/118 993/473/118 991/471/117
f 996/472/119 995/475/119 993/473/118
f 998/474/120 997/477/120 995/475/119
f 1000/476/121 999/479/121 997/477/120
f 1002/478/122 1001/481/122 999/479/121
f 1004/480/123 1003/483/123 1001/481/122
f 1006/482/124 1005/485/124 1003/483/123
f 1008/484/125 1007/487/125 1005/485/124
f 1010/486/126 1009/489/126 1007/487/125
f 1012/488/127 1011/491/127 1009/489/126
f 1014/490/128 1013/493/128 1011/491/127
f 1016/492/129 1015/495/129 1013/493/128
f 1018/494/130 1017/497/130 1015/495/129
f 1020/496/131 1019/499/131 1017/497/130
f 1022/498/132 1021/501/132 1019/499/131
f 1024/500/133 1023/503/133 1021/501/132
f 1026/502/134 1025/505/136 1023/503/133
f 1028/504/135 1027/506/135 1025/505/136
f 786/260/12 785/8/12 1027/506/135
f 1030/239/12 1032/269/13 1031/267/13
f 1034/268/14 1033/271/14 1031/267/13
f 1036/270/15 1035/273/15 1033/271/14
f 1038/272/5 1037/275/5 1035/273/15
f 1040/274/16 1039/277/16 1037/275/5
f 1042/276/17 1041/279/17 1039/277/16
f 1044/278/18 1043/281/18 1041/279/17
f 1046/280/19 1045/283/19 1043/281/18
f 1048/282/20 1047/285/20 1045/283/19
f 1050/284/21 1049/287/21 1047/285/20
f 1052/286/22 1051/289/22 1049/287/21
f 1054/288/23 1053/291/23 1051/289/22
f 1056/290/24 1055/293/24 1053/291/23
f 1058/292/25 1057/295/25 1055/293/24
f 1060/294/26 1059/297/26 1057/295/25
f 1062/296/27 1061/299/27 1059/297/26
f 1064/298/28 1063/301/28 1061/299/27
f 1066/300/29 1065/303/29 1063/301/28
f 1068/302/30 1067/305/30 1065/303/29
f 1070/304/31 1069/307/31 1067/305/30
f 1072/306/32 1071/309/32 1069/307/31
f 1074/308/33 1073/311/33 1071/309/32
f 1076/310/34 1075/313/34 1073/311/33
f 1078/312/35 1077/315/35 1075/313/34
f 1080/314/36 1079/317/38 1077/315/35
f 1082/316/37 1081/319/37 1079/317/38
f 1084/318/39 1083/321/39 1081/319/37
f 1086/320/40 1085/323/40 1083/321/39
f 1088/322/41 1087/325/41 1085/323/40
f 1090/324/42 1089/327/42 1087/325/41
f 1092/326/43 1091/329/43 1089/327/42
f 1092/326/43 1094/331/44 1093/328/44
f 1096/330/45 1095/333/45 1093/328/44
f 1098/332/46 1097/335/46 1095/333/45
f 1100/334/47 1099/337/47 1097/335/46
f 1102/336/48 1101/339/48 1099/337/47
f 1104/338/49 1103/341/49 1101/339/48
f 1106/340/50 1105/343/50 1103/341/49
f 1108/342/51 1107/345/51 1105/343/50
f 1110/344/52 1109/347/52 1107/345/51
f 1112/346/53 1111/349/53 1109/347/52
f 1114/348/54 1113/351/54 1111/349/53
f 1116/350/55 1115/353/55 1113/351/54
f 1118/352/56 1117/355/56 1115/353/55
f 1120/354/57 1119/357/57 1117/355/56
f 1122/356/58 1121/359/58 1119/357/57
f 1124/358/59 1123/361/59 1121/359/58
f 1126/360/60 1125/363/60 1123/361/59
f 1128/362/61 1127/365/61 1125/363/60
f 1130/364/62 1129/367/62 1127/365/61
f 1132/366/63 1131/369/63 1129/367/62
f 1134/368/64 1133/371/64 1131/369/63
f 1136/370/65 1135/373/65 1133/371/64
f 1138/372/66 1137/375/66 1135/373/65
f 1140/374/67 1139/377/67 1137/375/66
f 1142/376/68 1141/379/68 1139/377/67
f 1144/378/69 1143/381/69 1141/379/68
f 1144/378/69 1146/383/70 1145/380/70
f 1148/382/71 1147/385/73 1145/380/70
f 1148/382/71 1150/386/75 1149/384/72
f 1152/263/74 1151/235/74 1149/384/72
f 1154/387/76 1153/389/76 1151/235/74
f 1156/388/77 1155/391/77 1153/389/76
f 1158/390/78 1157/393/78 1155/391/77
f 1160/392/79 1159/395/79 1157/393/78
f 1162/394/80 1161/397/80 1159/395/79
f 1164/396/81 1163/399/81 1161/397/80
f 1166/398/82 1165/401/82 1163/399/81
f 1168/400/83 1167/403/83 1165/401/82
f 1170/402/84 1169/405/84 1167/403/83
f 1172/404/85 1171/407/85 1169/405/84
f 1174/406/86 1173/409/86 1171/407/85
f 1176/408/87 1175/411/87 1173/409/86
f 1178/410/88 1177/413/88 1175/411/87
f 1180/412/89 1179/415/89 1177/413/88
f 1182/414/90 1181/417/90 1179/415/89
f 1184/416/91 1183/419/91 1181/417/90
f 1186/418/92 1185/421/92 1183/419/91
f 1188/420/93 1187/423/93 1185/421/92
f 1190/422/94 1189/425/94 1187/423/93
f 1190/422/94 1192/427/95 1191/424/95
f 1194/426/96 1193/429/96 1191/424/95
f 1196/428/97 1195/431/97 1193/429/96
f 1198/430/98 1197/433/98 1195/431/97
f 1200/432/99 1199/435/99 1197/433/98
f 1200/432/99 1202/437/100 1201/434/100
f 1204/436/101 1203/439/101 1201/434/100
f 1206/438/102 1205/441/102 1203/439/101
f 1208/440/103 1207/443/103 1205/441/102
f 1208/440/103 1210/445/104 1209/442/104
f 1212/444/105 1211/447/105 1209/442/104
f 1214/446/106 1213/449/106 1211/447/105
f 1214/446/106 1216/451/107 1215/448/107
f 1218/450/108 1217/453/108 1215/448/107
f 1220/452/109 1219/455/109 1217/453/108
f 1220/452/109 1222/457/110 1221/454/110
f 1224/456/111 1223/459/111 1221/454/110
f 1224/456/111 1226/461/112 1225/458/112
f 1228/460/113 1227/463/113 1225/458/112
f 1230/462/114 1229/465/114 1227/463/113
f 1232/464/115 1231/467/115 1229/465/114
f 1232/464/115 1234/469/116 1233/466/116
f 1236/468/117 1235/471/117 1233/466/116
f 1238/470/118 1237/473/118 1235/471/117
f 1240/472/119 1239/475/119 1237/473/118
f 1242/474/120 1241/477/120 1239/475/119
f 1244/476/121 1243/479/121 1241/477/120
f 1246/478/122 1245/481/122 1243/479/121
f 1248/480/123 1247/483/123 1245/481/122
f 1250/482/124 1249/485/124 1247/483/123
f 1252/484/125 1251/487/125 1249/485/124
f 1254/486/126 1253/489/126 1251/487/125
f 1256/488/127 1255/491/127 1253/489/126
f 1258/490/128 1257/493/128 1255/491/127
f 1260/492/129 1259/495/129 1257/493/128
f 1262/494/130 1261/497/130 1259/495/129
f 1264/496/131 1263/499/131 1261/497/130
f 1266/498/132 1265/501/132 1263/499/131
f 1268/500/133 1267/503/133 1265/501/132
f 1270/502/134 1269/505/136 1267/503/133
f 1272/504/135 1271/506/135 1269/505/136
f 1030/260/12 1029/8/12 1271/506/135
f 1274/239/3 1276/264/7 1275/262/7
f 1278/263/11 1277/235/11 1275/262/7
f 1280/265/6 1279/266/6 1277/235/11
f 1274/260/3 1273/8/3 1279/266/6
f 1284/507/137 1283/509/137 1281/10/138
f 1286/508/139 1285/511/139 1283/509/137
f 1288/510/140 1287/513/140 1285/511/139
f 1290/512/141 1289/515/141 1287/513/140
f 1292/514/142 1291/517/142 1289/515/141
f 1294/516/143 1293/519/143 1291/517/142
f 1296/518/144 1295/521/144 1293/519/143
f 1298/520/145 1297/523/145 1295/521/144
f 1300/522/146 1299/525/146 1297/523/145
f 1300/522/146 1302/527/147 1301/524/147
f 1304/526/148 1303/528/148 1301/524/147
f 1306/264/149 1305/262/149 1303/528/148
f 1306/264/149 1308/531/150 1307/529/150
f 1310/530/151 1309/533/151 1307/529/150
f 1312/532/152 1311/534/152 1309/533/151
f 1314/245/153 1313/1/153 1311/534/152
f 1316/535/154 1315/537/154 1313/1/153
f 1318/536/155 1317/539/155 1315/537/154
f 1320/538/156 1319/541/156 1317/539/155
f 1322/540/157 1321/543/157 1319/541/156
f 1324/542/158 1323/545/158 1321/543/157
f 1326/544/159 1325/547/159 1323/545/158
f 1328/546/160 1327/548/160 1325/547/159
f 1330/263/161 1329/235/161 1327/548/160
f 1332/549/162 1331/551/162 1329/235/161
f 1334/550/163 1333/553/163 1331/551/162
f 1336/552/164 1335/555/164 1333/553/163
f 1336/552/164 1338/557/165 1337/554/165
f 1340/556/166 1339/559/166 1337/554/165
f 1340/556/166 1342/561/167 1341/558/167
f 1344/560/168 1343/562/168 1341/558/167
f 1346/252/169 1345/5/169 1343/562/168
f 1346/252/169 1348/565/170 1347/563/170
f 1350/564/171 1349/567/171 1347/563/170
f 1350/564/171 1352/568/172 1351/566/172
f 1352/568/172 1354/265/173 1353/266/173
f 1356/569/174 1355/571/174 1353/266/173
f 1356/569/174 1358/573/175 1357/570/175
f 1360/572/176 1359/575/176 1357/570/175
f 1362/574/177 1361/577/177 1359/575/176
f 1362/574/177 1364/579/178 1363/576/178
f 1366/578/179 1365/581/179 1363/576/178
f 1366/578/179 1368/583/180 1367/580/180
f 1370/582/181 1369/585/181 1367/580/180
f 1372/584/182 1371/587/182 1369/585/181
f 1374/586/183 1373/589/183 1371/587/182
f 1376/588/184 1375/590/184 1373/589/183
f 1282/260/138 1281/8/138 1375/590/184
f 1380/507/185 1379/509/185 1377/10/186
f 1382/508/187 1381/511/189 1379/509/185
f 1384/510/188 1383/513/188 1381/511/189
f 1384/510/188 1386/512/190 1385/515/190
f 1388/514/191 1387/517/191 1385/515/190
f 1390/516/192 1389/519/192 1387/517/191
f 1392/518/193 1391/521/193 1389/519/192
f 1392/518/193 1394/520/194 1393/523/194
f 1396/522/195 1395/525/195 1393/523/194
f 1396/522/195 1398/527/196 1397/524/196
f 1400/526/197 1399/528/197 1397/524/196
f 1402/264/198 1401/262/198 1399/528/197
f 1402/264/198 1404/531/199 1403/529/199
f 1406/530/200 1405/533/200 1403/529/199
f 1406/530/200 1408/532/201 1407/534/201
f 1410/245/202 1409/1/202 1407/534/201
f 1412/535/203 1411/537/203 1409/1/202
f 1414/536/204 1413/539/204 1411/537/203
f 1414/536/204 1416/538/205 1415/541/205
f 1418/540/206 1417/543/206 1415/541/205
f 1420/542/207 1419/545/207 1417/543/206
f 1422/544/208 1421/547/208 1419/545/207
f 1424/546/209 1423/548/209 1421/547/208
f 1426/263/210 1425/235/210 1423/548/209
f 1428/549/211 1427/551/211 1425/235/210
f 1430/550/212 1429/553/212 1427/551/211
f 1432/552/213 1431/555/213 1429/553/212
f 1434/557/214 1433/554/214 1431/555/213
f 1436/556/215 1435/559/215 1433/554/214
f 1438/561/216 1437/558/216 1435/559/215
f 1440/560/217 1439/562/217 1437/558/216
f 1442/252/218 1441/5/218 1439/562/217
f 1444/565/219 1443/563/219 1441/5/218
f 1446/564/220 1445/567/220 1443/563/219
f 1446/564/220 1448/568/221 1447/566/221
f 1448/568/221 1450/265/222 1449/266/222
f 1452/569/223 1451/571/223 1449/266/222
f 1454/573/224 1453/570/224 1451/571/223
f 1456/572/225 1455/575/225 1453/570/224
f 1458/574/226 1457/577/226 1455/575/225
f 1460/579/227 1459/576/227 1457/577/226
f 1462/578/228 1461/581/228 1459/576/227
f 1464/583/229 1463/580/229 1461/581/228
f 1466/582/230 1465/585/230 1463/580/229
f 1468/584/231 1467/587/231 1465/585/230
f 1470/586/232 1469/589/232 1467/587/231
f 1472/588/233 1471/590/233 1469/589/232
f 1378/260/186 1377/8/186 1471/590/233
f 1476/591/234 1475/592/236 1473/10/235
f 1478/242/6 1477/96/6 1475/592/236
f 1480/593/3 1479/594/3 1477/96/6
f 1480/593/3 1482/247/7 1481/43/7
f 1484/263/237 1483/235/237 1481/43/7
f 1486/253/238 1485/64/238 1483/235/237
f 1488/595/7 1487/596/7 1485/64/238
f 1490/255/11 1489/34/11 1487/596/7
f 1492/597/6 1491/598/6 1489/34/11
f 1474/260/235 1473/8/235 1491/598/6
