# Blender 4.2.3 LTS
# www.blender.org
mtllib title_3.mtl
o title_3
v 0.210840 0.445152 -0.050000
v 0.205384 0.430713 -0.050000
v 0.200172 0.415844 -0.050000
v 0.195241 0.400704 -0.050000
v 0.190629 0.385453 -0.050000
v 0.186375 0.370250 -0.050000
v 0.182517 0.355256 -0.050000
v 0.179093 0.340630 -0.050000
v 0.176141 0.326531 -0.050000
v 0.173699 0.313120 -0.050000
v 0.171806 0.300557 -0.050000
v 0.170500 0.289000 -0.050000
v 0.239500 0.272000 -0.050000
v 0.240537 0.283597 -0.050000
v 0.242130 0.296273 -0.050000
v 0.244250 0.309859 -0.050000
v 0.246870 0.324185 -0.050000
v 0.249963 0.339080 -0.050000
v 0.253500 0.354375 -0.050000
v 0.257454 0.369899 -0.050000
v 0.261796 0.385481 -0.050000
v 0.266500 0.400953 -0.050000
v 0.271537 0.416144 -0.050000
v 0.276880 0.430883 -0.050000
v 0.282500 0.445000 -0.050000
v 0.216500 0.459000 -0.050000
v -0.328333 0.433128 -0.050000
v -0.340245 0.419606 -0.050000
v -0.352109 0.405578 -0.050000
v -0.363796 0.391185 -0.050000
v -0.375178 0.376570 -0.050000
v -0.386125 0.361875 -0.050000
v -0.396510 0.347242 -0.050000
v -0.406204 0.332815 -0.050000
v -0.415078 0.318734 -0.050000
v -0.423005 0.305144 -0.050000
v -0.429855 0.292185 -0.050000
v -0.435500 0.280000 -0.050000
v -0.375500 0.243000 -0.050000
v -0.369895 0.255494 -0.050000
v -0.363157 0.268866 -0.050000
v -0.355406 0.282953 -0.050000
v -0.346759 0.297593 -0.050000
v -0.337335 0.312621 -0.050000
v -0.327250 0.327875 -0.050000
v -0.316624 0.343192 -0.050000
v -0.305574 0.358407 -0.050000
v -0.294219 0.373359 -0.050000
v -0.282676 0.387884 -0.050000
v -0.271064 0.401819 -0.050000
v -0.259500 0.415000 -0.050000
v -0.316500 0.446000 -0.050000
v -0.048074 0.416084 -0.050000
v -0.039338 0.398921 -0.050000
v -0.030359 0.381641 -0.050000
v -0.021204 0.364370 -0.050000
v -0.011937 0.347239 -0.050000
v -0.002625 0.330375 -0.050000
v 0.006666 0.313907 -0.050000
v 0.015870 0.297963 -0.050000
v 0.024922 0.282672 -0.050000
v 0.033755 0.268162 -0.050000
v 0.042303 0.254562 -0.050000
v 0.050500 0.242000 -0.050000
v 0.109500 0.264000 -0.050000
v 0.101619 0.277384 -0.050000
v 0.093532 0.291903 -0.050000
v 0.085328 0.307359 -0.050000
v 0.077093 0.323556 -0.050000
v 0.068913 0.340293 -0.050000
v 0.060875 0.357375 -0.050000
v 0.053067 0.374602 -0.050000
v 0.045574 0.391778 -0.050000
v 0.038484 0.408703 -0.050000
v 0.031884 0.425181 -0.050000
v 0.025861 0.441012 -0.050000
v 0.020500 0.456000 -0.050000
v -0.056500 0.433000 -0.050000
v -0.198062 0.433314 -0.050000
v -0.198745 0.409764 -0.050000
v -0.199547 0.386359 -0.050000
v -0.200463 0.363111 -0.050000
v -0.201490 0.340029 -0.050000
v -0.202625 0.317125 -0.050000
v -0.203864 0.294408 -0.050000
v -0.205204 0.271889 -0.050000
v -0.206641 0.249578 -0.050000
v -0.208171 0.227486 -0.050000
v -0.209792 0.205623 -0.050000
v -0.211500 0.184000 -0.050000
v -0.446500 0.213000 -0.050000
v -0.455500 0.144000 -0.050000
v -0.217500 0.114000 -0.050000
v -0.220042 0.090939 -0.050000
v -0.222671 0.068264 -0.050000
v -0.225391 0.045984 -0.050000
v -0.228204 0.024111 -0.050000
v -0.231114 0.002655 -0.050000
v -0.234125 -0.018375 -0.050000
v -0.237240 -0.038967 -0.050000
v -0.240463 -0.059111 -0.050000
v -0.243797 -0.078797 -0.050000
v -0.247245 -0.098014 -0.050000
v -0.250812 -0.116752 -0.050000
v -0.254500 -0.135000 -0.050000
v -0.265561 -0.117378 -0.050000
v -0.276241 -0.099523 -0.050000
v -0.286531 -0.081453 -0.050000
v -0.296426 -0.063185 -0.050000
v -0.305918 -0.044737 -0.050000
v -0.315000 -0.026125 -0.050000
v -0.323666 -0.007367 -0.050000
v -0.331907 0.011519 -0.050000
v -0.339719 0.030516 -0.050000
v -0.347093 0.049606 -0.050000
v -0.354022 0.068774 -0.050000
v -0.360500 0.088000 -0.050000
v -0.419500 0.055000 -0.050000
v -0.410899 0.030777 -0.050000
v -0.401611 0.006634 -0.050000
v -0.391656 -0.017391 -0.050000
v -0.381056 -0.041259 -0.050000
v -0.369830 -0.064933 -0.050000
v -0.358000 -0.088375 -0.050000
v -0.345587 -0.111546 -0.050000
v -0.332611 -0.134407 -0.050000
v -0.319094 -0.156922 -0.050000
v -0.305056 -0.179051 -0.050000
v -0.290517 -0.200756 -0.050000
v -0.275500 -0.222000 -0.050000
v -0.282125 -0.243761 -0.050000
v -0.289000 -0.264005 -0.050000
v -0.296125 -0.282672 -0.050000
v -0.303500 -0.299704 -0.050000
v -0.311125 -0.315041 -0.050000
v -0.319000 -0.328625 -0.050000
v -0.327125 -0.340396 -0.050000
v -0.335500 -0.350296 -0.050000
v -0.344125 -0.358266 -0.050000
v -0.353000 -0.364245 -0.050000
v -0.362125 -0.368177 -0.050000
v -0.371500 -0.370000 -0.050000
v -0.376605 -0.368881 -0.050000
v -0.381421 -0.365546 -0.050000
v -0.385953 -0.360031 -0.050000
v -0.390204 -0.352370 -0.050000
v -0.394177 -0.342598 -0.050000
v -0.397875 -0.330750 -0.050000
v -0.401303 -0.316860 -0.050000
v -0.404463 -0.300963 -0.050000
v -0.407359 -0.283094 -0.050000
v -0.409995 -0.263287 -0.050000
v -0.412374 -0.241578 -0.050000
v -0.414500 -0.218000 -0.050000
v -0.418295 -0.221824 -0.050000
v -0.422606 -0.225755 -0.050000
v -0.427328 -0.229734 -0.050000
v -0.432352 -0.233704 -0.050000
v -0.437570 -0.237604 -0.050000
v -0.442875 -0.241375 -0.050000
v -0.448159 -0.244959 -0.050000
v -0.453315 -0.248296 -0.050000
v -0.458234 -0.251328 -0.050000
v -0.462810 -0.253995 -0.050000
v -0.466935 -0.256239 -0.050000
v -0.470500 -0.258000 -0.050000
v -0.464924 -0.294725 -0.050000
v -0.458727 -0.327046 -0.050000
v -0.451953 -0.355188 -0.050000
v -0.444648 -0.379370 -0.050000
v -0.436857 -0.399817 -0.050000
v -0.428625 -0.416750 -0.050000
v -0.419997 -0.430391 -0.050000
v -0.411019 -0.440963 -0.050000
v -0.401734 -0.448688 -0.050000
v -0.392190 -0.453787 -0.050000
v -0.382430 -0.456484 -0.050000
v -0.372500 -0.457000 -0.050000
v -0.356122 -0.455051 -0.050000
v -0.340477 -0.450741 -0.050000
v -0.325547 -0.444125 -0.050000
v -0.311315 -0.435259 -0.050000
v -0.297763 -0.424199 -0.050000
v -0.284875 -0.411000 -0.050000
v -0.272633 -0.395718 -0.050000
v -0.261019 -0.378407 -0.050000
v -0.250016 -0.359125 -0.050000
v -0.239606 -0.337926 -0.050000
v -0.229774 -0.314866 -0.050000
v -0.220500 -0.290000 -0.050000
v -0.205085 -0.306787 -0.050000
v -0.189347 -0.323125 -0.050000
v -0.173297 -0.338984 -0.050000
v -0.156944 -0.354333 -0.050000
v -0.140300 -0.369141 -0.050000
v -0.123375 -0.383375 -0.050000
v -0.106179 -0.397005 -0.050000
v -0.088722 -0.410000 -0.050000
v -0.071016 -0.422328 -0.050000
v -0.053069 -0.433958 -0.050000
v -0.034894 -0.444859 -0.050000
v -0.016500 -0.455000 -0.050000
v -0.013069 -0.450405 -0.050000
v -0.009301 -0.445653 -0.050000
v -0.005234 -0.440797 -0.050000
v -0.000907 -0.435889 -0.050000
v 0.003642 -0.430981 -0.050000
v 0.008375 -0.426125 -0.050000
v 0.013254 -0.421373 -0.050000
v 0.018241 -0.416778 -0.050000
v 0.023297 -0.412391 -0.050000
v 0.028384 -0.408264 -0.050000
v 0.033465 -0.404450 -0.050000
v 0.038500 -0.401000 -0.050000
v 0.016650 -0.390215 -0.050000
v -0.004884 -0.378389 -0.050000
v -0.026078 -0.365563 -0.050000
v -0.046907 -0.351778 -0.050000
v -0.067348 -0.337076 -0.050000
v -0.087375 -0.321500 -0.050000
v -0.106965 -0.305090 -0.050000
v -0.126093 -0.287889 -0.050000
v -0.144734 -0.269938 -0.050000
v -0.162866 -0.251278 -0.050000
v -0.180462 -0.231951 -0.050000
v -0.197500 -0.212000 -0.050000
v -0.192124 -0.189587 -0.050000
v -0.186991 -0.166361 -0.050000
v -0.182094 -0.142344 -0.050000
v -0.177426 -0.117556 -0.050000
v -0.172980 -0.092017 -0.050000
v -0.168750 -0.065750 -0.050000
v -0.164728 -0.038774 -0.050000
v -0.160907 -0.011111 -0.050000
v -0.157281 0.017219 -0.050000
v -0.153843 0.046194 -0.050000
v -0.150584 0.075795 -0.050000
v -0.147500 0.106000 -0.050000
v -0.038500 0.092000 -0.050000
v -0.029500 0.162000 -0.050000
v -0.141500 0.176000 -0.050000
v -0.139792 0.198124 -0.050000
v -0.138167 0.220495 -0.050000
v -0.136625 0.243109 -0.050000
v -0.135167 0.265963 -0.050000
v -0.133792 0.289053 -0.050000
v -0.132500 0.312375 -0.050000
v -0.131292 0.335927 -0.050000
v -0.130167 0.359704 -0.050000
v -0.129125 0.383703 -0.050000
v -0.128167 0.407921 -0.050000
v -0.127292 0.432355 -0.050000
v -0.126500 0.457000 -0.050000
v -0.197500 0.457000 -0.050000
v 0.240500 -0.069000 -0.050000
v 0.240500 0.023000 -0.050000
v 0.370500 0.023000 -0.050000
v 0.370500 -0.069000 -0.050000
v 0.044500 -0.069000 -0.050000
v 0.044500 0.023000 -0.050000
v 0.174500 0.023000 -0.050000
v 0.174500 -0.069000 -0.050000
v 0.240500 0.079000 -0.050000
v 0.240500 0.170000 -0.050000
v 0.370500 0.170000 -0.050000
v 0.370500 0.079000 -0.050000
v 0.044500 0.079000 -0.050000
v 0.044500 0.170000 -0.050000
v 0.174500 0.170000 -0.050000
v 0.174500 0.079000 -0.050000
v 0.243500 -0.128000 -0.050000
v 0.434500 -0.128000 -0.050000
v 0.434500 0.229000 -0.050000
v -0.021500 0.229000 -0.050000
v -0.021500 -0.128000 -0.050000
v 0.171500 -0.128000 -0.050000
v 0.171500 -0.215000 -0.050000
v -0.052500 -0.215000 -0.050000
v -0.052500 -0.282000 -0.050000
v 0.171500 -0.282000 -0.050000
v 0.171500 -0.458000 -0.050000
v 0.243500 -0.458000 -0.050000
v 0.243500 -0.282000 -0.050000
v 0.470500 -0.282000 -0.050000
v 0.470500 -0.215000 -0.050000
v 0.243500 -0.215000 -0.050000
v 0.397303 0.425919 -0.050000
v 0.389259 0.412269 -0.050000
v 0.381438 0.398188 -0.050000
v 0.373907 0.383815 -0.050000
v 0.366738 0.369289 -0.050000
v 0.360000 0.354750 -0.050000
v 0.353762 0.340336 -0.050000
v 0.348093 0.326185 -0.050000
v 0.343063 0.312438 -0.050000
v 0.338741 0.299231 -0.050000
v 0.335197 0.286706 -0.050000
v 0.332500 0.275000 -0.050000
v 0.397500 0.250000 -0.050000
v 0.400176 0.261766 -0.050000
v 0.403657 0.274458 -0.050000
v 0.407875 0.287922 -0.050000
v 0.412759 0.302000 -0.050000
v 0.418241 0.316536 -0.050000
v 0.424250 0.331375 -0.050000
v 0.430718 0.346359 -0.050000
v 0.437574 0.361333 -0.050000
v 0.444750 0.376141 -0.050000
v 0.452176 0.390625 -0.050000
v 0.459782 0.404630 -0.050000
v 0.467500 0.418000 -0.050000
v 0.405500 0.439000 -0.050000
v 0.210840 0.445152 0.050000
v 0.205384 0.430713 0.050000
v 0.200172 0.415844 0.050000
v 0.195241 0.400704 0.050000
v 0.190629 0.385453 0.050000
v 0.186375 0.370250 0.050000
v 0.182517 0.355256 0.050000
v 0.179093 0.340630 0.050000
v 0.176141 0.326531 0.050000
v 0.173699 0.313120 0.050000
v 0.171806 0.300557 0.050000
v 0.170500 0.289000 0.050000
v 0.239500 0.272000 0.050000
v 0.240537 0.283597 0.050000
v 0.242130 0.296273 0.050000
v 0.244250 0.309859 0.050000
v 0.246870 0.324185 0.050000
v 0.249963 0.339080 0.050000
v 0.253500 0.354375 0.050000
v 0.257454 0.369899 0.050000
v 0.261796 0.385481 0.050000
v 0.266500 0.400953 0.050000
v 0.271537 0.416144 0.050000
v 0.276880 0.430883 0.050000
v 0.282500 0.445000 0.050000
v 0.216500 0.459000 0.050000
v -0.328333 0.433128 0.050000
v -0.340245 0.419606 0.050000
v -0.352109 0.405578 0.050000
v -0.363796 0.391185 0.050000
v -0.375178 0.376570 0.050000
v -0.386125 0.361875 0.050000
v -0.396510 0.347242 0.050000
v -0.406204 0.332815 0.050000
v -0.415078 0.318734 0.050000
v -0.423005 0.305144 0.050000
v -0.429855 0.292185 0.050000
v -0.435500 0.280000 0.050000
v -0.375500 0.243000 0.050000
v -0.369895 0.255494 0.050000
v -0.363157 0.268866 0.050000
v -0.355406 0.282953 0.050000
v -0.346759 0.297593 0.050000
v -0.337335 0.312621 0.050000
v -0.327250 0.327875 0.050000
v -0.316624 0.343192 0.050000
v -0.305574 0.358407 0.050000
v -0.294219 0.373359 0.050000
v -0.282676 0.387884 0.050000
v -0.271064 0.401819 0.050000
v -0.259500 0.415000 0.050000
v -0.316500 0.446000 0.050000
v -0.048074 0.416084 0.050000
v -0.039338 0.398921 0.050000
v -0.030359 0.381641 0.050000
v -0.021204 0.364370 0.050000
v -0.011937 0.347239 0.050000
v -0.002625 0.330375 0.050000
v 0.006666 0.313907 0.050000
v 0.015870 0.297963 0.050000
v 0.024922 0.282672 0.050000
v 0.033755 0.268162 0.050000
v 0.042303 0.254562 0.050000
v 0.050500 0.242000 0.050000
v 0.109500 0.264000 0.050000
v 0.101619 0.277384 0.050000
v 0.093532 0.291903 0.050000
v 0.085328 0.307359 0.050000
v 0.077093 0.323556 0.050000
v 0.068913 0.340293 0.050000
v 0.060875 0.357375 0.050000
v 0.053067 0.374602 0.050000
v 0.045574 0.391778 0.050000
v 0.038484 0.408703 0.050000
v 0.031884 0.425181 0.050000
v 0.025861 0.441012 0.050000
v 0.020500 0.456000 0.050000
v -0.056500 0.433000 0.050000
v -0.198062 0.433314 0.050000
v -0.198745 0.409764 0.050000
v -0.199547 0.386359 0.050000
v -0.200463 0.363111 0.050000
v -0.201490 0.340029 0.050000
v -0.202625 0.317125 0.050000
v -0.203864 0.294408 0.050000
v -0.205204 0.271889 0.050000
v -0.206641 0.249578 0.050000
v -0.208171 0.227486 0.050000
v -0.209792 0.205623 0.050000
v -0.211500 0.184000 0.050000
v -0.446500 0.213000 0.050000
v -0.455500 0.144000 0.050000
v -0.217500 0.114000 0.050000
v -0.220042 0.090939 0.050000
v -0.222671 0.068264 0.050000
v -0.225391 0.045984 0.050000
v -0.228204 0.024111 0.050000
v -0.231114 0.002655 0.050000
v -0.234125 -0.018375 0.050000
v -0.237240 -0.038967 0.050000
v -0.240463 -0.059111 0.050000
v -0.243797 -0.078797 0.050000
v -0.247245 -0.098014 0.050000
v -0.250812 -0.116752 0.050000
v -0.254500 -0.135000 0.050000
v -0.265561 -0.117378 0.050000
v -0.276241 -0.099523 0.050000
v -0.286531 -0.081453 0.050000
v -0.296426 -0.063185 0.050000
v -0.305918 -0.044737 0.050000
v -0.315000 -0.026125 0.050000
v -0.323666 -0.007367 0.050000
v -0.331907 0.011519 0.050000
v -0.339719 0.030516 0.050000
v -0.347093 0.049606 0.050000
v -0.354022 0.068774 0.050000
v -0.360500 0.088000 0.050000
v -0.419500 0.055000 0.050000
v -0.410899 0.030777 0.050000
v -0.401611 0.006634 0.050000
v -0.391656 -0.017391 0.050000
v -0.381056 -0.041259 0.050000
v -0.369830 -0.064933 0.050000
v -0.358000 -0.088375 0.050000
v -0.345587 -0.111546 0.050000
v -0.332611 -0.134407 0.050000
v -0.319094 -0.156922 0.050000
v -0.305056 -0.179051 0.050000
v -0.290517 -0.200756 0.050000
v -0.275500 -0.222000 0.050000
v -0.282125 -0.243761 0.050000
v -0.289000 -0.264005 0.050000
v -0.296125 -0.282672 0.050000
v -0.303500 -0.299704 0.050000
v -0.311125 -0.315041 0.050000
v -0.319000 -0.328625 0.050000
v -0.327125 -0.340396 0.050000
v -0.335500 -0.350296 0.050000
v -0.344125 -0.358266 0.050000
v -0.353000 -0.364245 0.050000
v -0.362125 -0.368177 0.050000
v -0.371500 -0.370000 0.050000
v -0.376605 -0.368881 0.050000
v -0.381421 -0.365546 0.050000
v -0.385953 -0.360031 0.050000
v -0.390204 -0.352370 0.050000
v -0.394177 -0.342598 0.050000
v -0.397875 -0.330750 0.050000
v -0.401303 -0.316860 0.050000
v -0.404463 -0.300963 0.050000
v -0.407359 -0.283094 0.050000
v -0.409995 -0.263287 0.050000
v -0.412374 -0.241578 0.050000
v -0.414500 -0.218000 0.050000
v -0.418295 -0.221824 0.050000
v -0.422606 -0.225755 0.050000
v -0.427328 -0.229734 0.050000
v -0.432352 -0.233704 0.050000
v -0.437570 -0.237604 0.050000
v -0.442875 -0.241375 0.050000
v -0.448159 -0.244959 0.050000
v -0.453315 -0.248296 0.050000
v -0.458234 -0.251328 0.050000
v -0.462810 -0.253995 0.050000
v -0.466935 -0.256239 0.050000
v -0.470500 -0.258000 0.050000
v -0.464924 -0.294725 0.050000
v -0.458727 -0.327046 0.050000
v -0.451953 -0.355188 0.050000
v -0.444648 -0.379370 0.050000
v -0.436857 -0.399817 0.050000
v -0.428625 -0.416750 0.050000
v -0.419997 -0.430391 0.050000
v -0.411019 -0.440963 0.050000
v -0.401734 -0.448688 0.050000
v -0.392190 -0.453787 0.050000
v -0.382430 -0.456484 0.050000
v -0.372500 -0.457000 0.050000
v -0.356122 -0.455051 0.050000
v -0.340477 -0.450741 0.050000
v -0.325547 -0.444125 0.050000
v -0.311315 -0.435259 0.050000
v -0.297763 -0.424199 0.050000
v -0.284875 -0.411000 0.050000
v -0.272633 -0.395718 0.050000
v -0.261019 -0.378407 0.050000
v -0.250016 -0.359125 0.050000
v -0.239606 -0.337926 0.050000
v -0.229774 -0.314866 0.050000
v -0.220500 -0.290000 0.050000
v -0.205085 -0.306787 0.050000
v -0.189347 -0.323125 0.050000
v -0.173297 -0.338984 0.050000
v -0.156944 -0.354333 0.050000
v -0.140300 -0.369141 0.050000
v -0.123375 -0.383375 0.050000
v -0.106179 -0.397005 0.050000
v -0.088722 -0.410000 0.050000
v -0.071016 -0.422328 0.050000
v -0.053069 -0.433958 0.050000
v -0.034894 -0.444859 0.050000
v -0.016500 -0.455000 0.050000
v -0.013069 -0.450405 0.050000
v -0.009301 -0.445653 0.050000
v -0.005234 -0.440797 0.050000
v -0.000907 -0.435889 0.050000
v 0.003642 -0.430981 0.050000
v 0.008375 -0.426125 0.050000
v 0.013254 -0.421373 0.050000
v 0.018241 -0.416778 0.050000
v 0.023297 -0.412391 0.050000
v 0.028384 -0.408264 0.050000
v 0.033465 -0.404450 0.050000
v 0.038500 -0.401000 0.050000
v 0.016650 -0.390215 0.050000
v -0.004884 -0.378389 0.050000
v -0.026078 -0.365563 0.050000
v -0.046907 -0.351778 0.050000
v -0.067348 -0.337076 0.050000
v -0.087375 -0.321500 0.050000
v -0.106965 -0.305090 0.050000
v -0.126093 -0.287889 0.050000
v -0.144734 -0.269938 0.050000
v -0.162866 -0.251278 0.050000
v -0.180462 -0.231951 0.050000
v -0.197500 -0.212000 0.050000
v -0.192124 -0.189587 0.050000
v -0.186991 -0.166361 0.050000
v -0.182094 -0.142344 0.050000
v -0.177426 -0.117556 0.050000
v -0.172980 -0.092017 0.050000
v -0.168750 -0.065750 0.050000
v -0.164728 -0.038774 0.050000
v -0.160907 -0.011111 0.050000
v -0.157281 0.017219 0.050000
v -0.153843 0.046194 0.050000
v -0.150584 0.075795 0.050000
v -0.147500 0.106000 0.050000
v -0.038500 0.092000 0.050000
v -0.029500 0.162000 0.050000
v -0.141500 0.176000 0.050000
v -0.139792 0.198124 0.050000
v -0.138167 0.220495 0.050000
v -0.136625 0.243109 0.050000
v -0.135167 0.265963 0.050000
v -0.133792 0.289053 0.050000
v -0.132500 0.312375 0.050000
v -0.131292 0.335927 0.050000
v -0.130167 0.359704 0.050000
v -0.129125 0.383703 0.050000
v -0.128167 0.407921 0.050000
v -0.127292 0.432355 0.050000
v -0.126500 0.457000 0.050000
v -0.197500 0.457000 0.050000
v 0.240500 -0.069000 0.050000
v 0.240500 0.023000 0.050000
v 0.370500 0.023000 0.050000
v 0.370500 -0.069000 0.050000
v 0.044500 -0.069000 0.050000
v 0.044500 0.023000 0.050000
v 0.174500 0.023000 0.050000
v 0.174500 -0.069000 0.050000
v 0.240500 0.079000 0.050000
v 0.240500 0.170000 0.050000
v 0.370500 0.170000 0.050000
v 0.370500 0.079000 0.050000
v 0.044500 0.079000 0.050000
v 0.044500 0.170000 0.050000
v 0.174500 0.170000 0.050000
v 0.174500 0.079000 0.050000
v 0.243500 -0.128000 0.050000
v 0.434500 -0.128000 0.050000
v 0.434500 0.229000 0.050000
v -0.021500 0.229000 0.050000
v -0.021500 -0.128000 0.050000
v 0.171500 -0.128000 0.050000
v 0.171500 -0.215000 0.050000
v -0.052500 -0.215000 0.050000
v -0.052500 -0.282000 0.050000
v 0.171500 -0.282000 0.050000
v 0.171500 -0.458000 0.050000
v 0.243500 -0.458000 0.050000
v 0.243500 -0.282000 0.050000
v 0.470500 -0.282000 0.050000
v 0.470500 -0.215000 0.050000
v 0.243500 -0.215000 0.050000
v 0.397303 0.425919 0.050000
v 0.389259 0.412269 0.050000
v 0.381438 0.398188 0.050000
v 0.373907 0.383815 0.050000
v 0.366738 0.369289 0.050000
v 0.360000 0.354750 0.050000
v 0.353762 0.340336 0.050000
v 0.348093 0.326185 0.050000
v 0.343063 0.312438 0.050000
v 0.338741 0.299231 0.050000
v 0.335197 0.286706 0.050000
v 0.332500 0.275000 0.050000
v 0.397500 0.250000 0.050000
v 0.400176 0.261766 0.050000
v 0.403657 0.274458 0.050000
v 0.407875 0.287922 0.050000
v 0.412759 0.302000 0.050000
v 0.418241 0.316536 0.050000
v 0.424250 0.331375 0.050000
v 0.430718 0.346359 0.050000
v 0.437574 0.361333 0.050000
v 0.444750 0.376141 0.050000
v 0.452176 0.390625 0.050000
v 0.459782 0.404630 0.050000
v 0.467500 0.418000 0.050000
v 0.405500 0.439000 0.050000
v -0.328333 0.433128 0.050000
v -0.328333 0.433128 -0.050000
v -0.340245 0.419606 0.050000
v -0.340245 0.419606 -0.050000
v -0.352109 0.405578 0.050000
v -0.352109 0.405578 -0.050000
v -0.363796 0.391185 0.050000
v -0.363796 0.391185 -0.050000
v -0.375178 0.376570 0.050000
v -0.375178 0.376570 -0.050000
v -0.386125 0.361875 0.050000
v -0.386125 0.361875 -0.050000
v -0.396510 0.347242 0.050000
v -0.396510 0.347242 -0.050000
v -0.406204 0.332815 0.050000
v -0.406204 0.332815 -0.050000
v -0.415078 0.318734 0.050000
v -0.415078 0.318734 -0.050000
v -0.423005 0.305144 0.050000
v -0.423005 0.305144 -0.050000
v -0.429855 0.292185 0.050000
v -0.429855 0.292185 -0.050000
v -0.435500 0.280000 0.050000
v -0.435500 0.280000 -0.050000
v -0.375500 0.243000 0.050000
v -0.375500 0.243000 -0.050000
v -0.369895 0.255494 0.050000
v -0.369895 0.255494 -0.050000
v -0.363157 0.268866 0.050000
v -0.363157 0.268866 -0.050000
v -0.355406 0.282953 0.050000
v -0.355406 0.282953 -0.050000
v -0.346759 0.297593 0.050000
v -0.346759 0.297593 -0.050000
v -0.337335 0.312621 0.050000
v -0.337335 0.312621 -0.050000
v -0.327250 0.327875 0.050000
v -0.327250 0.327875 -0.050000
v -0.316624 0.343192 0.050000
v -0.316624 0.343192 -0.050000
v -0.305574 0.358407 0.050000
v -0.305574 0.358407 -0.050000
v -0.294219 0.373359 0.050000
v -0.294219 0.373359 -0.050000
v -0.282676 0.387884 0.050000
v -0.282676 0.387884 -0.050000
v -0.271064 0.401819 0.050000
v -0.271064 0.401819 -0.050000
v -0.259500 0.415000 0.050000
v -0.259500 0.415000 -0.050000
v -0.316500 0.446000 0.050000
v -0.316500 0.446000 -0.050000
v 0.397303 0.425919 0.050000
v 0.397303 0.425919 -0.050000
v 0.389259 0.412269 0.050000
v 0.389259 0.412269 -0.050000
v 0.381438 0.398188 0.050000
v 0.381438 0.398188 -0.050000
v 0.373907 0.383815 0.050000
v 0.373907 0.383815 -0.050000
v 0.366738 0.369289 0.050000
v 0.366738 0.369289 -0.050000
v 0.360000 0.354750 0.050000
v 0.360000 0.354750 -0.050000
v 0.353762 0.340336 0.050000
v 0.353762 0.340336 -0.050000
v 0.348093 0.326185 0.050000
v 0.348093 0.326185 -0.050000
v 0.343063 0.312438 0.050000
v 0.343063 0.312438 -0.050000
v 0.338741 0.299231 0.050000
v 0.338741 0.299231 -0.050000
v 0.335197 0.286706 0.050000
v 0.335197 0.286706 -0.050000
v 0.332500 0.275000 0.050000
v 0.332500 0.275000 -0.050000
v 0.397500 0.250000 0.050000
v 0.397500 0.250000 -0.050000
v 0.400176 0.261766 0.050000
v 0.400176 0.261766 -0.050000
v 0.403657 0.274458 0.050000
v 0.403657 0.274458 -0.050000
v 0.407875 0.287922 0.050000
v 0.407875 0.287922 -0.050000
v 0.412759 0.302000 0.050000
v 0.412759 0.302000 -0.050000
v 0.418241 0.316536 0.050000
v 0.418241 0.316536 -0.050000
v 0.424250 0.331375 0.050000
v 0.424250 0.331375 -0.050000
v 0.430718 0.346359 0.050000
v 0.430718 0.346359 -0.050000
v 0.437574 0.361333 0.050000
v 0.437574 0.361333 -0.050000
v 0.444750 0.376141 0.050000
v 0.444750 0.376141 -0.050000
v 0.452176 0.390625 0.050000
v 0.452176 0.390625 -0.050000
v 0.459782 0.404630 0.050000
v 0.459782 0.404630 -0.050000
v 0.467500 0.418000 0.050000
v 0.467500 0.418000 -0.050000
v 0.405500 0.439000 0.050000
v 0.405500 0.439000 -0.050000
v 0.210840 0.445152 0.050000
v 0.210840 0.445152 -0.050000
v 0.205384 0.430713 0.050000
v 0.205384 0.430713 -0.050000
v 0.200172 0.415844 0.050000
v 0.200172 0.415844 -0.050000
v 0.195241 0.400704 0.050000
v 0.195241 0.400704 -0.050000
v 0.190629 0.385453 0.050000
v 0.190629 0.385453 -0.050000
v 0.186375 0.370250 0.050000
v 0.186375 0.370250 -0.050000
v 0.182517 0.355256 0.050000
v 0.182517 0.355256 -0.050000
v 0.179093 0.340630 0.050000
v 0.179093 0.340630 -0.050000
v 0.176141 0.326531 0.050000
v 0.176141 0.326531 -0.050000
v 0.173699 0.313120 0.050000
v 0.173699 0.313120 -0.050000
v 0.171806 0.300557 0.050000
v 0.171806 0.300557 -0.050000
v 0.170500 0.289000 0.050000
v 0.170500 0.289000 -0.050000
v 0.239500 0.272000 0.050000
v 0.239500 0.272000 -0.050000
v 0.240537 0.283597 0.050000
v 0.240537 0.283597 -0.050000
v 0.242130 0.296273 0.050000
v 0.242130 0.296273 -0.050000
v 0.244250 0.309859 0.050000
v 0.244250 0.309859 -0.050000
v 0.246870 0.324185 0.050000
v 0.246870 0.324185 -0.050000
v 0.249963 0.339080 0.050000
v 0.249963 0.339080 -0.050000
v 0.253500 0.354375 0.050000
v 0.253500 0.354375 -0.050000
v 0.257454 0.369899 0.050000
v 0.257454 0.369899 -0.050000
v 0.261796 0.385481 0.050000
v 0.261796 0.385481 -0.050000
v 0.266500 0.400953 0.050000
v 0.266500 0.400953 -0.050000
v 0.271537 0.416144 0.050000
v 0.271537 0.416144 -0.050000
v 0.276880 0.430883 0.050000
v 0.276880 0.430883 -0.050000
v 0.282500 0.445000 0.050000
v 0.282500 0.445000 -0.050000
v 0.216500 0.459000 0.050000
v 0.216500 0.459000 -0.050000
v -0.048074 0.416084 0.050000
v -0.048074 0.416084 -0.050000
v -0.039338 0.398921 0.050000
v -0.039338 0.398921 -0.050000
v -0.030359 0.381641 0.050000
v -0.030359 0.381641 -0.050000
v -0.021204 0.364370 0.050000
v -0.021204 0.364370 -0.050000
v -0.011937 0.347239 0.050000
v -0.011937 0.347239 -0.050000
v -0.002625 0.330375 0.050000
v -0.002625 0.330375 -0.050000
v 0.006666 0.313907 0.050000
v 0.006666 0.313907 -0.050000
v 0.015870 0.297963 0.050000
v 0.015870 0.297963 -0.050000
v 0.024922 0.282672 0.050000
v 0.024922 0.282672 -0.050000
v 0.033755 0.268162 0.050000
v 0.033755 0.268162 -0.050000
v 0.042303 0.254562 0.050000
v 0.042303 0.254562 -0.050000
v 0.050500 0.242000 0.050000
v 0.050500 0.242000 -0.050000
v 0.109500 0.264000 0.050000
v 0.109500 0.264000 -0.050000
v 0.101619 0.277384 0.050000
v 0.101619 0.277384 -0.050000
v 0.093532 0.291903 0.050000
v 0.093532 0.291903 -0.050000
v 0.085328 0.307359 0.050000
v 0.085328 0.307359 -0.050000
v 0.077093 0.323556 0.050000
v 0.077093 0.323556 -0.050000
v 0.068913 0.340293 0.050000
v 0.068913 0.340293 -0.050000
v 0.060875 0.357375 0.050000
v 0.060875 0.357375 -0.050000
v 0.053067 0.374602 0.050000
v 0.053067 0.374602 -0.050000
v 0.045574 0.391778 0.050000
v 0.045574 0.391778 -0.050000
v 0.038484 0.408703 0.050000
v 0.038484 0.408703 -0.050000
v 0.031884 0.425181 0.050000
v 0.031884 0.425181 -0.050000
v 0.025861 0.441012 0.050000
v 0.025861 0.441012 -0.050000
v 0.020500 0.456000 0.050000
v 0.020500 0.456000 -0.050000
v -0.056500 0.433000 0.050000
v -0.056500 0.433000 -0.050000
v -0.198062 0.433314 0.050000
v -0.198062 0.433314 -0.050000
v -0.198745 0.409764 0.050000
v -0.198745 0.409764 -0.050000
v -0.199547 0.386359 0.050000
v -0.199547 0.386359 -0.050000
v -0.200463 0.363111 0.050000
v -0.200463 0.363111 -0.050000
v -0.201490 0.340029 0.050000
v -0.201490 0.340029 -0.050000
v -0.202625 0.317125 0.050000
v -0.202625 0.317125 -0.050000
v -0.203864 0.294408 0.050000
v -0.203864 0.294408 -0.050000
v -0.205204 0.271889 0.050000
v -0.205204 0.271889 -0.050000
v -0.206641 0.249578 0.050000
v -0.206641 0.249578 -0.050000
v -0.208171 0.227486 0.050000
v -0.208171 0.227486 -0.050000
v -0.209792 0.205623 0.050000
v -0.209792 0.205623 -0.050000
v -0.211500 0.184000 0.050000
v -0.211500 0.184000 -0.050000
v -0.446500 0.213000 0.050000
v -0.446500 0.213000 -0.050000
v -0.455500 0.144000 0.050000
v -0.455500 0.144000 -0.050000
v -0.217500 0.114000 0.050000
v -0.217500 0.114000 -0.050000
v -0.220042 0.090939 0.050000
v -0.220042 0.090939 -0.050000
v -0.222671 0.068264 0.050000
v -0.222671 0.068264 -0.050000
v -0.225391 0.045984 0.050000
v -0.225391 0.045984 -0.050000
v -0.228204 0.024111 0.050000
v -0.228204 0.024111 -0.050000
v -0.231114 0.002655 0.050000
v -0.231114 0.002655 -0.050000
v -0.234125 -0.018375 0.050000
v -0.234125 -0.018375 -0.050000
v -0.237240 -0.038967 0.050000
v -0.237240 -0.038967 -0.050000
v -0.240463 -0.059111 0.050000
v -0.240463 -0.059111 -0.050000
v -0.243797 -0.078797 0.050000
v -0.243797 -0.078797 -0.050000
v -0.247245 -0.098014 0.050000
v -0.247245 -0.098014 -0.050000
v -0.250812 -0.116752 0.050000
v -0.250812 -0.116752 -0.050000
v -0.254500 -0.135000 0.050000
v -0.254500 -0.135000 -0.050000
v -0.265561 -0.117378 0.050000
v -0.265561 -0.117378 -0.050000
v -0.276241 -0.099523 0.050000
v -0.276241 -0.099523 -0.050000
v -0.286531 -0.081453 0.050000
v -0.286531 -0.081453 -0.050000
v -0.296426 -0.063185 0.050000
v -0.296426 -0.063185 -0.050000
v -0.305918 -0.044737 0.050000
v -0.305918 -0.044737 -0.050000
v -0.315000 -0.026125 0.050000
v -0.315000 -0.026125 -0.050000
v -0.323666 -0.007367 0.050000
v -0.323666 -0.007367 -0.050000
v -0.331907 0.011519 0.050000
v -0.331907 0.011519 -0.050000
v -0.339719 0.030516 0.050000
v -0.339719 0.030516 -0.050000
v -0.347093 0.049606 0.050000
v -0.347093 0.049606 -0.050000
v -0.354022 0.068774 0.050000
v -0.354022 0.068774 -0.050000
v -0.360500 0.088000 0.050000
v -0.360500 0.088000 -0.050000
v -0.419500 0.055000 0.050000
v -0.419500 0.055000 -0.050000
v -0.410899 0.030777 0.050000
v -0.410899 0.030777 -0.050000
v -0.401611 0.006634 0.050000
v -0.401611 0.006634 -0.050000
v -0.391656 -0.017391 0.050000
v -0.391656 -0.017391 -0.050000
v -0.381056 -0.041259 0.050000
v -0.381056 -0.041259 -0.050000
v -0.369830 -0.064933 0.050000
v -0.369830 -0.064933 -0.050000
v -0.358000 -0.088375 0.050000
v -0.358000 -0.088375 -0.050000
v -0.345587 -0.111546 0.050000
v -0.345587 -0.111546 -0.050000
v -0.332611 -0.134407 0.050000
v -0.332611 -0.134407 -0.050000
v -0.319094 -0.156922 0.050000
v -0.319094 -0.156922 -0.050000
v -0.305056 -0.179051 0.050000
v -0.305056 -0.179051 -0.050000
v -0.290517 -0.200756 0.050000
v -0.290517 -0.200756 -0.050000
v -0.275500 -0.222000 0.050000
v -0.275500 -0.222000 -0.050000
v -0.282125 -0.243761 0.050000
v -0.282125 -0.243761 -0.050000
v -0.289000 -0.264005 0.050000
v -0.289000 -0.264005 -0.050000
v -0.296125 -0.282672 0.050000
v -0.296125 -0.282672 -0.050000
v -0.303500 -0.299704 0.050000
v -0.303500 -0.299704 -0.050000
v -0.311125 -0.315041 0.050000
v -0.311125 -0.315041 -0.050000
v -0.319000 -0.328625 0.050000
v -0.319000 -0.328625 -0.050000
v -0.327125 -0.340396 0.050000
v -0.327125 -0.340396 -0.050000
v -0.335500 -0.350296 0.050000
v -0.335500 -0.350296 -0.050000
v -0.344125 -0.358266 0.050000
v -0.344125 -0.358266 -0.050000
v -0.353000 -0.364245 0.050000
v -0.353000 -0.364245 -0.050000
v -0.362125 -0.368177 0.050000
v -0.362125 -0.368177 -0.050000
v -0.371500 -0.370000 0.050000
v -0.371500 -0.370000 -0.050000
v -0.376605 -0.368881 0.050000
v -0.376605 -0.368881 -0.050000
v -0.381421 -0.365546 0.050000
v -0.381421 -0.365546 -0.050000
v -0.385953 -0.360031 0.050000
v -0.385953 -0.360031 -0.050000
v -0.390204 -0.352370 0.050000
v -0.390204 -0.352370 -0.050000
v -0.394177 -0.342598 0.050000
v -0.394177 -0.342598 -0.050000
v -0.397875 -0.330750 0.050000
v -0.397875 -0.330750 -0.050000
v -0.401303 -0.316860 0.050000
v -0.401303 -0.316860 -0.050000
v -0.404463 -0.300963 0.050000
v -0.404463 -0.300963 -0.050000
v -0.407359 -0.283094 0.050000
v -0.407359 -0.283094 -0.050000
v -0.409995 -0.263287 0.050000
v -0.409995 -0.263287 -0.050000
v -0.412374 -0.241578 0.050000
v -0.412374 -0.241578 -0.050000
v -0.414500 -0.218000 0.050000
v -0.414500 -0.218000 -0.050000
v -0.418295 -0.221824 0.050000
v -0.418295 -0.221824 -0.050000
v -0.422606 -0.225755 0.050000
v -0.422606 -0.225755 -0.050000
v -0.427328 -0.229734 0.050000
v -0.427328 -0.229734 -0.050000
v -0.432352 -0.233704 0.050000
v -0.432352 -0.233704 -0.050000
v -0.437570 -0.237604 0.050000
v -0.437570 -0.237604 -0.050000
v -0.442875 -0.241375 0.050000
v -0.442875 -0.241375 -0.050000
v -0.448159 -0.244959 0.050000
v -0.448159 -0.244959 -0.050000
v -0.453315 -0.248296 0.050000
v -0.453315 -0.248296 -0.050000
v -0.458234 -0.251328 0.050000
v -0.458234 -0.251328 -0.050000
v -0.462810 -0.253995 0.050000
v -0.462810 -0.253995 -0.050000
v -0.466935 -0.256239 0.050000
v -0.466935 -0.256239 -0.050000
v -0.470500 -0.258000 0.050000
v -0.470500 -0.258000 -0.050000
v -0.464924 -0.294725 0.050000
v -0.464924 -0.294725 -0.050000
v -0.458727 -0.327046 0.050000
v -0.458727 -0.327046 -0.050000
v -0.451953 -0.355188 0.050000
v -0.451953 -0.355188 -0.050000
v -0.444648 -0.379370 0.050000
v -0.444648 -0.379370 -0.050000
v -0.436857 -0.399817 0.050000
v -0.436857 -0.399817 -0.050000
v -0.428625 -0.416750 0.050000
v -0.428625 -0.416750 -0.050000
v -0.419997 -0.430391 0.050000
v -0.419997 -0.430391 -0.050000
v -0.411019 -0.440963 0.050000
v -0.411019 -0.440963 -0.050000
v -0.401734 -0.448688 0.050000
v -0.401734 -0.448688 -0.050000
v -0.392190 -0.453787 0.050000
v -0.392190 -0.453787 -0.050000
v -0.382430 -0.456484 0.050000
v -0.382430 -0.456484 -0.050000
v -0.372500 -0.457000 0.050000
v -0.372500 -0.457000 -0.050000
v -0.356122 -0.455051 0.050000
v -0.356122 -0.455051 -0.050000
v -0.340477 -0.450741 0.050000
v -0.340477 -0.450741 -0.050000
v -0.325547 -0.444125 0.050000
v -0.325547 -0.444125 -0.050000
v -0.311315 -0.435259 0.050000
v -0.311315 -0.435259 -0.050000
v -0.297763 -0.424199 0.050000
v -0.297763 -0.424199 -0.050000
v -0.284875 -0.411000 0.050000
v -0.284875 -0.411000 -0.050000
v -0.272633 -0.395718 0.050000
v -0.272633 -0.395718 -0.050000
v -0.261019 -0.378407 0.050000
v -0.261019 -0.378407 -0.050000
v -0.250016 -0.359125 0.050000
v -0.250016 -0.359125 -0.050000
v -0.239606 -0.337926 0.050000
v -0.239606 -0.337926 -0.050000
v -0.229774 -0.314866 0.050000
v -0.229774 -0.314866 -0.050000
v -0.220500 -0.290000 0.050000
v -0.220500 -0.290000 -0.050000
v -0.205085 -0.306787 0.050000
v -0.205085 -0.306787 -0.050000
v -0.189347 -0.323125 0.050000
v -0.189347 -0.323125 -0.050000
v -0.173297 -0.338984 0.050000
v -0.173297 -0.338984 -0.050000
v -0.156944 -0.354333 0.050000
v -0.156944 -0.354333 -0.050000
v -0.140300 -0.369141 0.050000
v -0.140300 -0.369141 -0.050000
v -0.123375 -0.383375 0.050000
v -0.123375 -0.383375 -0.050000
v -0.106179 -0.397005 0.050000
v -0.106179 -0.397005 -0.050000
v -0.088722 -0.410000 0.050000
v -0.088722 -0.410000 -0.050000
v -0.071016 -0.422328 0.050000
v -0.071016 -0.422328 -0.050000
v -0.053069 -0.433958 0.050000
v -0.053069 -0.433958 -0.050000
v -0.034894 -0.444859 0.050000
v -0.034894 -0.444859 -0.050000
v -0.016500 -0.455000 0.050000
v -0.016500 -0.455000 -0.050000
v -0.013069 -0.450405 0.050000
v -0.013069 -0.450405 -0.050000
v -0.009301 -0.445653 0.050000
v -0.009301 -0.445653 -0.050000
v -0.005234 -0.440797 0.050000
v -0.005234 -0.440797 -0.050000
v -0.000907 -0.435889 0.050000
v -0.000907 -0.435889 -0.050000
v 0.003642 -0.430981 0.050000
v 0.003642 -0.430981 -0.050000
v 0.008375 -0.426125 0.050000
v 0.008375 -0.426125 -0.050000
v 0.013254 -0.421373 0.050000
v 0.013254 -0.421373 -0.050000
v 0.018241 -0.416778 0.050000
v 0.018241 -0.416778 -0.050000
v 0.023297 -0.412391 0.050000
v 0.023297 -0.412391 -0.050000
v 0.028384 -0.408264 0.050000
v 0.028384 -0.408264 -0.050000
v 0.033465 -0.404450 0.050000
v 0.033465 -0.404450 -0.050000
v 0.038500 -0.401000 0.050000
v 0.038500 -0.401000 -0.050000
v 0.016650 -0.390215 0.050000
v 0.016650 -0.390215 -0.050000
v -0.004884 -0.378389 0.050000
v -0.004884 -0.378389 -0.050000
v -0.026078 -0.365563 0.050000
v -0.026078 -0.365563 -0.050000
v -0.046907 -0.351778 0.050000
v -0.046907 -0.351778 -0.050000
v -0.067348 -0.337076 0.050000
v -0.067348 -0.337076 -0.050000
v -0.087375 -0.321500 0.050000
v -0.087375 -0.321500 -0.050000
v -0.106965 -0.305090 0.050000
v -0.106965 -0.305090 -0.050000
v -0.126093 -0.287889 0.050000
v -0.126093 -0.287889 -0.050000
v -0.144734 -0.269938 0.050000
v -0.144734 -0.269938 -0.050000
v -0.162866 -0.251278 0.050000
v -0.162866 -0.251278 -0.050000
v -0.180462 -0.231951 0.050000
v -0.180462 -0.231951 -0.050000
v -0.197500 -0.212000 0.050000
v -0.197500 -0.212000 -0.050000
v -0.192124 -0.189587 0.050000
v -0.192124 -0.189587 -0.050000
v -0.186991 -0.166361 0.050000
v -0.186991 -0.166361 -0.050000
v -0.182094 -0.142344 0.050000
v -0.182094 -0.142344 -0.050000
v -0.177426 -0.117556 0.050000
v -0.177426 -0.117556 -0.050000
v -0.172980 -0.092017 0.050000
v -0.172980 -0.092017 -0.050000
v -0.168750 -0.065750 0.050000
v -0.168750 -0.065750 -0.050000
v -0.164728 -0.038774 0.050000
v -0.164728 -0.038774 -0.050000
v -0.160907 -0.011111 0.050000
v -0.160907 -0.011111 -0.050000
v -0.157281 0.017219 0.050000
v -0.157281 0.017219 -0.050000
v -0.153843 0.046194 0.050000
v -0.153843 0.046194 -0.050000
v -0.150584 0.075795 0.050000
v -0.150584 0.075795 -0.050000
v -0.147500 0.106000 0.050000
v -0.147500 0.106000 -0.050000
v -0.038500 0.092000 0.050000
v -0.038500 0.092000 -0.050000
v -0.029500 0.162000 0.050000
v -0.029500 0.162000 -0.050000
v -0.141500 0.176000 0.050000
v -0.141500 0.176000 -0.050000
v -0.139792 0.198124 0.050000
v -0.139792 0.198124 -0.050000
v -0.138167 0.220495 0.050000
v -0.138167 0.220495 -0.050000
v -0.136625 0.243109 0.050000
v -0.136625 0.243109 -0.050000
v -0.135167 0.265963 0.050000
v -0.135167 0.265963 -0.050000
v -0.133792 0.289053 0.050000
v -0.133792 0.289053 -0.050000
v -0.132500 0.312375 0.050000
v -0.132500 0.312375 -0.050000
v -0.131292 0.335927 0.050000
v -0.131292 0.335927 -0.050000
v -0.130167 0.359704 0.050000
v -0.130167 0.359704 -0.050000
v -0.129125 0.383703 0.050000
v -0.129125 0.383703 -0.050000
v -0.128167 0.407921 0.050000
v -0.128167 0.407921 -0.050000
v -0.127292 0.432355 0.050000
v -0.127292 0.432355 -0.050000
v -0.126500 0.457000 0.050000
v -0.126500 0.457000 -0.050000
v -0.197500 0.457000 0.050000
v -0.197500 0.457000 -0.050000
v 0.240500 -0.069000 0.050000
v 0.240500 -0.069000 -0.050000
v 0.240500 0.023000 0.050000
v 0.240500 0.023000 -0.050000
v 0.370500 0.023000 0.050000
v 0.370500 0.023000 -0.050000
v 0.370500 -0.069000 0.050000
v 0.370500 -0.069000 -0.050000
v 0.044500 -0.069000 0.050000
v 0.044500 -0.069000 -0.050000
v 0.044500 0.023000 0.050000
v 0.044500 0.023000 -0.050000
v 0.174500 0.023000 0.050000
v 0.174500 0.023000 -0.050000
v 0.174500 -0.069000 0.050000
v 0.174500 -0.069000 -0.050000
v 0.240500 0.079000 0.050000
v 0.240500 0.079000 -0.050000
v 0.240500 0.170000 0.050000
v 0.240500 0.170000 -0.050000
v 0.370500 0.170000 0.050000
v 0.370500 0.170000 -0.050000
v 0.370500 0.079000 0.050000
v 0.370500 0.079000 -0.050000
v 0.044500 0.079000 0.050000
v 0.044500 0.079000 -0.050000
v 0.044500 0.170000 0.050000
v 0.044500 0.170000 -0.050000
v 0.174500 0.170000 0.050000
v 0.174500 0.170000 -0.050000
v 0.174500 0.079000 0.050000
v 0.174500 0.079000 -0.050000
v 0.243500 -0.128000 0.050000
v 0.243500 -0.128000 -0.050000
v 0.434500 -0.128000 0.050000
v 0.434500 -0.128000 -0.050000
v 0.434500 0.229000 0.050000
v 0.434500 0.229000 -0.050000
v -0.021500 0.229000 0.050000
v -0.021500 0.229000 -0.050000
v -0.021500 -0.128000 0.050000
v -0.021500 -0.128000 -0.050000
v 0.171500 -0.128000 0.050000
v 0.171500 -0.128000 -0.050000
v 0.171500 -0.215000 0.050000
v 0.171500 -0.215000 -0.050000
v -0.052500 -0.215000 0.050000
v -0.052500 -0.215000 -0.050000
v -0.052500 -0.282000 0.050000
v -0.052500 -0.282000 -0.050000
v 0.171500 -0.282000 0.050000
v 0.171500 -0.282000 -0.050000
v 0.171500 -0.458000 0.050000
v 0.171500 -0.458000 -0.050000
v 0.243500 -0.458000 0.050000
v 0.243500 -0.458000 -0.050000
v 0.243500 -0.282000 0.050000
v 0.243500 -0.282000 -0.050000
v 0.470500 -0.282000 0.050000
v 0.470500 -0.282000 -0.050000
v 0.470500 -0.215000 0.050000
v 0.470500 -0.215000 -0.050000
v 0.243500 -0.215000 0.050000
v 0.243500 -0.215000 -0.050000
vn -0.0000 -0.0000 -1.0000
vn -0.0000 1.0000 -0.0000
vn -0.0000 -0.0000 1.0000
vn -0.7570 0.6534 -0.0000
vn -0.7433 0.6689 -0.0000
vn -0.7700 0.6381 -0.0000
vn -0.7827 0.6224 -0.0000
vn -0.7955 0.6059 -0.0000
vn -0.8088 0.5881 -0.0000
vn -0.8228 0.5683 -0.0000
vn -0.8381 0.5455 -0.0000
vn -0.8550 0.5186 -0.0000
vn -0.8741 0.4857 -0.0000
vn -0.8960 0.4440 -0.0000
vn -0.9576 -0.2880 -0.0000
vn 0.2938 -0.9559 -0.0000
vn 0.9029 -0.4298 -0.0000
vn 0.8847 -0.4661 -0.0000
vn 0.8687 -0.4954 -0.0000
vn 0.8542 -0.5200 -0.0000
vn 0.8407 -0.5414 -0.0000
vn 0.8280 -0.5608 -0.0000
vn 0.8154 -0.5788 -0.0000
vn 0.8028 -0.5962 -0.0000
vn 0.7897 -0.6135 -0.0000
vn 0.7756 -0.6312 -0.0000
vn 0.7600 -0.6499 -0.0000
vn 0.9845 0.1754 -0.0000
vn -0.1639 0.9865 -0.0000
vn -0.8679 0.4967 -0.0000
vn -0.8545 0.5194 -0.0000
vn -0.8801 0.4749 -0.0000
vn -0.8913 0.4534 -0.0000
vn -0.9021 0.4316 -0.0000
vn -0.9126 0.4089 -0.0000
vn -0.9231 0.3846 -0.0000
vn -0.9338 0.3578 -0.0000
vn -0.9449 0.3274 -0.0000
vn -0.9565 0.2917 -0.0000
vn -0.9686 0.2484 -0.0000
vn -0.8830 -0.4694 -0.0000
vn 0.4706 -0.8823 -0.0000
vn 0.9700 -0.2432 -0.0000
vn 0.9595 -0.2818 -0.0000
vn 0.9496 -0.3134 -0.0000
vn 0.9403 -0.3403 -0.0000
vn 0.9314 -0.3641 -0.0000
vn 0.9226 -0.3858 -0.0000
vn 0.9137 -0.4063 -0.0000
vn 0.9046 -0.4262 -0.0000
vn 0.8949 -0.4462 -0.0000
vn 0.8844 -0.4668 -0.0000
vn 0.8725 -0.4886 -0.0000
vn 0.9358 0.3526 -0.0000
vn -0.3356 0.9420 -0.0000
vn -0.9396 0.3422 -0.0000
vn -0.9306 0.3659 -0.0000
vn -0.9473 0.3203 -0.0000
vn -0.9541 0.2996 -0.0000
vn -0.9602 0.2795 -0.0000
vn -0.9658 0.2593 -0.0000
vn -0.9711 0.2386 -0.0000
vn -0.9658 0.2594 -0.0000
vn -0.9763 0.2165 -0.0000
vn -0.9814 0.1920 -0.0000
vn -0.9864 0.1641 -0.0000
vn -0.9914 0.1307 -0.0000
vn -0.8206 -0.5715 -0.0000
vn 0.5810 -0.8139 -0.0000
vn 0.9943 -0.1069 -0.0000
vn 0.5811 -0.8139 -0.0000
vn 0.9902 -0.1394 -0.0000
vn 0.9859 -0.1671 -0.0000
vn 0.9815 -0.1916 -0.0000
vn 0.9768 -0.2143 -0.0000
vn 0.9717 -0.2361 -0.0000
vn 0.9662 -0.2576 -0.0000
vn 0.9601 -0.2797 -0.0000
vn 0.9530 -0.3028 -0.0000
vn 0.9447 -0.3278 -0.0000
vn 0.9347 -0.3554 -0.0000
vn 0.8816 0.4719 -0.0000
vn -0.4679 0.8838 -0.0000
vn -0.8893 -0.4573 -0.0000
vn -0.8932 -0.4497 -0.0000
vn -0.8855 -0.4647 -0.0000
vn -0.8816 -0.4721 -0.0000
vn -0.8775 -0.4796 -0.0000
vn -0.8732 -0.4874 -0.0000
vn -0.8685 -0.4957 -0.0000
vn -0.8633 -0.5047 -0.0000
vn -0.8574 -0.5147 -0.0000
vn -0.8504 -0.5261 -0.0000
vn -0.8421 -0.5393 -0.0000
vn -0.3125 -0.9499 -0.0000
vn 0.9425 -0.3343 -0.0000
vn 0.8677 0.4970 -0.0000
vn 0.8785 0.4777 -0.0000
vn 0.8874 0.4611 -0.0000
vn 0.8949 0.4462 -0.0000
vn 0.9017 0.4324 -0.0000
vn 0.9078 0.4193 -0.0000
vn 0.9137 0.4063 -0.0000
vn 0.9195 0.3931 -0.0000
vn 0.9254 0.3791 -0.0000
vn 0.9315 0.3637 -0.0000
vn 0.9382 0.3462 -0.0000
vn 0.4516 0.8922 -0.0000
vn -0.9174 0.3979 -0.0000
vn -0.9995 0.0316 -0.0000
vn -0.9997 0.0264 -0.0000
vn -0.9993 0.0368 -0.0000
vn -0.9991 0.0419 -0.0000
vn -0.9989 0.0470 -0.0000
vn -0.9986 0.0520 -0.0000
vn -0.9984 0.0569 -0.0000
vn -0.9981 0.0618 -0.0000
vn -0.9978 0.0667 -0.0000
vn -0.9974 0.0715 -0.0000
vn -0.9971 0.0763 -0.0000
vn -0.6324 0.7747 -0.0000
vn -0.6125 0.7905 -0.0000
vn -0.7913 -0.6114 -0.0000
vn -0.7852 -0.6192 -0.0000
vn -0.9937 0.1124 -0.0000
vn -0.7852 -0.6193 -0.0000
vn -0.9930 0.1182 -0.0000
vn -0.9922 0.1244 -0.0000
vn -0.9914 0.1310 -0.0000
vn -0.9904 0.1381 -0.0000
vn -0.9893 0.1457 -0.0000
vn -0.9881 0.1538 -0.0000
vn -0.9867 0.1625 -0.0000
vn -0.9851 0.1718 -0.0000
vn -0.9833 0.1818 -0.0000
vn -0.9813 0.1925 -0.0000
vn -0.1796 0.9837 -0.0000
vn 0.8526 0.5225 -0.0000
vn 0.8636 0.5041 -0.0000
vn 0.8742 0.4856 -0.0000
vn 0.8843 0.4669 -0.0000
vn 0.8940 0.4481 -0.0000
vn 0.9033 0.4290 -0.0000
vn 0.9122 0.4097 -0.0000
vn 0.9207 0.3902 -0.0000
vn 0.9289 0.3703 -0.0000
vn 0.9367 0.3502 -0.0000
vn 0.9441 0.3297 -0.0000
vn 0.3597 0.9331 -0.0000
vn -0.9360 0.3521 -0.0000
vn -0.9379 -0.3469 -0.0000
vn -0.9286 -0.3710 -0.0000
vn -0.9189 -0.3944 -0.0000
vn -0.9088 -0.4172 -0.0000
vn -0.8982 -0.4395 -0.0000
vn -0.8872 -0.4614 -0.0000
vn -0.8756 -0.4830 -0.0000
vn -0.8636 -0.5042 -0.0000
vn -0.8509 -0.5253 -0.0000
vn -0.8377 -0.5461 -0.0000
vn -0.8509 -0.5252 -0.0000
vn -0.8238 -0.5669 -0.0000
vn -0.9872 -0.1592 -0.0000
vn -0.9519 0.3064 -0.0000
vn -0.9407 0.3391 -0.0000
vn -0.9262 0.3771 -0.0000
vn -0.9069 0.4214 -0.0000
vn -0.8807 0.4736 -0.0000
vn -0.8447 0.5352 -0.0000
vn -0.7942 0.6077 -0.0000
vn -0.7224 0.6915 -0.0000
vn -0.6205 0.7842 -0.0000
vn -0.4793 0.8777 -0.0000
vn -0.2950 0.9555 -0.0000
vn 0.0119 0.9999 -0.0000
vn 0.3992 0.9168 -0.0000
vn 0.6774 0.7356 -0.0000
vn 0.8269 0.5623 -0.0000
vn 0.9020 0.4317 -0.0000
vn 0.9413 0.3376 -0.0000
vn 0.9632 0.2689 -0.0000
vn 0.9761 0.2173 -0.0000
vn 0.9841 0.1775 -0.0000
vn 0.9893 0.1460 -0.0000
vn 0.9927 0.1204 -0.0000
vn 0.9951 0.0994 -0.0000
vn 0.3390 0.9408 -0.0000
vn -0.6920 0.7219 -0.0000
vn -0.6592 0.7519 -0.0000
vn -0.6323 0.7747 -0.0000
vn -0.6094 0.7929 -0.0000
vn -0.5891 0.8081 -0.0000
vn -0.5704 0.8214 -0.0000
vn -0.5524 0.8336 -0.0000
vn -0.5341 0.8454 -0.0000
vn -0.5142 0.8577 -0.0000
vn -0.4908 0.8713 -0.0000
vn -0.4604 0.8877 -0.0000
vn -0.8867 0.4624 -0.0000
vn -0.9856 -0.1692 -0.0000
vn -0.9774 -0.2112 -0.0000
vn -0.9651 -0.2617 -0.0000
vn -0.9465 -0.3228 -0.0000
vn -0.9178 -0.3970 -0.0000
vn -0.8736 -0.4866 -0.0000
vn -0.8056 -0.5924 -0.0000
vn -0.7035 -0.7107 -0.0000
vn -0.5583 -0.8296 -0.0000
vn -0.3711 -0.9286 -0.0000
vn -0.1601 -0.9871 -0.0000
vn 0.0332 -0.9994 -0.0000
vn 0.1924 -0.9813 -0.0000
vn 0.0333 -0.9994 -0.0000
vn 0.3363 -0.9418 -0.0000
vn 0.4681 -0.8837 -0.0000
vn 0.5817 -0.8134 -0.0000
vn 0.6750 -0.7379 -0.0000
vn 0.7489 -0.6627 -0.0000
vn 0.8062 -0.5917 -0.0000
vn 0.8500 -0.5267 -0.0000
vn 0.8835 -0.4684 -0.0000
vn 0.9091 -0.4166 -0.0000
vn 0.9287 -0.3709 -0.0000
vn 0.1917 -0.9815 -0.0000
vn -0.7284 -0.6851 -0.0000
vn 0.1918 -0.9814 -0.0000
vn -0.7116 -0.7026 -0.0000
vn -0.6937 -0.7203 -0.0000
vn -0.6746 -0.7382 -0.0000
vn -0.6542 -0.7563 -0.0000
vn -0.6325 -0.7746 -0.0000
vn -0.6092 -0.7930 -0.0000
vn -0.5843 -0.8115 -0.0000
vn -0.5577 -0.8300 -0.0000
vn -0.5292 -0.8485 -0.0000
vn -0.4987 -0.8668 -0.0000
vn 0.2112 -0.9774 -0.0000
vn 0.7925 -0.6099 -0.0000
vn 0.7752 -0.6317 -0.0000
vn 0.7584 -0.6517 -0.0000
vn 0.7418 -0.6706 -0.0000
vn 0.7585 -0.6517 -0.0000
vn 0.7248 -0.6890 -0.0000
vn 0.7070 -0.7073 -0.0000
vn 0.6878 -0.7259 -0.0000
vn 0.6666 -0.7454 -0.0000
vn 0.6428 -0.7661 -0.0000
vn 0.6153 -0.7883 -0.0000
vn 0.5829 -0.8125 -0.0000
vn 0.9975 0.0710 -0.0000
vn 0.4621 0.8868 -0.0000
vn 0.4997 0.8662 -0.0000
vn 0.5349 0.8449 -0.0000
vn 0.5680 0.8230 -0.0000
vn 0.5990 0.8007 -0.0000
vn 0.6281 0.7781 -0.0000
vn 0.6555 0.7552 -0.0000
vn 0.6813 0.7320 -0.0000
vn 0.7055 0.7087 -0.0000
vn 0.7284 0.6852 -0.0000
vn 0.7500 0.6614 -0.0000
vn 0.9724 0.2335 -0.0000
vn 0.9745 -0.2245 -0.0000
vn 0.9782 -0.2078 -0.0000
vn 0.9813 -0.1924 -0.0000
vn 0.9840 -0.1783 -0.0000
vn 0.9863 -0.1653 -0.0000
vn 0.9882 -0.1532 -0.0000
vn 0.9898 -0.1421 -0.0000
vn 0.9913 -0.1319 -0.0000
vn 0.9925 -0.1224 -0.0000
vn 0.9935 -0.1136 -0.0000
vn 0.9944 -0.1055 -0.0000
vn 0.6215 -0.7834 -0.0000
vn 0.6112 -0.7915 -0.0000
vn 0.7904 0.6125 -0.0000
vn 0.7746 0.6325 -0.0000
vn 0.7904 0.6126 -0.0000
vn 0.9972 -0.0747 -0.0000
vn 0.7746 0.6324 -0.0000
vn 0.9975 -0.0702 -0.0000
vn 0.9978 -0.0658 -0.0000
vn 0.9981 -0.0616 -0.0000
vn 0.9984 -0.0574 -0.0000
vn 0.9986 -0.0533 -0.0000
vn 0.9988 -0.0493 -0.0000
vn 0.9990 -0.0453 -0.0000
vn 0.9991 -0.0415 -0.0000
vn 0.9993 -0.0377 -0.0000
vn 0.9994 -0.0339 -0.0000
vn 0.7184 0.6957 -0.0000
vn -0.6987 0.7155 -0.0000
vn 0.7071 -0.7071 -0.0000
vn 0.7071 0.7071 -0.0000
vn -0.7071 -0.7071 -0.0000
vn -0.7071 0.7071 -0.0000
vt 0.807074 0.000000
vt 0.813505 0.000000
vt 0.810289 0.000000
vt 0.250804 0.000000
vt 0.241158 0.000000
vt 0.247588 0.000000
vt 0.244373 0.000000
vt 0.160772 0.000000
vt 0.083601 0.000000
vt 0.163987 0.000000
vt 0.237942 0.000000
vt 0.254019 0.000000
vt 0.086817 0.000000
vt 0.167203 0.000000
vt 0.803859 0.000000
vt 0.234727 0.000000
vt 0.090032 0.000000
vt 0.170418 0.000000
vt 0.157556 0.000000
vt 0.257235 0.000000
vt 0.231511 0.000000
vt 0.800643 0.000000
vt 0.093248 0.000000
vt 0.154341 0.000000
vt 0.173633 0.000000
vt 0.228296 0.000000
vt 0.096463 0.000000
vt 0.151125 0.000000
vt 0.260450 0.000000
vt 0.797428 0.000000
vt 0.176849 0.000000
vt 0.099678 0.000000
vt 0.225080 0.000000
vt 0.147910 0.000000
vt 0.180064 0.000000
vt 0.263666 0.000000
vt 0.102894 0.000000
vt 0.794212 0.000000
vt 0.144695 0.000000
vt 0.221865 0.000000
vt 0.106109 0.000000
vt 0.183280 0.000000
vt 0.141479 0.000000
vt 0.218650 0.000000
vt 0.266881 0.000000
vt 0.790997 0.000000
vt 0.109325 0.000000
vt 0.186495 0.000000
vt 0.138264 0.000000
vt 0.215434 0.000000
vt 0.112540 0.000000
vt 0.270096 0.000000
vt 0.189711 0.000000
vt 0.135048 0.000000
vt 0.787781 0.000000
vt 0.212219 0.000000
vt 0.115756 0.000000
vt 0.192926 0.000000
vt 0.131833 0.000000
vt 0.273312 0.000000
vt 0.118971 0.000000
vt 0.209003 0.000000
vt 0.784566 0.000000
vt 0.128617 0.000000
vt 0.196141 0.000000
vt 0.125402 0.000000
vt 0.122186 0.000000
vt 0.205788 0.000000
vt 0.276527 0.000000
vt 0.199357 0.000000
vt 0.781350 0.000000
vt 0.202572 0.000000
vt 0.279743 0.000000
vt 0.778135 0.000000
vt 0.871383 0.000000
vt 0.848875 0.000000
vt 0.874598 0.000000
vt 0.877814 0.000000
vt 0.845659 0.000000
vt 0.861736 0.000000
vt 0.858521 0.000000
vt 0.881029 0.000000
vt 0.282958 0.000000
vt 0.774920 0.000000
vt 0.286174 0.000000
vt 0.292605 0.000000
vt 0.289389 0.000000
vt 0.771704 0.000000
vt 0.768489 0.000000
vt 0.852090 0.000000
vt 0.842444 0.000000
vt 0.864952 0.000000
vt 0.855305 0.000000
vt 0.765273 0.000000
vt 0.762058 0.000000
vt 0.295820 0.000000
vt 0.299035 0.000000
vt 0.758842 0.000000
vt 0.302251 0.000000
vt 0.369775 0.000000
vt 0.376206 0.000000
vt 0.372990 0.000000
vt 0.823151 0.000000
vt 0.819936 0.000000
vt 0.836013 0.000000
vt 0.832797 0.000000
vt 0.755627 0.000000
vt 0.366559 0.000000
vt 0.305466 0.000000
vt 0.379421 0.000000
vt 0.363344 0.000000
vt 0.752412 0.000000
vt 0.308682 0.000000
vt 0.382637 0.000000
vt 0.360129 0.000000
vt 0.311897 0.000000
vt 0.826367 0.000000
vt 0.816720 0.000000
vt 0.839228 0.000000
vt 0.829582 0.000000
vt 0.749196 0.000000
vt 0.356913 0.000000
vt 0.385852 0.000000
vt 0.315113 0.000000
vt 0.353698 0.000000
vt 0.745981 0.000000
vt 0.389068 0.000000
vt 0.318328 0.000000
vt 0.350482 0.000000
vt 0.742765 0.000000
vt 0.321543 0.000000
vt 0.392283 0.000000
vt 0.347267 0.000000
vt 0.324759 0.000000
vt 0.344051 0.000000
vt 0.395498 0.000000
vt 0.739550 0.000000
vt 0.327974 0.000000
vt 0.340836 0.000000
vt 0.398714 0.000000
vt 0.736334 0.000000
vt 0.331190 0.000000
vt 0.337621 0.000000
vt 0.401929 0.000000
vt 0.334405 0.000000
vt 0.733119 0.000000
vt 0.868167 0.000000
vt 0.916399 0.000000
vt 0.884244 0.000000
vt 0.887460 0.000000
vt 0.405145 0.000000
vt 0.729904 0.000000
vt 0.408360 0.000000
vt 0.726688 0.000000
vt 0.411576 0.000000
vt 0.723473 0.000000
vt 0.414791 0.000000
vt 0.720257 0.000000
vt 0.909968 0.000000
vt 0.913183 0.000000
vt 0.890675 0.000000
vt 0.893891 0.000000
vt 0.488746 0.000000
vt 0.495177 0.000000
vt 0.491961 0.000000
vt 0.498392 0.000000
vt 0.418006 0.000000
vt 0.501608 0.000000
vt 0.504823 0.000000
vt 0.717042 0.000000
vt 0.508039 0.000000
vt 0.511254 0.000000
vt 0.514469 0.000000
vt 0.485531 0.000000
vt 0.421222 0.000000
vt 0.517685 0.000000
vt 0.520900 0.000000
vt 0.713826 0.000000
vt 0.524116 0.000000
vt 0.527331 0.000000
vt 0.530547 0.000000
vt 0.533762 0.000000
vt 0.482315 0.000000
vt 0.424437 0.000000
vt 0.710611 0.000000
vt 0.906752 0.000000
vt 0.903537 0.000000
vt 0.897106 0.000000
vt 0.900322 0.000000
vt 0.607717 0.000000
vt 0.427653 0.000000
vt 0.479100 0.000000
vt 0.707395 0.000000
vt 0.610932 0.000000
vt 0.604502 0.000000
vt 0.536977 0.000000
vt 0.430868 0.000000
vt 0.475884 0.000000
vt 0.704180 0.000000
vt 0.614148 0.000000
vt 0.601286 0.000000
vt 0.434084 0.000000
vt 0.472669 0.000000
vt 0.700965 0.000000
vt 0.617363 0.000000
vt 0.540193 0.000000
vt 0.437299 0.000000
vt 0.469453 0.000000
vt 0.697749 0.000000
vt 0.598071 0.000000
vt 0.620579 0.000000
vt 0.440514 0.000000
vt 0.466238 0.000000
vt 0.443730 0.000000
vt 0.694534 0.000000
vt 0.463023 0.000000
vt 0.623794 0.000000
vt 0.543408 0.000000
vt 0.446945 0.000000
vt 0.594855 0.000000
vt 0.459807 0.000000
vt 0.450161 0.000000
vt 0.456592 0.000000
vt 0.691318 0.000000
vt 0.453376 0.000000
vt 0.627010 0.000000
vt 0.688103 0.000000
vt 0.591640 0.000000
vt 0.546624 0.000000
vt 0.630225 0.000000
vt 0.684887 0.000000
vt 0.588424 0.000000
vt 0.633440 0.000000
vt 0.549839 0.000000
vt 0.681672 0.000000
vt 0.678457 0.000000
vt 0.675241 0.000000
vt 0.636656 0.000000
vt 0.585209 0.000000
vt 0.672026 0.000000
vt 0.553055 0.000000
vt 0.668810 0.000000
vt 0.665595 0.000000
vt 0.639871 0.000000
vt 0.581994 0.000000
vt 0.662379 0.000000
vt 0.556270 0.000000
vt 0.659164 0.000000
vt 0.643087 0.000000
vt 0.578778 0.000000
vt 0.655949 0.000000
vt 0.652733 0.000000
vt 0.559486 0.000000
vt 0.575563 0.000000
vt 0.649518 0.000000
vt 0.646302 0.000000
vt 0.562701 0.000000
vt 0.572347 0.000000
vt 0.565916 0.000000
vt 0.569132 0.000000
vt 0.996785 0.000000
vt 0.919614 0.000000
vt 1.000000 0.000000
vt 0.922830 0.000000
vt 0.993569 0.000000
vt 0.926045 0.000000
vt 0.990354 0.000000
vt 0.929260 0.000000
vt 0.987138 0.000000
vt 0.932476 0.000000
vt 0.983923 0.000000
vt 0.935691 0.000000
vt 0.980707 0.000000
vt 0.938907 0.000000
vt 0.977492 0.000000
vt 0.942122 0.000000
vt 0.974277 0.000000
vt 0.945338 0.000000
vt 0.971061 0.000000
vt 0.948553 0.000000
vt 0.967846 0.000000
vt 0.951769 0.000000
vt 0.964630 0.000000
vt 0.954984 0.000000
vt 0.961415 0.000000
vt 0.958199 0.000000
vt 0.077170 0.000000
vt 0.000000 0.000000
vt 0.080386 0.000000
vt 0.003215 0.000000
vt 0.073955 0.000000
vt 0.070740 0.000000
vt 0.006431 0.000000
vt 0.067524 0.000000
vt 0.009646 0.000000
vt 0.064309 0.000000
vt 0.012862 0.000000
vt 0.061093 0.000000
vt 0.016077 0.000000
vt 0.019293 0.000000
vt 0.057878 0.000000
vt 0.022508 0.000000
vt 0.054662 0.000000
vt 0.025723 0.000000
vt 0.051447 0.000000
vt 0.028939 0.000000
vt 0.048232 0.000000
vt 0.032154 0.000000
vt 0.045016 0.000000
vt 0.035370 0.000000
vt 0.041801 0.000000
vt 0.038585 0.000000
vt 0.038462 1.000000
vt 0.000000 1.000000
vt 0.076923 1.000000
vt 0.038462 0.000000
vt 0.115385 1.000000
vt 0.076923 0.000000
vt 0.153846 1.000000
vt 0.115385 0.000000
vt 0.192308 1.000000
vt 0.153846 0.000000
vt 0.230769 1.000000
vt 0.192308 0.000000
vt 0.269231 1.000000
vt 0.230769 0.000000
vt 0.307692 1.000000
vt 0.269231 0.000000
vt 0.346154 1.000000
vt 0.307692 0.000000
vt 0.384615 1.000000
vt 0.346154 0.000000
vt 0.423077 1.000000
vt 0.384615 0.000000
vt 0.461538 1.000000
vt 0.423077 0.000000
vt 0.500000 1.000000
vt 0.461538 0.000000
vt 0.538462 1.000000
vt 0.500000 0.000000
vt 0.576923 1.000000
vt 0.538462 0.000000
vt 0.615385 1.000000
vt 0.576923 0.000000
vt 0.653846 1.000000
vt 0.615385 0.000000
vt 0.692308 1.000000
vt 0.653846 0.000000
vt 0.730769 1.000000
vt 0.692308 0.000000
vt 0.769231 1.000000
vt 0.730769 0.000000
vt 0.807692 1.000000
vt 0.769231 0.000000
vt 0.846154 1.000000
vt 0.807692 0.000000
vt 0.884615 1.000000
vt 0.846154 0.000000
vt 0.923077 1.000000
vt 0.884615 0.000000
vt 0.961538 1.000000
vt 0.923077 0.000000
vt 1.000000 1.000000
vt 0.961538 0.000000
vt 0.005682 1.000000
vt 0.011364 1.000000
vt 0.005682 0.000000
vt 0.017045 1.000000
vt 0.011364 0.000000
vt 0.022727 1.000000
vt 0.017045 0.000000
vt 0.028409 1.000000
vt 0.022727 0.000000
vt 0.034091 1.000000
vt 0.028409 0.000000
vt 0.039773 1.000000
vt 0.034091 0.000000
vt 0.045455 1.000000
vt 0.039773 0.000000
vt 0.051136 1.000000
vt 0.045455 0.000000
vt 0.056818 1.000000
vt 0.051136 0.000000
vt 0.062500 1.000000
vt 0.056818 0.000000
vt 0.068182 1.000000
vt 0.062500 0.000000
vt 0.073864 1.000000
vt 0.068182 0.000000
vt 0.079545 1.000000
vt 0.073864 0.000000
vt 0.085227 1.000000
vt 0.079545 0.000000
vt 0.090909 1.000000
vt 0.085227 0.000000
vt 0.096591 1.000000
vt 0.090909 0.000000
vt 0.102273 1.000000
vt 0.096591 0.000000
vt 0.107955 1.000000
vt 0.102273 0.000000
vt 0.113636 1.000000
vt 0.107955 0.000000
vt 0.119318 1.000000
vt 0.113636 0.000000
vt 0.125000 1.000000
vt 0.119318 0.000000
vt 0.130682 1.000000
vt 0.125000 0.000000
vt 0.136364 1.000000
vt 0.130682 0.000000
vt 0.142045 1.000000
vt 0.136364 0.000000
vt 0.147727 1.000000
vt 0.142045 0.000000
vt 0.153409 1.000000
vt 0.147727 0.000000
vt 0.159091 1.000000
vt 0.153409 0.000000
vt 0.164773 1.000000
vt 0.159091 0.000000
vt 0.170455 1.000000
vt 0.164773 0.000000
vt 0.176136 1.000000
vt 0.170455 0.000000
vt 0.181818 1.000000
vt 0.176136 0.000000
vt 0.187500 1.000000
vt 0.181818 0.000000
vt 0.193182 1.000000
vt 0.187500 0.000000
vt 0.198864 1.000000
vt 0.193182 0.000000
vt 0.204545 1.000000
vt 0.198864 0.000000
vt 0.210227 1.000000
vt 0.204545 0.000000
vt 0.215909 1.000000
vt 0.210227 0.000000
vt 0.221591 1.000000
vt 0.215909 0.000000
vt 0.227273 1.000000
vt 0.221591 0.000000
vt 0.232955 1.000000
vt 0.227273 0.000000
vt 0.238636 1.000000
vt 0.232955 0.000000
vt 0.244318 1.000000
vt 0.238636 0.000000
vt 0.250000 1.000000
vt 0.244318 0.000000
vt 0.255682 1.000000
vt 0.250000 0.000000
vt 0.261364 1.000000
vt 0.255682 0.000000
vt 0.267045 1.000000
vt 0.261364 0.000000
vt 0.272727 1.000000
vt 0.267045 0.000000
vt 0.278409 1.000000
vt 0.272727 0.000000
vt 0.284091 1.000000
vt 0.278409 0.000000
vt 0.289773 1.000000
vt 0.284091 0.000000
vt 0.295455 1.000000
vt 0.289773 0.000000
vt 0.301136 1.000000
vt 0.295455 0.000000
vt 0.306818 1.000000
vt 0.301136 0.000000
vt 0.312500 1.000000
vt 0.306818 0.000000
vt 0.318182 1.000000
vt 0.312500 0.000000
vt 0.323864 1.000000
vt 0.318182 0.000000
vt 0.329545 1.000000
vt 0.323864 0.000000
vt 0.335227 1.000000
vt 0.329545 0.000000
vt 0.340909 1.000000
vt 0.335227 0.000000
vt 0.346591 1.000000
vt 0.340909 0.000000
vt 0.352273 1.000000
vt 0.346591 0.000000
vt 0.357955 1.000000
vt 0.352273 0.000000
vt 0.363636 1.000000
vt 0.357955 0.000000
vt 0.369318 1.000000
vt 0.363636 0.000000
vt 0.375000 1.000000
vt 0.369318 0.000000
vt 0.380682 1.000000
vt 0.375000 0.000000
vt 0.386364 1.000000
vt 0.380682 0.000000
vt 0.392045 1.000000
vt 0.386364 0.000000
vt 0.397727 1.000000
vt 0.392045 0.000000
vt 0.403409 1.000000
vt 0.397727 0.000000
vt 0.409091 1.000000
vt 0.403409 0.000000
vt 0.414773 1.000000
vt 0.409091 0.000000
vt 0.420455 1.000000
vt 0.414773 0.000000
vt 0.426136 1.000000
vt 0.420455 0.000000
vt 0.431818 1.000000
vt 0.426136 0.000000
vt 0.437500 1.000000
vt 0.431818 0.000000
vt 0.443182 1.000000
vt 0.437500 0.000000
vt 0.448864 1.000000
vt 0.443182 0.000000
vt 0.454545 1.000000
vt 0.448864 0.000000
vt 0.460227 1.000000
vt 0.454545 0.000000
vt 0.465909 1.000000
vt 0.460227 0.000000
vt 0.471591 1.000000
vt 0.465909 0.000000
vt 0.477273 1.000000
vt 0.471591 0.000000
vt 0.482955 1.000000
vt 0.477273 0.000000
vt 0.488636 1.000000
vt 0.482955 0.000000
vt 0.494318 1.000000
vt 0.488636 0.000000
vt 0.494318 0.000000
vt 0.505682 1.000000
vt 0.511364 1.000000
vt 0.505682 0.000000
vt 0.517045 1.000000
vt 0.511364 0.000000
vt 0.522727 1.000000
vt 0.517045 0.000000
vt 0.528409 1.000000
vt 0.522727 0.000000
vt 0.534091 1.000000
vt 0.528409 0.000000
vt 0.539773 1.000000
vt 0.534091 0.000000
vt 0.545455 1.000000
vt 0.539773 0.000000
vt 0.551136 1.000000
vt 0.545455 0.000000
vt 0.556818 1.000000
vt 0.551136 0.000000
vt 0.562500 1.000000
vt 0.556818 0.000000
vt 0.568182 1.000000
vt 0.562500 0.000000
vt 0.573864 1.000000
vt 0.568182 0.000000
vt 0.579545 1.000000
vt 0.573864 0.000000
vt 0.585227 1.000000
vt 0.579545 0.000000
vt 0.590909 1.000000
vt 0.585227 0.000000
vt 0.596591 1.000000
vt 0.590909 0.000000
vt 0.602273 1.000000
vt 0.596591 0.000000
vt 0.607955 1.000000
vt 0.602273 0.000000
vt 0.613636 1.000000
vt 0.607955 0.000000
vt 0.619318 1.000000
vt 0.613636 0.000000
vt 0.625000 1.000000
vt 0.619318 0.000000
vt 0.630682 1.000000
vt 0.625000 0.000000
vt 0.636364 1.000000
vt 0.630682 0.000000
vt 0.642045 1.000000
vt 0.636364 0.000000
vt 0.647727 1.000000
vt 0.642045 0.000000
vt 0.653409 1.000000
vt 0.647727 0.000000
vt 0.659091 1.000000
vt 0.653409 0.000000
vt 0.664773 1.000000
vt 0.659091 0.000000
vt 0.670455 1.000000
vt 0.664773 0.000000
vt 0.676136 1.000000
vt 0.670455 0.000000
vt 0.681818 1.000000
vt 0.676136 0.000000
vt 0.687500 1.000000
vt 0.681818 0.000000
vt 0.693182 1.000000
vt 0.687500 0.000000
vt 0.698864 1.000000
vt 0.693182 0.000000
vt 0.704545 1.000000
vt 0.698864 0.000000
vt 0.710227 1.000000
vt 0.704545 0.000000
vt 0.715909 1.000000
vt 0.710227 0.000000
vt 0.721591 1.000000
vt 0.715909 0.000000
vt 0.727273 1.000000
vt 0.721591 0.000000
vt 0.732955 1.000000
vt 0.727273 0.000000
vt 0.738636 1.000000
vt 0.732955 0.000000
vt 0.744318 1.000000
vt 0.738636 0.000000
vt 0.750000 1.000000
vt 0.744318 0.000000
vt 0.755682 1.000000
vt 0.750000 0.000000
vt 0.761364 1.000000
vt 0.755682 0.000000
vt 0.767045 1.000000
vt 0.761364 0.000000
vt 0.772727 1.000000
vt 0.767045 0.000000
vt 0.778409 1.000000
vt 0.772727 0.000000
vt 0.784091 1.000000
vt 0.778409 0.000000
vt 0.789773 1.000000
vt 0.784091 0.000000
vt 0.795455 1.000000
vt 0.789773 0.000000
vt 0.801136 1.000000
vt 0.795455 0.000000
vt 0.806818 1.000000
vt 0.801136 0.000000
vt 0.812500 1.000000
vt 0.806818 0.000000
vt 0.818182 1.000000
vt 0.812500 0.000000
vt 0.823864 1.000000
vt 0.818182 0.000000
vt 0.829545 1.000000
vt 0.823864 0.000000
vt 0.835227 1.000000
vt 0.829545 0.000000
vt 0.840909 1.000000
vt 0.835227 0.000000
vt 0.846591 1.000000
vt 0.840909 0.000000
vt 0.852273 1.000000
vt 0.846591 0.000000
vt 0.857955 1.000000
vt 0.852273 0.000000
vt 0.863636 1.000000
vt 0.857955 0.000000
vt 0.869318 1.000000
vt 0.863636 0.000000
vt 0.875000 1.000000
vt 0.869318 0.000000
vt 0.880682 1.000000
vt 0.875000 0.000000
vt 0.886364 1.000000
vt 0.880682 0.000000
vt 0.892045 1.000000
vt 0.886364 0.000000
vt 0.897727 1.000000
vt 0.892045 0.000000
vt 0.903409 1.000000
vt 0.897727 0.000000
vt 0.909091 1.000000
vt 0.903409 0.000000
vt 0.914773 1.000000
vt 0.909091 0.000000
vt 0.920455 1.000000
vt 0.914773 0.000000
vt 0.926136 1.000000
vt 0.920455 0.000000
vt 0.931818 1.000000
vt 0.926136 0.000000
vt 0.937500 1.000000
vt 0.931818 0.000000
vt 0.943182 1.000000
vt 0.937500 0.000000
vt 0.948864 1.000000
vt 0.943182 0.000000
vt 0.954545 1.000000
vt 0.948864 0.000000
vt 0.960227 1.000000
vt 0.954545 0.000000
vt 0.965909 1.000000
vt 0.960227 0.000000
vt 0.971591 1.000000
vt 0.965909 0.000000
vt 0.977273 1.000000
vt 0.971591 0.000000
vt 0.982955 1.000000
vt 0.977273 0.000000
vt 0.988636 1.000000
vt 0.982955 0.000000
vt 0.994318 1.000000
vt 0.988636 0.000000
vt 0.994318 0.000000
s 0
usemtl マテリアル.003
f 252/1/1 254/2/1 253/3/1
f 252/1/1 79/4/1 254/2/1
f 76/5/1 78/6/1 77/7/1
f 51/8/1 27/9/1 52/10/1
f 75/11/1 78/6/1 76/5/1
f 252/1/1 80/12/1 79/4/1
f 51/8/1 28/13/1 27/9/1
f 75/11/1 53/14/1 78/6/1
f 251/15/1 80/12/1 252/1/1
f 74/16/1 53/14/1 75/11/1
f 51/8/1 29/17/1 28/13/1
f 74/16/1 54/18/1 53/14/1
f 50/19/1 29/17/1 51/8/1
f 251/15/1 81/20/1 80/12/1
f 73/21/1 54/18/1 74/16/1
f 250/22/1 81/20/1 251/15/1
f 50/19/1 30/23/1 29/17/1
f 49/24/1 30/23/1 50/19/1
f 73/21/1 55/25/1 54/18/1
f 72/26/1 55/25/1 73/21/1
f 49/24/1 31/27/1 30/23/1
f 48/28/1 31/27/1 49/24/1
f 250/22/1 82/29/1 81/20/1
f 249/30/1 82/29/1 250/22/1
f 72/26/1 56/31/1 55/25/1
f 48/28/1 32/32/1 31/27/1
f 71/33/1 56/31/1 72/26/1
f 47/34/1 32/32/1 48/28/1
f 71/33/1 57/35/1 56/31/1
f 249/30/1 83/36/1 82/29/1
f 47/34/1 33/37/1 32/32/1
f 248/38/1 83/36/1 249/30/1
f 46/39/1 33/37/1 47/34/1
f 70/40/1 57/35/1 71/33/1
f 46/39/1 34/41/1 33/37/1
f 70/40/1 58/42/1 57/35/1
f 45/43/1 34/41/1 46/39/1
f 69/44/1 58/42/1 70/40/1
f 248/38/1 84/45/1 83/36/1
f 247/46/1 84/45/1 248/38/1
f 45/43/1 35/47/1 34/41/1
f 69/44/1 59/48/1 58/42/1
f 44/49/1 35/47/1 45/43/1
f 68/50/1 59/48/1 69/44/1
f 44/49/1 36/51/1 35/47/1
f 247/46/1 85/52/1 84/45/1
f 68/50/1 60/53/1 59/48/1
f 43/54/1 36/51/1 44/49/1
f 246/55/1 85/52/1 247/46/1
f 67/56/1 60/53/1 68/50/1
f 43/54/1 37/57/1 36/51/1
f 67/56/1 61/58/1 60/53/1
f 42/59/1 37/57/1 43/54/1
f 246/55/1 86/60/1 85/52/1
f 42/59/1 38/61/1 37/57/1
f 66/62/1 61/58/1 67/56/1
f 245/63/1 86/60/1 246/55/1
f 41/64/1 38/61/1 42/59/1
f 66/62/1 62/65/1 61/58/1
f 41/64/1 40/66/1 38/61/1
f 40/66/1 39/67/1 38/61/1
f 65/68/1 62/65/1 66/62/1
f 245/63/1 87/69/1 86/60/1
f 65/68/1 63/70/1 62/65/1
f 244/71/1 87/69/1 245/63/1
f 64/72/1 63/70/1 65/68/1
f 244/71/1 88/73/1 87/69/1
f 243/74/1 88/73/1 244/71/1
f 272/75/1 265/76/1 273/77/1
f 265/76/1 274/78/1 273/77/1
f 265/76/1 264/79/1 274/78/1
f 264/79/1 269/80/1 274/78/1
f 269/80/1 268/81/1 274/78/1
f 268/81/1 275/82/1 274/78/1
f 243/74/1 89/83/1 88/73/1
f 242/84/1 89/83/1 243/74/1
f 90/85/1 92/86/1 91/87/1
f 242/84/1 90/85/1 89/83/1
f 241/88/1 90/85/1 242/84/1
f 241/88/1 92/86/1 90/85/1
f 240/89/1 92/86/1 241/88/1
f 272/75/1 266/90/1 265/76/1
f 263/91/1 269/80/1 264/79/1
f 263/91/1 270/92/1 269/80/1
f 267/93/1 275/82/1 268/81/1
f 239/94/1 238/95/1 240/89/1
f 238/95/1 92/86/1 240/89/1
f 238/95/1 93/96/1 92/86/1
f 238/95/1 94/97/1 93/96/1
f 237/98/1 94/97/1 238/95/1
f 237/98/1 95/99/1 94/97/1
f 116/100/1 118/101/1 117/102/1
f 272/75/1 257/103/1 266/90/1
f 257/103/1 263/91/1 266/90/1
f 257/103/1 270/92/1 263/91/1
f 257/103/1 267/93/1 270/92/1
f 257/103/1 256/104/1 267/93/1
f 256/104/1 261/105/1 267/93/1
f 261/105/1 260/106/1 267/93/1
f 260/106/1 275/82/1 267/93/1
f 236/107/1 95/99/1 237/98/1
f 115/108/1 118/101/1 116/100/1
f 236/107/1 96/109/1 95/99/1
f 115/108/1 119/110/1 118/101/1
f 114/111/1 119/110/1 115/108/1
f 235/112/1 96/109/1 236/107/1
f 235/112/1 97/113/1 96/109/1
f 114/111/1 120/114/1 119/110/1
f 113/115/1 120/114/1 114/111/1
f 235/112/1 98/116/1 97/113/1
f 272/75/1 258/117/1 257/103/1
f 255/118/1 261/105/1 256/104/1
f 255/118/1 262/119/1 261/105/1
f 259/120/1 275/82/1 260/106/1
f 234/121/1 98/116/1 235/112/1
f 112/122/1 120/114/1 113/115/1
f 112/122/1 121/123/1 120/114/1
f 234/121/1 99/124/1 98/116/1
f 111/125/1 121/123/1 112/122/1
f 233/126/1 99/124/1 234/121/1
f 111/125/1 122/127/1 121/123/1
f 233/126/1 100/128/1 99/124/1
f 110/129/1 122/127/1 111/125/1
f 232/130/1 100/128/1 233/126/1
f 232/130/1 101/131/1 100/128/1
f 110/129/1 123/132/1 122/127/1
f 109/133/1 123/132/1 110/129/1
f 232/130/1 102/134/1 101/131/1
f 108/135/1 123/132/1 109/133/1
f 108/135/1 124/136/1 123/132/1
f 231/137/1 102/134/1 232/130/1
f 272/75/1 255/118/1 258/117/1
f 272/75/1 262/119/1 255/118/1
f 272/75/1 259/120/1 262/119/1
f 272/75/1 275/82/1 259/120/1
f 231/137/1 103/138/1 102/134/1
f 107/139/1 124/136/1 108/135/1
f 107/139/1 125/140/1 124/136/1
f 230/141/1 103/138/1 231/137/1
f 230/141/1 104/142/1 103/138/1
f 106/143/1 125/140/1 107/139/1
f 106/143/1 126/144/1 125/140/1
f 230/141/1 105/145/1 104/142/1
f 105/145/1 126/144/1 106/143/1
f 229/146/1 105/145/1 230/141/1
f 271/147/2 275/82/2 272/75/2
f 286/148/1 276/149/1 271/147/1
f 276/149/2 275/82/2 271/147/2
f 286/148/1 277/150/1 276/149/1
f 105/145/1 127/151/1 126/144/1
f 229/146/1 127/151/1 105/145/1
f 228/152/1 127/151/1 229/146/1
f 228/152/1 128/153/1 127/151/1
f 227/154/1 128/153/1 228/152/1
f 227/154/1 129/155/1 128/153/1
f 226/156/1 129/155/1 227/154/1
f 226/156/1 130/157/1 129/155/1
f 225/158/1 130/157/1 226/156/1
f 284/159/1 286/148/1 285/160/1
f 284/159/1 277/150/1 286/148/1
f 284/159/1 278/161/1 277/150/1
f 284/159/1 279/162/1 278/161/1
f 153/163/1 155/164/1 154/165/1
f 153/163/1 156/166/1 155/164/1
f 225/158/1 131/167/1 130/157/1
f 153/163/1 157/168/1 156/166/1
f 153/163/1 158/169/1 157/168/1
f 224/170/1 131/167/1 225/158/1
f 153/163/1 159/171/1 158/169/1
f 153/163/1 160/172/1 159/171/1
f 153/163/1 161/173/1 160/172/1
f 152/174/1 161/173/1 153/163/1
f 224/170/1 132/175/1 131/167/1
f 152/174/1 162/176/1 161/173/1
f 152/174/1 163/177/1 162/176/1
f 223/178/1 132/175/1 224/170/1
f 152/174/1 164/179/1 163/177/1
f 152/174/1 165/180/1 164/179/1
f 152/174/1 166/181/1 165/180/1
f 152/174/1 167/182/1 166/181/1
f 151/183/1 167/182/1 152/174/1
f 223/178/1 133/184/1 132/175/1
f 222/185/1 133/184/1 223/178/1
f 283/186/2 279/162/2 284/159/2
f 282/187/1 280/188/1 283/186/1
f 280/188/2 279/162/2 283/186/2
f 282/187/1 281/189/1 280/188/1
f 222/185/1 190/190/1 133/184/1
f 190/190/1 134/191/1 133/184/1
f 150/192/1 167/182/1 151/183/1
f 221/193/1 190/190/1 222/185/1
f 221/193/1 191/194/1 190/190/1
f 189/195/1 134/191/1 190/190/1
f 150/192/1 168/196/1 167/182/1
f 189/195/1 135/197/1 134/191/1
f 149/198/1 168/196/1 150/192/1
f 220/199/1 191/194/1 221/193/1
f 220/199/1 192/200/1 191/194/1
f 188/201/1 135/197/1 189/195/1
f 188/201/1 136/202/1 135/197/1
f 148/203/1 168/196/1 149/198/1
f 219/204/1 192/200/1 220/199/1
f 219/204/1 193/205/1 192/200/1
f 148/203/1 169/206/1 168/196/1
f 188/201/1 137/207/1 136/202/1
f 147/208/1 169/206/1 148/203/1
f 218/209/1 193/205/1 219/204/1
f 187/210/1 137/207/1 188/201/1
f 218/209/1 194/211/1 193/205/1
f 187/210/1 138/212/1 137/207/1
f 146/213/1 169/206/1 147/208/1
f 187/210/1 139/214/1 138/212/1
f 217/215/1 194/211/1 218/209/1
f 145/216/1 169/206/1 146/213/1
f 217/215/1 195/217/1 194/211/1
f 145/216/1 170/218/1 169/206/1
f 187/210/1 140/219/1 139/214/1
f 186/220/1 140/219/1 187/210/1
f 144/221/1 170/218/1 145/216/1
f 186/220/1 141/222/1 140/219/1
f 143/223/1 170/218/1 144/221/1
f 216/224/1 195/217/1 217/215/1
f 186/220/1 142/225/1 141/222/1
f 142/225/1 170/218/1 143/223/1
f 216/224/1 196/226/1 195/217/1
f 186/220/1 170/218/1 142/225/1
f 215/227/1 196/226/1 216/224/1
f 185/228/1 170/218/1 186/220/1
f 185/228/1 171/229/1 170/218/1
f 215/227/1 197/230/1 196/226/1
f 214/231/1 197/230/1 215/227/1
f 184/232/1 171/229/1 185/228/1
f 214/231/1 198/233/1 197/230/1
f 184/232/1 172/234/1 171/229/1
f 213/235/1 198/233/1 214/231/1
f 212/236/1 198/233/1 213/235/1
f 211/237/1 198/233/1 212/236/1
f 211/237/1 199/238/1 198/233/1
f 183/239/1 172/234/1 184/232/1
f 210/240/1 199/238/1 211/237/1
f 183/239/1 173/241/1 172/234/1
f 209/242/1 199/238/1 210/240/1
f 208/243/1 199/238/1 209/242/1
f 208/243/1 200/244/1 199/238/1
f 182/245/1 173/241/1 183/239/1
f 207/246/1 200/244/1 208/243/1
f 182/245/1 174/247/1 173/241/1
f 206/248/1 200/244/1 207/246/1
f 206/248/1 201/249/1 200/244/1
f 181/250/1 174/247/1 182/245/1
f 205/251/1 201/249/1 206/248/1
f 204/252/1 201/249/1 205/251/1
f 181/250/1 175/253/1 174/247/1
f 180/254/1 175/253/1 181/250/1
f 204/252/1 203/255/1 201/249/1
f 203/255/1 202/256/1 201/249/1
f 180/254/1 176/257/1 175/253/1
f 179/258/1 176/257/1 180/254/1
f 179/258/1 177/259/1 176/257/1
f 178/260/1 177/259/1 179/258/1
f 311/261/1 287/262/1 312/263/1
f 311/261/1 288/264/1 287/262/1
f 310/265/1 288/264/1 311/261/1
f 310/265/1 289/266/1 288/264/1
f 309/267/1 289/266/1 310/265/1
f 309/267/1 290/268/1 289/266/1
f 308/269/1 290/268/1 309/267/1
f 308/269/1 291/270/1 290/268/1
f 307/271/1 291/270/1 308/269/1
f 307/271/1 292/272/1 291/270/1
f 306/273/1 292/272/1 307/271/1
f 306/273/1 293/274/1 292/272/1
f 305/275/1 293/274/1 306/273/1
f 305/275/1 294/276/1 293/274/1
f 304/277/1 294/276/1 305/275/1
f 304/277/1 295/278/1 294/276/1
f 303/279/1 295/278/1 304/277/1
f 303/279/1 296/280/1 295/278/1
f 302/281/1 296/280/1 303/279/1
f 302/281/1 297/282/1 296/280/1
f 301/283/1 297/282/1 302/281/1
f 301/283/1 298/284/1 297/282/1
f 301/283/1 300/285/1 298/284/1
f 300/285/1 299/286/1 298/284/1
f 25/287/1 1/288/1 26/289/1
f 25/287/1 2/290/1 1/288/1
f 24/291/1 2/290/1 25/287/1
f 23/292/1 2/290/1 24/291/1
f 23/292/1 3/293/1 2/290/1
f 22/294/1 3/293/1 23/292/1
f 22/294/1 4/295/1 3/293/1
f 21/296/1 4/295/1 22/294/1
f 21/296/1 5/297/1 4/295/1
f 20/298/1 5/297/1 21/296/1
f 20/298/1 6/299/1 5/297/1
f 20/298/1 7/300/1 6/299/1
f 19/301/1 7/300/1 20/298/1
f 19/301/1 8/302/1 7/300/1
f 18/303/1 8/302/1 19/301/1
f 18/303/1 9/304/1 8/302/1
f 17/305/1 9/304/1 18/303/1
f 17/305/1 10/306/1 9/304/1
f 16/307/1 10/306/1 17/305/1
f 16/307/1 11/308/1 10/306/1
f 15/309/1 11/308/1 16/307/1
f 15/309/1 12/310/1 11/308/1
f 14/311/1 12/310/1 15/309/1
f 14/311/1 13/312/1 12/310/1
f 564/1/3 565/3/3 566/2/3
f 564/1/3 566/2/3 391/4/3
f 388/5/3 389/7/3 390/6/3
f 363/8/3 364/10/3 339/9/3
f 387/11/3 388/5/3 390/6/3
f 564/1/3 391/4/3 392/12/3
f 363/8/3 339/9/3 340/13/3
f 387/11/3 390/6/3 365/14/3
f 563/15/3 564/1/3 392/12/3
f 386/16/3 387/11/3 365/14/3
f 363/8/3 340/13/3 341/17/3
f 386/16/3 365/14/3 366/18/3
f 362/19/3 363/8/3 341/17/3
f 563/15/3 392/12/3 393/20/3
f 385/21/3 386/16/3 366/18/3
f 562/22/3 563/15/3 393/20/3
f 362/19/3 341/17/3 342/23/3
f 361/24/3 362/19/3 342/23/3
f 385/21/3 366/18/3 367/25/3
f 384/26/3 385/21/3 367/25/3
f 361/24/3 342/23/3 343/27/3
f 360/28/3 361/24/3 343/27/3
f 562/22/3 393/20/3 394/29/3
f 561/30/3 562/22/3 394/29/3
f 384/26/3 367/25/3 368/31/3
f 360/28/3 343/27/3 344/32/3
f 383/33/3 384/26/3 368/31/3
f 359/34/3 360/28/3 344/32/3
f 383/33/3 368/31/3 369/35/3
f 561/30/3 394/29/3 395/36/3
f 359/34/3 344/32/3 345/37/3
f 560/38/3 561/30/3 395/36/3
f 358/39/3 359/34/3 345/37/3
f 382/40/3 383/33/3 369/35/3
f 358/39/3 345/37/3 346/41/3
f 382/40/3 369/35/3 370/42/3
f 357/43/3 358/39/3 346/41/3
f 381/44/3 382/40/3 370/42/3
f 560/38/3 395/36/3 396/45/3
f 559/46/3 560/38/3 396/45/3
f 357/43/3 346/41/3 347/47/3
f 381/44/3 370/42/3 371/48/3
f 356/49/3 357/43/3 347/47/3
f 380/50/3 381/44/3 371/48/3
f 356/49/3 347/47/3 348/51/3
f 559/46/3 396/45/3 397/52/3
f 380/50/3 371/48/3 372/53/3
f 355/54/3 356/49/3 348/51/3
f 558/55/3 559/46/3 397/52/3
f 379/56/3 380/50/3 372/53/3
f 355/54/3 348/51/3 349/57/3
f 379/56/3 372/53/3 373/58/3
f 354/59/3 355/54/3 349/57/3
f 558/55/3 397/52/3 398/60/3
f 354/59/3 349/57/3 350/61/3
f 378/62/3 379/56/3 373/58/3
f 557/63/3 558/55/3 398/60/3
f 353/64/3 354/59/3 350/61/3
f 378/62/3 373/58/3 374/65/3
f 353/64/3 350/61/3 352/66/3
f 352/66/3 350/61/3 351/67/3
f 377/68/3 378/62/3 374/65/3
f 557/63/3 398/60/3 399/69/3
f 377/68/3 374/65/3 375/70/3
f 556/71/3 557/63/3 399/69/3
f 376/72/3 377/68/3 375/70/3
f 556/71/3 399/69/3 400/73/3
f 555/74/3 556/71/3 400/73/3
f 584/75/3 585/77/3 577/76/3
f 577/76/3 585/77/3 586/78/3
f 577/76/3 586/78/3 576/79/3
f 576/79/3 586/78/3 581/80/3
f 581/80/3 586/78/3 580/81/3
f 580/81/3 586/78/3 587/82/3
f 555/74/3 400/73/3 401/83/3
f 554/84/3 555/74/3 401/83/3
f 402/85/3 403/87/3 404/86/3
f 554/84/3 401/83/3 402/85/3
f 553/88/3 554/84/3 402/85/3
f 553/88/3 402/85/3 404/86/3
f 552/89/3 553/88/3 404/86/3
f 584/75/3 577/76/3 578/90/3
f 575/91/3 576/79/3 581/80/3
f 575/91/3 581/80/3 582/92/3
f 579/93/3 580/81/3 587/82/3
f 551/94/3 552/89/3 550/95/3
f 550/95/3 552/89/3 404/86/3
f 550/95/3 404/86/3 405/96/3
f 550/95/3 405/96/3 406/97/3
f 549/98/3 550/95/3 406/97/3
f 549/98/3 406/97/3 407/99/3
f 428/100/3 429/102/3 430/101/3
f 584/75/3 578/90/3 569/103/3
f 569/103/3 578/90/3 575/91/3
f 569/103/3 575/91/3 582/92/3
f 569/103/3 582/92/3 579/93/3
f 569/103/3 579/93/3 568/104/3
f 568/104/3 579/93/3 573/105/3
f 573/105/3 579/93/3 572/106/3
f 572/106/3 579/93/3 587/82/3
f 548/107/3 549/98/3 407/99/3
f 427/108/3 428/100/3 430/101/3
f 548/107/3 407/99/3 408/109/3
f 427/108/3 430/101/3 431/110/3
f 426/111/3 427/108/3 431/110/3
f 547/112/3 548/107/3 408/109/3
f 547/112/3 408/109/3 409/113/3
f 426/111/3 431/110/3 432/114/3
f 425/115/3 426/111/3 432/114/3
f 547/112/3 409/113/3 410/116/3
f 584/75/3 569/103/3 570/117/3
f 567/118/3 568/104/3 573/105/3
f 567/118/3 573/105/3 574/119/3
f 571/120/3 572/106/3 587/82/3
f 546/121/3 547/112/3 410/116/3
f 424/122/3 425/115/3 432/114/3
f 424/122/3 432/114/3 433/123/3
f 546/121/3 410/116/3 411/124/3
f 423/125/3 424/122/3 433/123/3
f 545/126/3 546/121/3 411/124/3
f 423/125/3 433/123/3 434/127/3
f 545/126/3 411/124/3 412/128/3
f 422/129/3 423/125/3 434/127/3
f 544/130/3 545/126/3 412/128/3
f 544/130/3 412/128/3 413/131/3
f 422/129/3 434/127/3 435/132/3
f 421/133/3 422/129/3 435/132/3
f 544/130/3 413/131/3 414/134/3
f 420/135/3 421/133/3 435/132/3
f 420/135/3 435/132/3 436/136/3
f 543/137/3 544/130/3 414/134/3
f 584/75/3 570/117/3 567/118/3
f 584/75/3 567/118/3 574/119/3
f 584/75/3 574/119/3 571/120/3
f 584/75/3 571/120/3 587/82/3
f 543/137/3 414/134/3 415/138/3
f 419/139/3 420/135/3 436/136/3
f 419/139/3 436/136/3 437/140/3
f 542/141/3 543/137/3 415/138/3
f 542/141/3 415/138/3 416/142/3
f 418/143/3 419/139/3 437/140/3
f 418/143/3 437/140/3 438/144/3
f 542/141/3 416/142/3 417/145/3
f 417/145/3 418/143/3 438/144/3
f 541/146/3 542/141/3 417/145/3
f 583/147/2 584/75/2 587/82/2
f 598/148/3 583/147/3 588/149/3
f 588/149/2 583/147/2 587/82/2
f 598/148/3 588/149/3 589/150/3
f 417/145/3 438/144/3 439/151/3
f 541/146/3 417/145/3 439/151/3
f 540/152/3 541/146/3 439/151/3
f 540/152/3 439/151/3 440/153/3
f 539/154/3 540/152/3 440/153/3
f 539/154/3 440/153/3 441/155/3
f 538/156/3 539/154/3 441/155/3
f 538/156/3 441/155/3 442/157/3
f 537/158/3 538/156/3 442/157/3
f 596/159/3 597/160/3 598/148/3
f 596/159/3 598/148/3 589/150/3
f 596/159/3 589/150/3 590/161/3
f 596/159/3 590/161/3 591/162/3
f 465/163/3 466/165/3 467/164/3
f 465/163/3 467/164/3 468/166/3
f 537/158/3 442/157/3 443/167/3
f 465/163/3 468/166/3 469/168/3
f 465/163/3 469/168/3 470/169/3
f 536/170/3 537/158/3 443/167/3
f 465/163/3 470/169/3 471/171/3
f 465/163/3 471/171/3 472/172/3
f 465/163/3 472/172/3 473/173/3
f 464/174/3 465/163/3 473/173/3
f 536/170/3 443/167/3 444/175/3
f 464/174/3 473/173/3 474/176/3
f 464/174/3 474/176/3 475/177/3
f 535/178/3 536/170/3 444/175/3
f 464/174/3 475/177/3 476/179/3
f 464/174/3 476/179/3 477/180/3
f 464/174/3 477/180/3 478/181/3
f 464/174/3 478/181/3 479/182/3
f 463/183/3 464/174/3 479/182/3
f 535/178/3 444/175/3 445/184/3
f 534/185/3 535/178/3 445/184/3
f 595/186/2 596/159/2 591/162/2
f 594/187/3 595/186/3 592/188/3
f 592/188/2 595/186/2 591/162/2
f 594/187/3 592/188/3 593/189/3
f 534/185/3 445/184/3 502/190/3
f 502/190/3 445/184/3 446/191/3
f 462/192/3 463/183/3 479/182/3
f 533/193/3 534/185/3 502/190/3
f 533/193/3 502/190/3 503/194/3
f 501/195/3 502/190/3 446/191/3
f 462/192/3 479/182/3 480/196/3
f 501/195/3 446/191/3 447/197/3
f 461/198/3 462/192/3 480/196/3
f 532/199/3 533/193/3 503/194/3
f 532/199/3 503/194/3 504/200/3
f 500/201/3 501/195/3 447/197/3
f 500/201/3 447/197/3 448/202/3
f 460/203/3 461/198/3 480/196/3
f 531/204/3 532/199/3 504/200/3
f 531/204/3 504/200/3 505/205/3
f 460/203/3 480/196/3 481/206/3
f 500/201/3 448/202/3 449/207/3
f 459/208/3 460/203/3 481/206/3
f 530/209/3 531/204/3 505/205/3
f 499/210/3 500/201/3 449/207/3
f 530/209/3 505/205/3 506/211/3
f 499/210/3 449/207/3 450/212/3
f 458/213/3 459/208/3 481/206/3
f 499/210/3 450/212/3 451/214/3
f 529/215/3 530/209/3 506/211/3
f 457/216/3 458/213/3 481/206/3
f 529/215/3 506/211/3 507/217/3
f 457/216/3 481/206/3 482/218/3
f 499/210/3 451/214/3 452/219/3
f 498/220/3 499/210/3 452/219/3
f 456/221/3 457/216/3 482/218/3
f 498/220/3 452/219/3 453/222/3
f 455/223/3 456/221/3 482/218/3
f 528/224/3 529/215/3 507/217/3
f 498/220/3 453/222/3 454/225/3
f 454/225/3 455/223/3 482/218/3
f 528/224/3 507/217/3 508/226/3
f 498/220/3 454/225/3 482/218/3
f 527/227/3 528/224/3 508/226/3
f 497/228/3 498/220/3 482/218/3
f 497/228/3 482/218/3 483/229/3
f 527/227/3 508/226/3 509/230/3
f 526/231/3 527/227/3 509/230/3
f 496/232/3 497/228/3 483/229/3
f 526/231/3 509/230/3 510/233/3
f 496/232/3 483/229/3 484/234/3
f 525/235/3 526/231/3 510/233/3
f 524/236/3 525/235/3 510/233/3
f 523/237/3 524/236/3 510/233/3
f 523/237/3 510/233/3 511/238/3
f 495/239/3 496/232/3 484/234/3
f 522/240/3 523/237/3 511/238/3
f 495/239/3 484/234/3 485/241/3
f 521/242/3 522/240/3 511/238/3
f 520/243/3 521/242/3 511/238/3
f 520/243/3 511/238/3 512/244/3
f 494/245/3 495/239/3 485/241/3
f 519/246/3 520/243/3 512/244/3
f 494/245/3 485/241/3 486/247/3
f 518/248/3 519/246/3 512/244/3
f 518/248/3 512/244/3 513/249/3
f 493/250/3 494/245/3 486/247/3
f 517/251/3 518/248/3 513/249/3
f 516/252/3 517/251/3 513/249/3
f 493/250/3 486/247/3 487/253/3
f 492/254/3 493/250/3 487/253/3
f 516/252/3 513/249/3 515/255/3
f 515/255/3 513/249/3 514/256/3
f 492/254/3 487/253/3 488/257/3
f 491/258/3 492/254/3 488/257/3
f 491/258/3 488/257/3 489/259/3
f 490/260/3 491/258/3 489/259/3
f 623/261/3 624/263/3 599/262/3
f 623/261/3 599/262/3 600/264/3
f 622/265/3 623/261/3 600/264/3
f 622/265/3 600/264/3 601/266/3
f 621/267/3 622/265/3 601/266/3
f 621/267/3 601/266/3 602/268/3
f 620/269/3 621/267/3 602/268/3
f 620/269/3 602/268/3 603/270/3
f 619/271/3 620/269/3 603/270/3
f 619/271/3 603/270/3 604/272/3
f 618/273/3 619/271/3 604/272/3
f 618/273/3 604/272/3 605/274/3
f 617/275/3 618/273/3 605/274/3
f 617/275/3 605/274/3 606/276/3
f 616/277/3 617/275/3 606/276/3
f 616/277/3 606/276/3 607/278/3
f 615/279/3 616/277/3 607/278/3
f 615/279/3 607/278/3 608/280/3
f 614/281/3 615/279/3 608/280/3
f 614/281/3 608/280/3 609/282/3
f 613/283/3 614/281/3 609/282/3
f 613/283/3 609/282/3 610/284/3
f 613/283/3 610/284/3 612/285/3
f 612/285/3 610/284/3 611/286/3
f 337/287/3 338/289/3 313/288/3
f 337/287/3 313/288/3 314/290/3
f 336/291/3 337/287/3 314/290/3
f 335/292/3 336/291/3 314/290/3
f 335/292/3 314/290/3 315/293/3
f 334/294/3 335/292/3 315/293/3
f 334/294/3 315/293/3 316/295/3
f 333/296/3 334/294/3 316/295/3
f 333/296/3 316/295/3 317/297/3
f 332/298/3 333/296/3 317/297/3
f 332/298/3 317/297/3 318/299/3
f 332/298/3 318/299/3 319/300/3
f 331/301/3 332/298/3 319/300/3
f 331/301/3 319/300/3 320/302/3
f 330/303/3 331/301/3 320/302/3
f 330/303/3 320/302/3 321/304/3
f 329/305/3 330/303/3 321/304/3
f 329/305/3 321/304/3 322/306/3
f 328/307/3 329/305/3 322/306/3
f 328/307/3 322/306/3 323/308/3
f 327/309/3 328/307/3 323/308/3
f 327/309/3 323/308/3 324/310/3
f 326/311/3 327/309/3 324/310/3
f 326/311/3 324/310/3 325/312/3
s 1
f 628/313/4 625/288/5 626/314/5
f 630/315/6 627/316/4 628/313/4
f 632/317/7 629/318/6 630/315/6
f 634/319/8 631/320/7 632/317/7
f 636/321/9 633/322/8 634/319/8
f 638/323/10 635/324/9 636/321/9
f 640/325/11 637/326/10 638/323/10
f 642/327/12 639/328/11 640/325/11
f 644/329/13 641/330/12 642/327/12
f 646/331/14 643/332/13 644/329/13
f 648/333/15 645/334/14 646/331/14
f 650/335/16 647/336/15 648/333/15
f 652/337/17 649/338/16 650/335/16
f 654/339/18 651/340/17 652/337/17
f 656/341/19 653/342/18 654/339/18
f 658/343/20 655/344/19 656/341/19
f 660/345/21 657/346/20 658/343/20
f 662/347/22 659/348/21 660/345/21
f 664/349/23 661/350/22 662/347/22
f 666/351/24 663/352/23 664/349/23
f 668/353/25 665/354/24 666/351/24
f 670/355/26 667/356/25 668/353/25
f 672/357/27 669/358/26 670/355/26
f 674/359/28 671/360/27 672/357/27
f 676/361/29 673/362/28 674/359/28
f 626/363/5 675/364/29 676/361/29
f 680/313/30 677/288/31 678/314/31
f 682/315/32 679/316/30 680/313/30
f 684/317/33 681/318/32 682/315/32
f 686/319/34 683/320/33 684/317/33
f 688/321/35 685/322/34 686/319/34
f 690/323/36 687/324/35 688/321/35
f 692/325/37 689/326/36 690/323/36
f 694/327/38 691/328/37 692/325/37
f 696/329/39 693/330/38 694/327/38
f 698/331/40 695/332/39 696/329/39
f 700/333/41 697/334/40 698/331/40
f 702/335/42 699/336/41 700/333/41
f 704/337/43 701/338/42 702/335/42
f 706/339/44 703/340/43 704/337/43
f 708/341/45 705/342/44 706/339/44
f 710/343/46 707/344/45 708/341/45
f 712/345/47 709/346/46 710/343/46
f 714/347/48 711/348/47 712/345/47
f 716/349/49 713/350/48 714/347/48
f 718/351/50 715/352/49 716/349/49
f 720/353/51 717/354/50 718/351/50
f 722/355/52 719/356/51 720/353/51
f 724/357/53 721/358/52 722/355/52
f 726/359/54 723/360/53 724/357/53
f 728/361/55 725/362/54 726/359/54
f 678/363/31 727/364/55 728/361/55
f 732/313/56 729/288/57 730/314/57
f 734/315/58 731/316/56 732/313/56
f 736/317/59 733/318/58 734/315/58
f 738/319/60 735/320/59 736/317/59
f 740/321/61 737/322/60 738/319/60
f 742/323/62 739/324/63 740/321/61
f 744/325/64 741/326/62 742/323/62
f 746/327/65 743/328/64 744/325/64
f 748/329/66 745/330/65 746/327/65
f 750/331/67 747/332/66 748/329/66
f 752/333/68 749/334/67 750/331/67
f 754/335/69 751/336/68 752/333/68
f 756/337/70 753/338/71 754/335/69
f 758/339/72 755/340/70 756/337/70
f 760/341/73 757/342/72 758/339/72
f 762/343/74 759/344/73 760/341/73
f 764/345/75 761/346/74 762/343/74
f 766/347/76 763/348/75 764/345/75
f 768/349/77 765/350/76 766/347/76
f 770/351/78 767/352/77 768/349/77
f 772/353/79 769/354/78 770/351/78
f 774/355/80 771/356/79 772/353/79
f 776/357/81 773/358/80 774/355/80
f 778/359/82 775/360/81 776/357/81
f 780/361/83 777/362/82 778/359/82
f 730/363/57 779/364/83 780/361/83
f 784/313/84 781/288/85 782/314/85
f 786/315/86 783/316/84 784/313/84
f 788/317/87 785/318/86 786/315/86
f 790/319/88 787/320/87 788/317/87
f 792/321/89 789/322/88 790/319/88
f 794/323/90 791/324/89 792/321/89
f 796/325/91 793/326/90 794/323/90
f 798/327/92 795/328/91 796/325/91
f 800/329/93 797/330/92 798/327/92
f 802/331/94 799/332/93 800/329/93
f 804/333/95 801/334/94 802/331/94
f 806/335/96 803/336/95 804/333/95
f 808/337/97 805/338/96 806/335/96
f 810/339/98 807/340/97 808/337/97
f 812/341/99 809/342/98 810/339/98
f 814/343/100 811/344/99 812/341/99
f 816/345/101 813/346/100 814/343/100
f 818/347/102 815/348/101 816/345/101
f 820/349/103 817/350/102 818/347/102
f 822/351/104 819/352/103 820/349/103
f 824/353/105 821/354/104 822/351/104
f 826/355/106 823/356/105 824/353/105
f 828/357/107 825/358/106 826/355/106
f 830/359/108 827/360/107 828/357/107
f 832/361/109 829/362/108 830/359/108
f 782/363/85 831/364/109 832/361/109
f 836/365/110 833/288/111 834/314/111
f 838/366/112 835/367/110 836/365/110
f 840/368/113 837/369/112 838/366/112
f 842/370/114 839/371/113 840/368/113
f 844/372/115 841/373/114 842/370/114
f 846/374/116 843/375/115 844/372/115
f 848/376/117 845/377/116 846/374/116
f 850/378/118 847/379/117 848/376/117
f 852/380/119 849/381/118 850/378/118
f 854/382/120 851/383/119 852/380/119
f 856/384/121 853/385/120 854/382/120
f 858/386/122 855/387/121 856/384/121
f 860/388/123 857/389/122 858/386/122
f 862/390/124 859/391/123 860/388/123
f 864/392/125 861/393/126 862/390/124
f 866/394/127 863/395/125 864/392/125
f 868/396/128 865/397/127 866/394/127
f 870/398/129 867/399/128 868/396/128
f 872/400/130 869/401/129 870/398/129
f 874/402/131 871/403/130 872/400/130
f 876/404/132 873/405/131 874/402/131
f 878/406/133 875/407/132 876/404/132
f 880/408/134 877/409/133 878/406/133
f 882/410/135 879/411/134 880/408/134
f 884/412/136 881/413/135 882/410/135
f 886/414/137 883/415/136 884/412/136
f 888/416/138 885/417/137 886/414/137
f 890/418/139 887/419/138 888/416/138
f 892/420/140 889/421/139 890/418/139
f 894/422/141 891/423/140 892/420/140
f 896/424/142 893/425/141 894/422/141
f 898/426/143 895/427/142 896/424/142
f 900/428/144 897/429/143 898/426/143
f 902/430/145 899/431/144 900/428/144
f 904/432/146 901/433/145 902/430/145
f 906/434/147 903/435/146 904/432/146
f 908/436/148 905/437/147 906/434/147
f 910/438/149 907/439/148 908/436/148
f 912/440/150 909/441/149 910/438/149
f 914/442/151 911/443/150 912/440/150
f 916/444/152 913/445/151 914/442/151
f 918/446/153 915/447/152 916/444/152
f 920/448/154 917/449/153 918/446/153
f 922/450/155 919/451/154 920/448/154
f 924/452/156 921/453/155 922/450/155
f 926/454/157 923/455/156 924/452/156
f 928/456/158 925/457/157 926/454/157
f 930/458/159 927/459/158 928/456/158
f 932/460/160 929/461/161 930/458/159
f 934/462/162 931/463/160 932/460/160
f 936/464/163 933/465/162 934/462/162
f 938/466/164 935/467/163 936/464/163
f 940/468/165 937/469/164 938/466/164
f 942/470/166 939/471/165 940/468/165
f 944/472/167 941/473/166 942/470/166
f 946/474/168 943/475/167 944/472/167
f 948/476/169 945/477/168 946/474/168
f 950/478/170 947/479/169 948/476/169
f 952/480/171 949/481/170 950/478/170
f 954/482/172 951/483/171 952/480/171
f 956/484/173 953/485/172 954/482/172
f 958/486/174 955/487/173 956/484/173
f 960/488/175 957/489/174 958/486/174
f 962/490/176 959/491/175 960/488/175
f 964/492/177 961/493/176 962/490/176
f 966/494/178 963/495/177 964/492/177
f 968/496/179 965/497/178 966/494/178
f 970/498/180 967/499/179 968/496/179
f 972/500/181 969/501/180 970/498/180
f 974/502/182 971/503/181 972/500/181
f 976/504/183 973/505/182 974/502/182
f 978/506/184 975/507/183 976/504/183
f 980/508/185 977/509/184 978/506/184
f 982/510/186 979/511/185 980/508/185
f 984/512/187 981/513/186 982/510/186
f 986/514/188 983/515/187 984/512/187
f 988/516/189 985/517/188 986/514/188
f 990/518/190 987/519/189 988/516/189
f 992/520/191 989/521/190 990/518/190
f 994/522/192 991/523/191 992/520/191
f 996/524/193 993/525/192 994/522/192
f 998/526/194 995/527/193 996/524/193
f 1000/528/195 997/529/194 998/526/194
f 1002/530/196 999/531/195 1000/528/195
f 1004/532/197 1001/533/196 1002/530/196
f 1006/534/198 1003/535/197 1004/532/197
f 1008/536/199 1005/537/198 1006/534/198
f 1010/337/200 1007/538/199 1008/536/199
f 1012/539/201 1009/340/200 1010/337/200
f 1014/540/202 1011/541/201 1012/539/201
f 1016/542/203 1013/543/202 1014/540/202
f 1018/544/204 1015/545/203 1016/542/203
f 1020/546/205 1017/547/204 1018/544/204
f 1022/548/206 1019/549/205 1020/546/205
f 1024/550/207 1021/551/206 1022/548/206
f 1026/552/208 1023/553/207 1024/550/207
f 1028/554/209 1025/555/208 1026/552/208
f 1030/556/210 1027/557/209 1028/554/209
f 1032/558/211 1029/559/210 1030/556/210
f 1034/560/212 1031/561/213 1032/558/211
f 1036/562/214 1033/563/212 1034/560/212
f 1038/564/215 1035/565/214 1036/562/214
f 1040/566/216 1037/567/215 1038/564/215
f 1042/568/217 1039/569/216 1040/566/216
f 1044/570/218 1041/571/217 1042/568/217
f 1046/572/219 1043/573/218 1044/570/218
f 1048/574/220 1045/575/219 1046/572/219
f 1050/576/221 1047/577/220 1048/574/220
f 1052/578/222 1049/579/221 1050/576/221
f 1054/580/223 1051/581/222 1052/578/222
f 1056/582/224 1053/583/223 1054/580/223
f 1058/584/225 1055/585/226 1056/582/224
f 1060/586/227 1057/587/225 1058/584/225
f 1062/588/228 1059/589/227 1060/586/227
f 1064/590/229 1061/591/228 1062/588/228
f 1066/592/230 1063/593/229 1064/590/229
f 1068/594/231 1065/595/230 1066/592/230
f 1070/596/232 1067/597/231 1068/594/231
f 1072/598/233 1069/599/232 1070/596/232
f 1074/600/234 1071/601/233 1072/598/233
f 1076/602/235 1073/603/234 1074/600/234
f 1078/604/236 1075/605/235 1076/602/235
f 1080/606/237 1077/607/236 1078/604/236
f 1082/608/238 1079/609/237 1080/606/237
f 1084/610/239 1081/611/238 1082/608/238
f 1086/612/240 1083/613/239 1084/610/239
f 1088/614/241 1085/615/242 1086/612/240
f 1090/616/243 1087/617/241 1088/614/241
f 1092/618/244 1089/619/243 1090/616/243
f 1094/620/245 1091/621/244 1092/618/244
f 1096/622/246 1093/623/245 1094/620/245
f 1098/624/247 1095/625/246 1096/622/246
f 1100/626/248 1097/627/247 1098/624/247
f 1102/628/249 1099/629/248 1100/626/248
f 1104/630/250 1101/631/249 1102/628/249
f 1106/632/251 1103/633/250 1104/630/250
f 1108/634/252 1105/635/251 1106/632/251
f 1110/636/253 1107/637/252 1108/634/252
f 1112/638/254 1109/639/253 1110/636/253
f 1114/640/255 1111/641/254 1112/638/254
f 1116/642/256 1113/643/255 1114/640/255
f 1118/644/257 1115/645/256 1116/642/256
f 1120/646/258 1117/647/257 1118/644/257
f 1122/648/259 1119/649/258 1120/646/258
f 1124/650/260 1121/651/259 1122/648/259
f 1126/652/261 1123/653/260 1124/650/260
f 1128/654/262 1125/655/261 1126/652/261
f 1130/656/263 1127/657/262 1128/654/262
f 1132/658/264 1129/659/263 1130/656/263
f 1134/660/265 1131/661/264 1132/658/264
f 1136/662/266 1133/663/265 1134/660/265
f 1138/664/267 1135/665/266 1136/662/266
f 1140/666/268 1137/667/267 1138/664/267
f 1142/668/269 1139/669/268 1140/666/268
f 1144/670/270 1141/671/269 1142/668/269
f 1146/672/271 1143/673/270 1144/670/270
f 1148/674/272 1145/675/271 1146/672/271
f 1150/676/273 1147/677/272 1148/674/272
f 1152/678/274 1149/679/273 1150/676/273
f 1154/680/275 1151/681/274 1152/678/274
f 1156/682/276 1153/683/275 1154/680/275
f 1158/684/277 1155/685/278 1156/682/276
f 1160/686/279 1157/687/280 1158/684/277
f 1162/688/281 1159/689/279 1160/686/279
f 1164/690/282 1161/691/281 1162/688/281
f 1166/692/283 1163/693/282 1164/690/282
f 1168/694/284 1165/695/283 1166/692/283
f 1170/696/285 1167/697/284 1168/694/284
f 1172/698/286 1169/699/285 1170/696/285
f 1174/700/287 1171/701/286 1172/698/286
f 1176/702/288 1173/703/287 1174/700/287
f 1178/704/289 1175/705/288 1176/702/288
f 1180/706/290 1177/707/289 1178/704/289
f 1182/708/291 1179/709/290 1180/706/290
f 1184/710/292 1181/711/291 1182/708/291
f 834/363/111 1183/712/292 1184/710/292
f 1188/450/293 1185/288/294 1186/314/294
f 1190/337/295 1187/453/293 1188/450/293
f 1192/624/296 1189/340/295 1190/337/295
f 1186/363/294 1191/627/296 1192/624/296
f 1196/450/293 1193/288/294 1194/314/294
f 1198/337/295 1195/453/293 1196/450/293
f 1200/624/296 1197/340/295 1198/337/295
f 1194/363/294 1199/627/296 1200/624/296
f 1204/450/293 1201/288/294 1202/314/294
f 1206/337/295 1203/453/293 1204/450/293
f 1208/624/296 1205/340/295 1206/337/295
f 1202/363/294 1207/627/296 1208/624/296
f 1212/450/293 1209/288/294 1210/314/294
f 1214/337/295 1211/453/293 1212/450/293
f 1216/624/296 1213/340/295 1214/337/295
f 1210/363/294 1215/627/296 1216/624/296
f 1220/384/293 1217/288/293 1218/314/293
f 1222/406/294 1219/387/293 1220/384/293
f 1224/428/296 1221/409/294 1222/406/294
f 1226/450/295 1223/431/296 1224/428/296
f 1228/472/295 1225/453/295 1226/450/295
f 1230/494/296 1227/475/295 1228/472/295
f 1232/516/296 1229/497/296 1230/494/296
f 1234/337/295 1231/519/296 1232/516/296
f 1236/558/295 1233/340/295 1234/337/295
f 1238/580/295 1235/561/295 1236/558/295
f 1240/602/293 1237/583/295 1238/580/295
f 1242/624/293 1239/605/293 1240/602/293
f 1244/646/293 1241/627/293 1242/624/293
f 1246/668/294 1243/649/293 1244/646/293
f 1248/690/294 1245/671/294 1246/668/294
f 1218/363/293 1247/693/294 1248/690/294
f 628/313/4 627/316/4 625/288/5
f 630/315/6 629/318/6 627/316/4
f 632/317/7 631/320/7 629/318/6
f 634/319/8 633/322/8 631/320/7
f 636/321/9 635/324/9 633/322/8
f 638/323/10 637/326/10 635/324/9
f 640/325/11 639/328/11 637/326/10
f 642/327/12 641/330/12 639/328/11
f 644/329/13 643/332/13 641/330/12
f 646/331/14 645/334/14 643/332/13
f 648/333/15 647/336/15 645/334/14
f 650/335/16 649/338/16 647/336/15
f 652/337/17 651/340/17 649/338/16
f 654/339/18 653/342/18 651/340/17
f 656/341/19 655/344/19 653/342/18
f 658/343/20 657/346/20 655/344/19
f 660/345/21 659/348/21 657/346/20
f 662/347/22 661/350/22 659/348/21
f 664/349/23 663/352/23 661/350/22
f 666/351/24 665/354/24 663/352/23
f 668/353/25 667/356/25 665/354/24
f 670/355/26 669/358/26 667/356/25
f 672/357/27 671/360/27 669/358/26
f 674/359/28 673/362/28 671/360/27
f 676/361/29 675/364/29 673/362/28
f 626/363/5 625/263/5 675/364/29
f 680/313/30 679/316/30 677/288/31
f 682/315/32 681/318/32 679/316/30
f 684/317/33 683/320/33 681/318/32
f 686/319/34 685/322/34 683/320/33
f 688/321/35 687/324/35 685/322/34
f 690/323/36 689/326/36 687/324/35
f 692/325/37 691/328/37 689/326/36
f 694/327/38 693/330/38 691/328/37
f 696/329/39 695/332/39 693/330/38
f 698/331/40 697/334/40 695/332/39
f 700/333/41 699/336/41 697/334/40
f 702/335/42 701/338/42 699/336/41
f 704/337/43 703/340/43 701/338/42
f 706/339/44 705/342/44 703/340/43
f 708/341/45 707/344/45 705/342/44
f 710/343/46 709/346/46 707/344/45
f 712/345/47 711/348/47 709/346/46
f 714/347/48 713/350/48 711/348/47
f 716/349/49 715/352/49 713/350/48
f 718/351/50 717/354/50 715/352/49
f 720/353/51 719/356/51 717/354/50
f 722/355/52 721/358/52 719/356/51
f 724/357/53 723/360/53 721/358/52
f 726/359/54 725/362/54 723/360/53
f 728/361/55 727/364/55 725/362/54
f 678/363/31 677/263/31 727/364/55
f 732/313/56 731/316/56 729/288/57
f 734/315/58 733/318/58 731/316/56
f 736/317/59 735/320/59 733/318/58
f 738/319/60 737/322/60 735/320/59
f 740/321/61 739/324/63 737/322/60
f 742/323/62 741/326/62 739/324/63
f 744/325/64 743/328/64 741/326/62
f 746/327/65 745/330/65 743/328/64
f 748/329/66 747/332/66 745/330/65
f 750/331/67 749/334/67 747/332/66
f 752/333/68 751/336/68 749/334/67
f 754/335/69 753/338/71 751/336/68
f 756/337/70 755/340/70 753/338/71
f 758/339/72 757/342/72 755/340/70
f 760/341/73 759/344/73 757/342/72
f 762/343/74 761/346/74 759/344/73
f 764/345/75 763/348/75 761/346/74
f 766/347/76 765/350/76 763/348/75
f 768/349/77 767/352/77 765/350/76
f 770/351/78 769/354/78 767/352/77
f 772/353/79 771/356/79 769/354/78
f 774/355/80 773/358/80 771/356/79
f 776/357/81 775/360/81 773/358/80
f 778/359/82 777/362/82 775/360/81
f 780/361/83 779/364/83 777/362/82
f 730/363/57 729/263/57 779/364/83
f 784/313/84 783/316/84 781/288/85
f 786/315/86 785/318/86 783/316/84
f 788/317/87 787/320/87 785/318/86
f 790/319/88 789/322/88 787/320/87
f 792/321/89 791/324/89 789/322/88
f 794/323/90 793/326/90 791/324/89
f 796/325/91 795/328/91 793/326/90
f 798/327/92 797/330/92 795/328/91
f 800/329/93 799/332/93 797/330/92
f 802/331/94 801/334/94 799/332/93
f 804/333/95 803/336/95 801/334/94
f 806/335/96 805/338/96 803/336/95
f 808/337/97 807/340/97 805/338/96
f 810/339/98 809/342/98 807/340/97
f 812/341/99 811/344/99 809/342/98
f 814/343/100 813/346/100 811/344/99
f 816/345/101 815/348/101 813/346/100
f 818/347/102 817/350/102 815/348/101
f 820/349/103 819/352/103 817/350/102
f 822/351/104 821/354/104 819/352/103
f 824/353/105 823/356/105 821/354/104
f 826/355/106 825/358/106 823/356/105
f 828/357/107 827/360/107 825/358/106
f 830/359/108 829/362/108 827/360/107
f 832/361/109 831/364/109 829/362/108
f 782/363/85 781/263/85 831/364/109
f 836/365/110 835/367/110 833/288/111
f 838/366/112 837/369/112 835/367/110
f 840/368/113 839/371/113 837/369/112
f 842/370/114 841/373/114 839/371/113
f 844/372/115 843/375/115 841/373/114
f 846/374/116 845/377/116 843/375/115
f 848/376/117 847/379/117 845/377/116
f 850/378/118 849/381/118 847/379/117
f 852/380/119 851/383/119 849/381/118
f 854/382/120 853/385/120 851/383/119
f 856/384/121 855/387/121 853/385/120
f 858/386/122 857/389/122 855/387/121
f 860/388/123 859/391/123 857/389/122
f 862/390/124 861/393/126 859/391/123
f 864/392/125 863/395/125 861/393/126
f 866/394/127 865/397/127 863/395/125
f 868/396/128 867/399/128 865/397/127
f 870/398/129 869/401/129 867/399/128
f 872/400/130 871/403/130 869/401/129
f 874/402/131 873/405/131 871/403/130
f 876/404/132 875/407/132 873/405/131
f 878/406/133 877/409/133 875/407/132
f 880/408/134 879/411/134 877/409/133
f 882/410/135 881/413/135 879/411/134
f 884/412/136 883/415/136 881/413/135
f 886/414/137 885/417/137 883/415/136
f 888/416/138 887/419/138 885/417/137
f 890/418/139 889/421/139 887/419/138
f 892/420/140 891/423/140 889/421/139
f 894/422/141 893/425/141 891/423/140
f 896/424/142 895/427/142 893/425/141
f 898/426/143 897/429/143 895/427/142
f 900/428/144 899/431/144 897/429/143
f 902/430/145 901/433/145 899/431/144
f 904/432/146 903/435/146 901/433/145
f 906/434/147 905/437/147 903/435/146
f 908/436/148 907/439/148 905/437/147
f 910/438/149 909/441/149 907/439/148
f 912/440/150 911/443/150 909/441/149
f 914/442/151 913/445/151 911/443/150
f 916/444/152 915/447/152 913/445/151
f 918/446/153 917/449/153 915/447/152
f 920/448/154 919/451/154 917/449/153
f 922/450/155 921/453/155 919/451/154
f 924/452/156 923/455/156 921/453/155
f 926/454/157 925/457/157 923/455/156
f 928/456/158 927/459/158 925/457/157
f 930/458/159 929/461/161 927/459/158
f 932/460/160 931/463/160 929/461/161
f 934/462/162 933/465/162 931/463/160
f 936/464/163 935/467/163 933/465/162
f 938/466/164 937/469/164 935/467/163
f 940/468/165 939/471/165 937/469/164
f 942/470/166 941/473/166 939/471/165
f 944/472/167 943/475/167 941/473/166
f 946/474/168 945/477/168 943/475/167
f 948/476/169 947/479/169 945/477/168
f 950/478/170 949/481/170 947/479/169
f 952/480/171 951/483/171 949/481/170
f 954/482/172 953/485/172 951/483/171
f 956/484/173 955/487/173 953/485/172
f 958/486/174 957/489/174 955/487/173
f 960/488/175 959/491/175 957/489/174
f 962/490/176 961/493/176 959/491/175
f 964/492/177 963/495/177 961/493/176
f 966/494/178 965/497/178 963/495/177
f 968/496/179 967/499/179 965/497/178
f 970/498/180 969/501/180 967/499/179
f 972/500/181 971/503/181 969/501/180
f 974/502/182 973/505/182 971/503/181
f 976/504/183 975/507/183 973/505/182
f 978/506/184 977/509/184 975/507/183
f 980/508/185 979/511/185 977/509/184
f 982/510/186 981/513/186 979/511/185
f 984/512/187 983/515/187 981/513/186
f 986/514/188 985/517/188 983/515/187
f 988/516/189 987/519/189 985/517/188
f 990/518/190 989/521/190 987/519/189
f 992/520/191 991/523/191 989/521/190
f 994/522/192 993/525/192 991/523/191
f 996/524/193 995/527/193 993/525/192
f 998/526/194 997/529/194 995/527/193
f 1000/528/195 999/531/195 997/529/194
f 1002/530/196 1001/533/196 999/531/195
f 1004/532/197 1003/535/197 1001/533/196
f 1006/534/198 1005/537/198 1003/535/197
f 1008/536/199 1007/538/199 1005/537/198
f 1010/337/200 1009/340/200 1007/538/199
f 1012/539/201 1011/541/201 1009/340/200
f 1014/540/202 1013/543/202 1011/541/201
f 1016/542/203 1015/545/203 1013/543/202
f 1018/544/204 1017/547/204 1015/545/203
f 1020/546/205 1019/549/205 1017/547/204
f 1022/548/206 1021/551/206 1019/549/205
f 1024/550/207 1023/553/207 1021/551/206
f 1026/552/208 1025/555/208 1023/553/207
f 1028/554/209 1027/557/209 1025/555/208
f 1030/556/210 1029/559/210 1027/557/209
f 1032/558/211 1031/561/213 1029/559/210
f 1034/560/212 1033/563/212 1031/561/213
f 1036/562/214 1035/565/214 1033/563/212
f 1038/564/215 1037/567/215 1035/565/214
f 1040/566/216 1039/569/216 1037/567/215
f 1042/568/217 1041/571/217 1039/569/216
f 1044/570/218 1043/573/218 1041/571/217
f 1046/572/219 1045/575/219 1043/573/218
f 1048/574/220 1047/577/220 1045/575/219
f 1050/576/221 1049/579/221 1047/577/220
f 1052/578/222 1051/581/222 1049/579/221
f 1054/580/223 1053/583/223 1051/581/222
f 1056/582/224 1055/585/226 1053/583/223
f 1058/584/225 1057/587/225 1055/585/226
f 1060/586/227 1059/589/227 1057/587/225
f 1062/588/228 1061/591/228 1059/589/227
f 1064/590/229 1063/593/229 1061/591/228
f 1066/592/230 1065/595/230 1063/593/229
f 1068/594/231 1067/597/231 1065/595/230
f 1070/596/232 1069/599/232 1067/597/231
f 1072/598/233 1071/601/233 1069/599/232
f 1074/600/234 1073/603/234 1071/601/233
f 1076/602/235 1075/605/235 1073/603/234
f 1078/604/236 1077/607/236 1075/605/235
f 1080/606/237 1079/609/237 1077/607/236
f 1082/608/238 1081/611/238 1079/609/237
f 1084/610/239 1083/613/239 1081/611/238
f 1086/612/240 1085/615/242 1083/613/239
f 1088/614/241 1087/617/241 1085/615/242
f 1090/616/243 1089/619/243 1087/617/241
f 1092/618/244 1091/621/244 1089/619/243
f 1094/620/245 1093/623/245 1091/621/244
f 1096/622/246 1095/625/246 1093/623/245
f 1098/624/247 1097/627/247 1095/625/246
f 1100/626/248 1099/629/248 1097/627/247
f 1102/628/249 1101/631/249 1099/629/248
f 1104/630/250 1103/633/250 1101/631/249
f 1106/632/251 1105/635/251 1103/633/250
f 1108/634/252 1107/637/252 1105/635/251
f 1110/636/253 1109/639/253 1107/637/252
f 1112/638/254 1111/641/254 1109/639/253
f 1114/640/255 1113/643/255 1111/641/254
f 1116/642/256 1115/645/256 1113/643/255
f 1118/644/257 1117/647/257 1115/645/256
f 1120/646/258 1119/649/258 1117/647/257
f 1122/648/259 1121/651/259 1119/649/258
f 1124/650/260 1123/653/260 1121/651/259
f 1126/652/261 1125/655/261 1123/653/260
f 1128/654/262 1127/657/262 1125/655/261
f 1130/656/263 1129/659/263 1127/657/262
f 1132/658/264 1131/661/264 1129/659/263
f 1134/660/265 1133/663/265 1131/661/264
f 1136/662/266 1135/665/266 1133/663/265
f 1138/664/267 1137/667/267 1135/665/266
f 1140/666/268 1139/669/268 1137/667/267
f 1142/668/269 1141/671/269 1139/669/268
f 1144/670/270 1143/673/270 1141/671/269
f 1146/672/271 1145/675/271 1143/673/270
f 1148/674/272 1147/677/272 1145/675/271
f 1150/676/273 1149/679/273 1147/677/272
f 1152/678/274 1151/681/274 1149/679/273
f 1154/680/275 1153/683/275 1151/681/274
f 1156/682/276 1155/685/278 1153/683/275
f 1158/684/277 1157/687/280 1155/685/278
f 1160/686/279 1159/689/279 1157/687/280
f 1162/688/281 1161/691/281 1159/689/279
f 1164/690/282 1163/693/282 1161/691/281
f 1166/692/283 1165/695/283 1163/693/282
f 1168/694/284 1167/697/284 1165/695/283
f 1170/696/285 1169/699/285 1167/697/284
f 1172/698/286 1171/701/286 1169/699/285
f 1174/700/287 1173/703/287 1171/701/286
f 1176/702/288 1175/705/288 1173/703/287
f 1178/704/289 1177/707/289 1175/705/288
f 1180/706/290 1179/709/290 1177/707/289
f 1182/708/291 1181/711/291 1179/709/290
f 1184/710/292 1183/712/292 1181/711/291
f 834/363/111 833/263/111 1183/712/292
f 1188/450/293 1187/453/293 1185/288/294
f 1190/337/295 1189/340/295 1187/453/293
f 1192/624/296 1191/627/296 1189/340/295
f 1186/363/294 1185/263/294 1191/627/296
f 1196/450/293 1195/453/293 1193/288/294
f 1198/337/295 1197/340/295 1195/453/293
f 1200/624/296 1199/627/296 1197/340/295
f 1194/363/294 1193/263/294 1199/627/296
f 1204/450/293 1203/453/293 1201/288/294
f 1206/337/295 1205/340/295 1203/453/293
f 1208/624/296 1207/627/296 1205/340/295
f 1202/363/294 1201/263/294 1207/627/296
f 1212/450/293 1211/453/293 1209/288/294
f 1214/337/295 1213/340/295 1211/453/293
f 1216/624/296 1215/627/296 1213/340/295
f 1210/363/294 1209/263/294 1215/627/296
f 1220/384/293 1219/387/293 1217/288/293
f 1222/406/294 1221/409/294 1219/387/293
f 1224/428/296 1223/431/296 1221/409/294
f 1226/450/295 1225/453/295 1223/431/296
f 1228/472/295 1227/475/295 1225/453/295
f 1230/494/296 1229/497/296 1227/475/295
f 1232/516/296 1231/519/296 1229/497/296
f 1234/337/295 1233/340/295 1231/519/296
f 1236/558/295 1235/561/295 1233/340/295
f 1238/580/295 1237/583/295 1235/561/295
f 1240/602/293 1239/605/293 1237/583/295
f 1242/624/293 1241/627/293 1239/605/293
f 1244/646/293 1243/649/293 1241/627/293
f 1246/668/294 1245/671/294 1243/649/293
f 1248/690/294 1247/693/294 1245/671/294
f 1218/363/293 1217/263/293 1247/693/294
