# Blender 4.2.3 LTS
# www.blender.org
mtllib transition.mtl
o Mでシーン遷移
v -2.753357 0.389521 -0.050000
v -2.744440 0.386088 -0.050000
v -2.735265 0.382703 -0.050000
v -2.725852 0.379370 -0.050000
v -2.716216 0.376093 -0.050000
v -2.706375 0.372875 -0.050000
v -2.696347 0.369719 -0.050000
v -2.686148 0.366630 -0.050000
v -2.675797 0.363609 -0.050000
v -2.665310 0.360662 -0.050000
v -2.654706 0.357791 -0.050000
v -2.644000 0.355000 -0.050000
v -2.644000 0.175000 -0.050000
v -2.767000 0.175000 -0.050000
v -2.767000 0.105000 -0.050000
v -2.644000 0.105000 -0.050000
v -2.644000 0.082000 -0.050000
v -2.651308 0.073585 -0.050000
v -2.660467 0.062681 -0.050000
v -2.671078 0.049797 -0.050000
v -2.682741 0.035444 -0.050000
v -2.695056 0.020134 -0.050000
v -2.707625 0.004375 -0.050000
v -2.720048 -0.011321 -0.050000
v -2.731926 -0.026444 -0.050000
v -2.742860 -0.040484 -0.050000
v -2.752449 -0.052931 -0.050000
v -2.760296 -0.063273 -0.050000
v -2.766000 -0.071000 -0.050000
v -2.722000 -0.131000 -0.050000
v -2.718078 -0.122940 -0.050000
v -2.713375 -0.113856 -0.050000
v -2.707984 -0.103891 -0.050000
v -2.702000 -0.093185 -0.050000
v -2.695516 -0.081883 -0.050000
v -2.688625 -0.070125 -0.050000
v -2.681422 -0.058055 -0.050000
v -2.674000 -0.045815 -0.050000
v -2.666453 -0.033547 -0.050000
v -2.658875 -0.021394 -0.050000
v -2.651359 -0.009497 -0.050000
v -2.644000 0.002000 -0.050000
v -2.644000 -0.459000 -0.050000
v -2.574000 -0.459000 -0.050000
v -2.574000 -0.013000 -0.050000
v -2.564797 -0.038707 -0.050000
v -2.555213 -0.064241 -0.050000
v -2.545281 -0.089469 -0.050000
v -2.535037 -0.114259 -0.050000
v -2.524515 -0.138480 -0.050000
v -2.513750 -0.162000 -0.050000
v -2.502777 -0.184686 -0.050000
v -2.491630 -0.206407 -0.050000
v -2.480344 -0.227031 -0.050000
v -2.468954 -0.246426 -0.050000
v -2.457494 -0.264459 -0.050000
v -2.446000 -0.281000 -0.050000
v -2.443800 -0.275575 -0.050000
v -2.441240 -0.269847 -0.050000
v -2.438375 -0.263891 -0.050000
v -2.435259 -0.257778 -0.050000
v -2.431949 -0.251582 -0.050000
v -2.428500 -0.245375 -0.050000
v -2.424967 -0.239231 -0.050000
v -2.421407 -0.233222 -0.050000
v -2.417875 -0.227422 -0.050000
v -2.414426 -0.221903 -0.050000
v -2.411116 -0.216738 -0.050000
v -2.408000 -0.212000 -0.050000
v -2.422067 -0.192815 -0.050000
v -2.436200 -0.171435 -0.050000
v -2.450298 -0.148125 -0.050000
v -2.464260 -0.123148 -0.050000
v -2.477986 -0.096769 -0.050000
v -2.491375 -0.069250 -0.050000
v -2.504327 -0.040857 -0.050000
v -2.516741 -0.011852 -0.050000
v -2.528516 0.017500 -0.050000
v -2.539551 0.046935 -0.050000
v -2.549746 0.076190 -0.050000
v -2.559000 0.105000 -0.050000
v -2.422000 0.105000 -0.050000
v -2.422000 0.175000 -0.050000
v -2.574000 0.175000 -0.050000
v -2.574000 0.338000 -0.050000
v -2.563751 0.335791 -0.050000
v -2.553514 0.333662 -0.050000
v -2.543297 0.331609 -0.050000
v -2.533111 0.329630 -0.050000
v -2.522967 0.327719 -0.050000
v -2.512875 0.325875 -0.050000
v -2.502845 0.324093 -0.050000
v -2.492889 0.322370 -0.050000
v -2.483016 0.320703 -0.050000
v -2.473236 0.319088 -0.050000
v -2.463561 0.317521 -0.050000
v -2.454000 0.316000 -0.050000
v -2.453108 0.320178 -0.050000
v -2.451953 0.324671 -0.050000
v -2.450562 0.329422 -0.050000
v -2.448962 0.334370 -0.050000
v -2.447182 0.339458 -0.050000
v -2.445250 0.344625 -0.050000
v -2.443192 0.349813 -0.050000
v -2.441037 0.354963 -0.050000
v -2.438812 0.360016 -0.050000
v -2.436546 0.364912 -0.050000
v -2.434266 0.369593 -0.050000
v -2.432000 0.374000 -0.050000
v -2.457296 0.378954 -0.050000
v -2.483032 0.384296 -0.050000
v -2.508985 0.390000 -0.050000
v -2.534926 0.396037 -0.050000
v -2.560632 0.402380 -0.050000
v -2.585875 0.409000 -0.050000
v -2.610431 0.415870 -0.050000
v -2.634074 0.422963 -0.050000
v -2.656578 0.430250 -0.050000
v -2.677718 0.437704 -0.050000
v -2.697267 0.445296 -0.050000
v -2.715000 0.453000 -0.050000
v -2.762000 0.393000 -0.050000
v -2.949615 0.243050 -0.050000
v -2.958421 0.237732 -0.050000
v -2.967359 0.232094 -0.050000
v -2.976370 0.226185 -0.050000
v -2.985395 0.220054 -0.050000
v -2.994375 0.213750 -0.050000
v -3.003251 0.207321 -0.050000
v -3.011963 0.200815 -0.050000
v -3.020453 0.194281 -0.050000
v -3.028662 0.187769 -0.050000
v -3.036531 0.181325 -0.050000
v -3.044000 0.175000 -0.050000
v -3.056851 0.184126 -0.050000
v -3.069389 0.193505 -0.050000
v -3.081594 0.203141 -0.050000
v -3.093444 0.213037 -0.050000
v -3.104920 0.223197 -0.050000
v -3.116000 0.233625 -0.050000
v -3.126663 0.244323 -0.050000
v -3.136889 0.255296 -0.050000
v -3.146656 0.266547 -0.050000
v -3.155945 0.278079 -0.050000
v -3.164733 0.289895 -0.050000
v -3.173000 0.302000 -0.050000
v -2.964000 0.302000 -0.050000
v -2.952603 0.292043 -0.050000
v -2.940907 0.282181 -0.050000
v -2.928906 0.272422 -0.050000
v -2.916593 0.262778 -0.050000
v -2.903960 0.253259 -0.050000
v -2.891000 0.243875 -0.050000
v -2.877707 0.234637 -0.050000
v -2.864074 0.225556 -0.050000
v -2.850094 0.216641 -0.050000
v -2.835759 0.207903 -0.050000
v -2.821064 0.199352 -0.050000
v -2.806000 0.191000 -0.050000
v -2.802781 0.195174 -0.050000
v -2.799167 0.199639 -0.050000
v -2.795219 0.204313 -0.050000
v -2.791000 0.209111 -0.050000
v -2.786573 0.213951 -0.050000
v -2.782000 0.218750 -0.050000
v -2.777344 0.223424 -0.050000
v -2.772666 0.227889 -0.050000
v -2.768031 0.232063 -0.050000
v -2.763500 0.235861 -0.050000
v -2.759135 0.239201 -0.050000
v -2.755000 0.242000 -0.050000
v -2.785265 0.257730 -0.050000
v -2.814041 0.274338 -0.050000
v -2.841297 0.291703 -0.050000
v -2.867000 0.309704 -0.050000
v -2.891120 0.328218 -0.050000
v -2.913625 0.347125 -0.050000
v -2.934484 0.366303 -0.050000
v -2.953667 0.385630 -0.050000
v -2.971141 0.404984 -0.050000
v -2.986875 0.424245 -0.050000
v -3.000839 0.443291 -0.050000
v -3.013000 0.462000 -0.050000
v -3.090000 0.447000 -0.050000
v -3.085438 0.440250 -0.050000
v -3.080755 0.433500 -0.050000
v -3.075953 0.426750 -0.050000
v -3.071037 0.420000 -0.050000
v -3.066010 0.413250 -0.050000
v -3.060875 0.406500 -0.050000
v -3.055636 0.399750 -0.050000
v -3.050296 0.393000 -0.050000
v -3.044859 0.386250 -0.050000
v -3.039329 0.379500 -0.050000
v -3.033708 0.372750 -0.050000
v -3.028000 0.366000 -0.050000
v -3.216000 0.366000 -0.050000
v -3.229000 0.369000 -0.050000
v -3.277000 0.345000 -0.050000
v -3.253309 0.299442 -0.050000
v -3.225472 0.257204 -0.050000
v -3.193844 0.218188 -0.050000
v -3.158778 0.182296 -0.050000
v -3.120628 0.149433 -0.050000
v -3.079750 0.119500 -0.050000
v -3.036496 0.092400 -0.050000
v -2.991222 0.068037 -0.050000
v -2.944281 0.046312 -0.050000
v -2.896028 0.027130 -0.050000
v -2.846816 0.010391 -0.050000
v -2.797000 -0.004000 -0.050000
v -2.794800 0.000636 -0.050000
v -2.792236 0.005505 -0.050000
v -2.789359 0.010547 -0.050000
v -2.786222 0.015704 -0.050000
v -2.782876 0.020916 -0.050000
v -2.779375 0.026125 -0.050000
v -2.775769 0.031271 -0.050000
v -2.772111 0.036296 -0.050000
v -2.768453 0.041141 -0.050000
v -2.764847 0.045745 -0.050000
v -2.761345 0.050051 -0.050000
v -2.758000 0.054000 -0.050000
v -2.777495 0.058708 -0.050000
v -2.796958 0.063833 -0.050000
v -2.816359 0.069375 -0.050000
v -2.835667 0.075333 -0.050000
v -2.854849 0.081708 -0.050000
v -2.873875 0.088500 -0.050000
v -2.892714 0.095708 -0.050000
v -2.911333 0.103333 -0.050000
v -2.929703 0.111375 -0.050000
v -2.947792 0.119833 -0.050000
v -2.965568 0.128708 -0.050000
v -2.983000 0.138000 -0.050000
v -2.976050 0.144306 -0.050000
v -2.968732 0.150699 -0.050000
v -2.961094 0.157141 -0.050000
v -2.953185 0.163593 -0.050000
v -2.945055 0.170017 -0.050000
v -2.936750 0.176375 -0.050000
v -2.928321 0.182629 -0.050000
v -2.919815 0.188741 -0.050000
v -2.911282 0.194672 -0.050000
v -2.902769 0.200384 -0.050000
v -2.894325 0.205840 -0.050000
v -2.886000 0.211000 -0.050000
v -2.941000 0.248000 -0.050000
v -2.999844 -0.151951 -0.050000
v -3.009833 -0.158273 -0.050000
v -3.019906 -0.164922 -0.050000
v -3.030000 -0.171852 -0.050000
v -3.040052 -0.179018 -0.050000
v -3.050000 -0.186375 -0.050000
v -3.059781 -0.193878 -0.050000
v -3.069333 -0.201482 -0.050000
v -3.078594 -0.209141 -0.050000
v -3.087500 -0.216810 -0.050000
v -3.095990 -0.224445 -0.050000
v -3.104000 -0.232000 -0.050000
v -3.117540 -0.219792 -0.050000
v -3.130653 -0.207167 -0.050000
v -3.143328 -0.194125 -0.050000
v -3.155556 -0.180667 -0.050000
v -3.167325 -0.166792 -0.050000
v -3.178625 -0.152500 -0.050000
v -3.189446 -0.137792 -0.050000
v -3.199778 -0.122667 -0.050000
v -3.209610 -0.107125 -0.050000
v -3.218931 -0.091167 -0.050000
v -3.227731 -0.074792 -0.050000
v -3.236000 -0.058000 -0.050000
v -3.039000 -0.058000 -0.050000
v -3.023957 -0.072414 -0.050000
v -3.008324 -0.086644 -0.050000
v -2.992094 -0.100672 -0.050000
v -2.975259 -0.114482 -0.050000
v -2.957814 -0.128055 -0.050000
v -2.939750 -0.141375 -0.050000
v -2.921061 -0.154424 -0.050000
v -2.901741 -0.167185 -0.050000
v -2.881781 -0.179641 -0.050000
v -2.861176 -0.191773 -0.050000
v -2.839918 -0.203565 -0.050000
v -2.818000 -0.215000 -0.050000
v -2.815050 -0.210826 -0.050000
v -2.811732 -0.206356 -0.050000
v -2.808094 -0.201672 -0.050000
v -2.804185 -0.196852 -0.050000
v -2.800054 -0.191976 -0.050000
v -2.795750 -0.187125 -0.050000
v -2.791321 -0.182378 -0.050000
v -2.786815 -0.177815 -0.050000
v -2.782281 -0.173516 -0.050000
v -2.777768 -0.169560 -0.050000
v -2.773325 -0.166028 -0.050000
v -2.769000 -0.163000 -0.050000
v -2.805767 -0.144859 -0.050000
v -2.840551 -0.125537 -0.050000
v -2.873328 -0.105188 -0.050000
v -2.904074 -0.083963 -0.050000
v -2.932765 -0.062016 -0.050000
v -2.959375 -0.039500 -0.050000
v -2.983881 -0.016567 -0.050000
v -3.006259 0.006630 -0.050000
v -3.026484 0.029938 -0.050000
v -3.044533 0.053204 -0.050000
v -3.060379 0.076275 -0.050000
v -3.074000 0.099000 -0.050000
v -3.151000 0.084000 -0.050000
v -3.146977 0.077501 -0.050000
v -3.142903 0.071005 -0.050000
v -3.138766 0.064516 -0.050000
v -3.134556 0.058037 -0.050000
v -3.130262 0.051572 -0.050000
v -3.125875 0.045125 -0.050000
v -3.121384 0.038698 -0.050000
v -3.116778 0.032296 -0.050000
v -3.112047 0.025922 -0.050000
v -3.107181 0.019579 -0.050000
v -3.102169 0.013270 -0.050000
v -3.097000 0.007000 -0.050000
v -3.271000 0.007000 -0.050000
v -3.284000 0.010000 -0.050000
v -3.333000 -0.012000 -0.050000
v -3.308252 -0.074995 -0.050000
v -3.278264 -0.132625 -0.050000
v -3.243422 -0.185109 -0.050000
v -3.204111 -0.232667 -0.050000
v -3.160717 -0.275516 -0.050000
v -3.113625 -0.313875 -0.050000
v -3.063221 -0.347964 -0.050000
v -3.009889 -0.378000 -0.050000
v -2.954016 -0.404203 -0.050000
v -2.895986 -0.426792 -0.050000
v -2.836186 -0.445984 -0.050000
v -2.775000 -0.462000 -0.050000
v -2.772800 -0.457094 -0.050000
v -2.770236 -0.451921 -0.050000
v -2.767359 -0.446547 -0.050000
v -2.764222 -0.441037 -0.050000
v -2.760877 -0.435458 -0.050000
v -2.757375 -0.429875 -0.050000
v -2.753769 -0.424355 -0.050000
v -2.750111 -0.418963 -0.050000
v -2.746453 -0.413766 -0.050000
v -2.742847 -0.408829 -0.050000
v -2.739346 -0.404218 -0.050000
v -2.736000 -0.400000 -0.050000
v -2.763929 -0.394103 -0.050000
v -2.791681 -0.387407 -0.050000
v -2.819203 -0.379906 -0.050000
v -2.846445 -0.371593 -0.050000
v -2.873353 -0.362459 -0.050000
v -2.899875 -0.352500 -0.050000
v -2.925960 -0.341707 -0.050000
v -2.951556 -0.330074 -0.050000
v -2.976609 -0.317594 -0.050000
v -3.001070 -0.304259 -0.050000
v -3.024884 -0.290064 -0.050000
v -3.048000 -0.275000 -0.050000
v -3.039990 -0.267385 -0.050000
v -3.031500 -0.259579 -0.050000
v -3.022594 -0.251641 -0.050000
v -3.013333 -0.243630 -0.050000
v -3.003781 -0.235605 -0.050000
v -2.994000 -0.227625 -0.050000
v -2.984052 -0.219749 -0.050000
v -2.974000 -0.212037 -0.050000
v -2.963906 -0.204547 -0.050000
v -2.953833 -0.197338 -0.050000
v -2.943844 -0.190469 -0.050000
v -2.934000 -0.184000 -0.050000
v -2.990000 -0.146000 -0.050000
v -1.514643 0.409856 -0.050000
v -1.528477 0.398018 -0.050000
v -1.542359 0.385625 -0.050000
v -1.556148 0.372815 -0.050000
v -1.569701 0.359727 -0.050000
v -1.582875 0.346500 -0.050000
v -1.595528 0.333273 -0.050000
v -1.607518 0.320185 -0.050000
v -1.618703 0.307375 -0.050000
v -1.628940 0.294981 -0.050000
v -1.638086 0.283144 -0.050000
v -1.646000 0.272000 -0.050000
v -1.585000 0.226000 -0.050000
v -1.577566 0.237414 -0.050000
v -1.568861 0.249565 -0.050000
v -1.559031 0.262313 -0.050000
v -1.548222 0.275519 -0.050000
v -1.536580 0.289044 -0.050000
v -1.524250 0.302750 -0.050000
v -1.511379 0.316498 -0.050000
v -1.498111 0.330148 -0.050000
v -1.484594 0.343563 -0.050000
v -1.470972 0.356602 -0.050000
v -1.457392 0.369127 -0.050000
v -1.444000 0.381000 -0.050000
v -1.501000 0.421000 -0.050000
v -1.869000 0.180000 -0.050000
v -1.869000 0.265000 -0.050000
v -1.767000 0.265000 -0.050000
v -1.767000 0.180000 -0.050000
v -2.036000 0.180000 -0.050000
v -2.036000 0.265000 -0.050000
v -1.930000 0.265000 -0.050000
v -1.930000 0.180000 -0.050000
v -2.211000 0.180000 -0.050000
v -2.211000 0.265000 -0.050000
v -2.097000 0.265000 -0.050000
v -2.097000 0.180000 -0.050000
v -1.871979 0.083251 -0.050000
v -1.874912 0.087509 -0.050000
v -1.877797 0.091781 -0.050000
v -1.880630 0.096074 -0.050000
v -1.883407 0.100395 -0.050000
v -1.886125 0.104750 -0.050000
v -1.888781 0.109147 -0.050000
v -1.891370 0.113593 -0.050000
v -1.893891 0.118094 -0.050000
v -1.896338 0.122657 -0.050000
v -1.898709 0.127291 -0.050000
v -1.901000 0.132000 -0.050000
v -1.700000 0.132000 -0.050000
v -1.700000 0.313000 -0.050000
v -1.869000 0.313000 -0.050000
v -1.869000 0.369000 -0.050000
v -1.667000 0.369000 -0.050000
v -1.667000 0.424000 -0.050000
v -2.312000 0.424000 -0.050000
v -2.312000 0.369000 -0.050000
v -2.097000 0.369000 -0.050000
v -2.097000 0.313000 -0.050000
v -2.280000 0.313000 -0.050000
v -2.280000 0.132000 -0.050000
v -1.973000 0.132000 -0.050000
v -1.970960 0.127501 -0.050000
v -1.968843 0.123005 -0.050000
v -1.966656 0.118516 -0.050000
v -1.964407 0.114037 -0.050000
v -1.962103 0.109572 -0.050000
v -1.959750 0.105125 -0.050000
v -1.957355 0.100699 -0.050000
v -1.954926 0.096296 -0.050000
v -1.952469 0.091922 -0.050000
v -1.949991 0.087579 -0.050000
v -1.947499 0.083270 -0.050000
v -1.945000 0.079000 -0.050000
v -2.313000 0.079000 -0.050000
v -2.313000 0.023000 -0.050000
v -2.147000 0.023000 -0.050000
v -2.165272 0.012136 -0.050000
v -2.183514 0.001088 -0.050000
v -2.201609 -0.010078 -0.050000
v -2.219445 -0.021296 -0.050000
v -2.236905 -0.032501 -0.050000
v -2.253875 -0.043625 -0.050000
v -2.270241 -0.054604 -0.050000
v -2.285889 -0.065370 -0.050000
v -2.300703 -0.075859 -0.050000
v -2.314569 -0.086005 -0.050000
v -2.327373 -0.095740 -0.050000
v -2.339000 -0.105000 -0.050000
v -2.297000 -0.150000 -0.050000
v -2.287822 -0.142299 -0.050000
v -2.277828 -0.134222 -0.050000
v -2.267078 -0.125813 -0.050000
v -2.255630 -0.117111 -0.050000
v -2.243542 -0.108160 -0.050000
v -2.230875 -0.099000 -0.050000
v -2.217687 -0.089674 -0.050000
v -2.204037 -0.080222 -0.050000
v -2.189984 -0.070688 -0.050000
v -2.175588 -0.061111 -0.050000
v -2.160907 -0.051535 -0.050000
v -2.146000 -0.042000 -0.050000
v -2.146000 -0.189000 -0.050000
v -1.849000 -0.189000 -0.050000
v -1.849000 -0.231000 -0.050000
v -1.849252 -0.237301 -0.050000
v -1.850102 -0.242745 -0.050000
v -1.851688 -0.247391 -0.050000
v -1.854148 -0.251296 -0.050000
v -1.857623 -0.254521 -0.050000
v -1.862250 -0.257125 -0.050000
v -1.868169 -0.259166 -0.050000
v -1.875519 -0.260704 -0.050000
v -1.884438 -0.261797 -0.050000
v -1.895065 -0.262505 -0.050000
v -1.907539 -0.262886 -0.050000
v -1.922000 -0.263000 -0.050000
v -1.931696 -0.263000 -0.050000
v -1.945732 -0.263000 -0.050000
v -1.963281 -0.263000 -0.050000
v -1.983519 -0.263000 -0.050000
v -2.005617 -0.263000 -0.050000
v -2.028750 -0.263000 -0.050000
v -2.052092 -0.263000 -0.050000
v -2.074815 -0.263000 -0.050000
v -2.096094 -0.263000 -0.050000
v -2.115102 -0.263000 -0.050000
v -2.131013 -0.263000 -0.050000
v -2.143000 -0.263000 -0.050000
v -2.153269 -0.262763 -0.050000
v -2.162153 -0.261940 -0.050000
v -2.169766 -0.260359 -0.050000
v -2.176222 -0.257852 -0.050000
v -2.181637 -0.254247 -0.050000
v -2.186125 -0.249375 -0.050000
v -2.189801 -0.243065 -0.050000
v -2.192778 -0.235148 -0.050000
v -2.195172 -0.225453 -0.050000
v -2.197097 -0.213810 -0.050000
v -2.198668 -0.200049 -0.050000
v -2.200000 -0.184000 -0.050000
v -2.203969 -0.186228 -0.050000
v -2.208329 -0.188407 -0.050000
v -2.213016 -0.190531 -0.050000
v -2.217963 -0.192593 -0.050000
v -2.223105 -0.194585 -0.050000
v -2.228375 -0.196500 -0.050000
v -2.233708 -0.198332 -0.050000
v -2.239037 -0.200074 -0.050000
v -2.244297 -0.201719 -0.050000
v -2.249421 -0.203259 -0.050000
v -2.254344 -0.204689 -0.050000
v -2.259000 -0.206000 -0.050000
v -2.256664 -0.226880 -0.050000
v -2.253561 -0.245125 -0.050000
v -2.249547 -0.260891 -0.050000
v -2.244482 -0.274333 -0.050000
v -2.238222 -0.285609 -0.050000
v -2.230625 -0.294875 -0.050000
v -2.221549 -0.302286 -0.050000
v -2.210852 -0.308000 -0.050000
v -2.198391 -0.312172 -0.050000
v -2.184023 -0.314958 -0.050000
v -2.167607 -0.316516 -0.050000
v -2.149000 -0.317000 -0.050000
v -2.139872 -0.317000 -0.050000
v -2.125227 -0.317000 -0.050000
v -2.106172 -0.317000 -0.050000
v -2.083815 -0.317000 -0.050000
v -2.059263 -0.317000 -0.050000
v -2.033625 -0.317000 -0.050000
v -2.008008 -0.317000 -0.050000
v -1.983518 -0.317000 -0.050000
v -1.961266 -0.317000 -0.050000
v -1.942356 -0.317000 -0.050000
v -1.927899 -0.317000 -0.050000
v -1.919000 -0.317000 -0.050000
v -1.893827 -0.316664 -0.050000
v -1.871699 -0.315565 -0.050000
v -1.852453 -0.313563 -0.050000
v -1.835926 -0.310519 -0.050000
v -1.821954 -0.306294 -0.050000
v -1.810375 -0.300750 -0.050000
v -1.801025 -0.293748 -0.050000
v -1.793741 -0.285148 -0.050000
v -1.788359 -0.274812 -0.050000
v -1.784718 -0.262602 -0.050000
v -1.782652 -0.248377 -0.050000
v -1.782000 -0.232000 -0.050000
v -1.782000 -0.089000 -0.050000
v -1.773959 -0.094457 -0.050000
v -1.765838 -0.099824 -0.050000
v -1.757640 -0.105094 -0.050000
v -1.749370 -0.110259 -0.050000
v -1.741031 -0.115314 -0.050000
v -1.732625 -0.120250 -0.050000
v -1.724157 -0.125061 -0.050000
v -1.715630 -0.129741 -0.050000
v -1.707047 -0.134281 -0.050000
v -1.698412 -0.138676 -0.050000
v -1.689729 -0.142918 -0.050000
v -1.681000 -0.147000 -0.050000
v -1.678202 -0.143534 -0.050000
v -1.674866 -0.139690 -0.050000
v -1.671078 -0.135547 -0.050000
v -1.666926 -0.131185 -0.050000
v -1.662496 -0.126685 -0.050000
v -1.657875 -0.122125 -0.050000
v -1.653150 -0.117586 -0.050000
v -1.648407 -0.113148 -0.050000
v -1.643734 -0.108891 -0.050000
v -1.639218 -0.104894 -0.050000
v -1.634944 -0.101237 -0.050000
v -1.631000 -0.098000 -0.050000
v -1.648851 -0.090501 -0.050000
v -1.666389 -0.082509 -0.050000
v -1.683594 -0.074031 -0.050000
v -1.700444 -0.065074 -0.050000
v -1.716920 -0.055645 -0.050000
v -1.733000 -0.045750 -0.050000
v -1.748663 -0.035397 -0.050000
v -1.763889 -0.024593 -0.050000
v -1.778656 -0.013344 -0.050000
v -1.792944 -0.001657 -0.050000
v -1.806733 0.010459 -0.050000
v -1.820000 0.023000 -0.050000
v -1.672000 0.023000 -0.050000
v -1.672000 0.079000 -0.050000
v -1.869000 0.079000 -0.050000
v -2.036000 0.369000 -0.050000
v -1.930000 0.369000 -0.050000
v -1.930000 0.313000 -0.050000
v -2.036000 0.313000 -0.050000
v -2.134000 -0.034000 -0.050000
v -2.126001 -0.029002 -0.050000
v -2.118009 -0.024014 -0.050000
v -2.110031 -0.019047 -0.050000
v -2.102074 -0.014111 -0.050000
v -2.094145 -0.009217 -0.050000
v -2.086250 -0.004375 -0.050000
v -2.078397 0.000405 -0.050000
v -2.070593 0.005111 -0.050000
v -2.062844 0.009734 -0.050000
v -2.055157 0.014264 -0.050000
v -2.047540 0.018689 -0.050000
v -2.040000 0.023000 -0.050000
v -1.905000 0.023000 -0.050000
v -1.900959 0.018021 -0.050000
v -1.896838 0.013083 -0.050000
v -1.892641 0.008187 -0.050000
v -1.888370 0.003333 -0.050000
v -1.884031 -0.001479 -0.050000
v -1.879625 -0.006250 -0.050000
v -1.875157 -0.010979 -0.050000
v -1.870630 -0.015667 -0.050000
v -1.866047 -0.020313 -0.050000
v -1.861412 -0.024917 -0.050000
v -1.856729 -0.029479 -0.050000
v -1.852000 -0.034000 -0.050000
v -2.082000 -0.143000 -0.050000
v -2.082000 -0.080000 -0.050000
v -1.849000 -0.080000 -0.050000
v -1.849000 -0.143000 -0.050000
v -1.631048 -0.282892 -0.050000
v -1.636218 -0.286056 -0.050000
v -1.641547 -0.289469 -0.050000
v -1.647074 -0.293111 -0.050000
v -1.652838 -0.296962 -0.050000
v -1.658875 -0.301000 -0.050000
v -1.665225 -0.305205 -0.050000
v -1.671926 -0.309556 -0.050000
v -1.679016 -0.314031 -0.050000
v -1.686532 -0.318611 -0.050000
v -1.694515 -0.323274 -0.050000
v -1.703000 -0.328000 -0.050000
v -1.719729 -0.336389 -0.050000
v -1.737417 -0.343611 -0.050000
v -1.756063 -0.349750 -0.050000
v -1.775667 -0.354889 -0.050000
v -1.796229 -0.359111 -0.050000
v -1.817750 -0.362500 -0.050000
v -1.840229 -0.365139 -0.050000
v -1.863667 -0.367111 -0.050000
v -1.888063 -0.368500 -0.050000
v -1.913417 -0.369389 -0.050000
v -1.939729 -0.369861 -0.050000
v -1.967000 -0.370000 -0.050000
v -1.997158 -0.369856 -0.050000
v -2.028431 -0.369431 -0.050000
v -2.060516 -0.368734 -0.050000
v -2.093111 -0.367778 -0.050000
v -2.125915 -0.366571 -0.050000
v -2.158625 -0.365125 -0.050000
v -2.190939 -0.363450 -0.050000
v -2.222556 -0.361556 -0.050000
v -2.253172 -0.359453 -0.050000
v -2.282486 -0.357153 -0.050000
v -2.310196 -0.354665 -0.050000
v -2.336000 -0.352000 -0.050000
v -2.333925 -0.357316 -0.050000
v -2.331736 -0.363194 -0.050000
v -2.329484 -0.369531 -0.050000
v -2.327222 -0.376222 -0.050000
v -2.325002 -0.383163 -0.050000
v -2.322875 -0.390250 -0.050000
v -2.320894 -0.397378 -0.050000
v -2.319111 -0.404444 -0.050000
v -2.317578 -0.411344 -0.050000
v -2.316347 -0.417972 -0.050000
v -2.315470 -0.424226 -0.050000
v -2.315000 -0.430000 -0.050000
v -2.294670 -0.431037 -0.050000
v -2.270607 -0.432130 -0.050000
v -2.243453 -0.433250 -0.050000
v -2.213852 -0.434370 -0.050000
v -2.182445 -0.435463 -0.050000
v -2.149875 -0.436500 -0.050000
v -2.116784 -0.437454 -0.050000
v -2.083815 -0.438296 -0.050000
v -2.051610 -0.439000 -0.050000
v -2.020810 -0.439537 -0.050000
v -1.992060 -0.439880 -0.050000
v -1.966000 -0.440000 -0.050000
v -1.936218 -0.439780 -0.050000
v -1.907829 -0.439074 -0.050000
v -1.880766 -0.437813 -0.050000
v -1.854963 -0.435926 -0.050000
v -1.830355 -0.433345 -0.050000
v -1.806875 -0.430000 -0.050000
v -1.784458 -0.425822 -0.050000
v -1.763037 -0.420741 -0.050000
v -1.742547 -0.414688 -0.050000
v -1.722921 -0.407593 -0.050000
v -1.704094 -0.399387 -0.050000
v -1.686000 -0.390000 -0.050000
v -1.675439 -0.383876 -0.050000
v -1.665264 -0.377593 -0.050000
v -1.655484 -0.371281 -0.050000
v -1.646111 -0.365074 -0.050000
v -1.637155 -0.359103 -0.050000
v -1.628625 -0.353500 -0.050000
v -1.620533 -0.348397 -0.050000
v -1.612889 -0.343926 -0.050000
v -1.605703 -0.340219 -0.050000
v -1.598986 -0.337407 -0.050000
v -1.592748 -0.335624 -0.050000
v -1.587000 -0.335000 -0.050000
v -1.578486 -0.336137 -0.050000
v -1.569472 -0.339431 -0.050000
v -1.560000 -0.344703 -0.050000
v -1.550111 -0.351778 -0.050000
v -1.539847 -0.360477 -0.050000
v -1.529250 -0.370625 -0.050000
v -1.518361 -0.382043 -0.050000
v -1.507222 -0.394556 -0.050000
v -1.495875 -0.407984 -0.050000
v -1.484361 -0.422153 -0.050000
v -1.472722 -0.436884 -0.050000
v -1.461000 -0.452000 -0.050000
v -1.412000 -0.383000 -0.050000
v -1.424705 -0.370028 -0.050000
v -1.437310 -0.357639 -0.050000
v -1.449797 -0.345875 -0.050000
v -1.462148 -0.334778 -0.050000
v -1.474347 -0.324389 -0.050000
v -1.486375 -0.314750 -0.050000
v -1.498216 -0.305903 -0.050000
v -1.509852 -0.297889 -0.050000
v -1.521266 -0.290750 -0.050000
v -1.532440 -0.284528 -0.050000
v -1.543357 -0.279264 -0.050000
v -1.554000 -0.275000 -0.050000
v -1.554000 0.006000 -0.050000
v -1.418000 0.006000 -0.050000
v -1.418000 0.076000 -0.050000
v -1.626000 0.076000 -0.050000
v -1.626000 -0.280000 -0.050000
v -0.794000 0.085000 -0.050000
v -0.780010 0.099081 -0.050000
v -0.763333 0.115065 -0.050000
v -0.744406 0.132563 -0.050000
v -0.723667 0.151185 -0.050000
v -0.701552 0.170544 -0.050000
v -0.678500 0.190250 -0.050000
v -0.654948 0.209914 -0.050000
v -0.631333 0.229148 -0.050000
v -0.608094 0.247563 -0.050000
v -0.585667 0.264769 -0.050000
v -0.564490 0.280377 -0.050000
v -0.545000 0.294000 -0.050000
v -0.602000 0.355000 -0.050000
v -0.620863 0.342123 -0.050000
v -0.641653 0.327236 -0.050000
v -0.663922 0.310703 -0.050000
v -0.687222 0.292889 -0.050000
v -0.711106 0.274158 -0.050000
v -0.735125 0.254875 -0.050000
v -0.758832 0.235405 -0.050000
v -0.781778 0.216111 -0.050000
v -0.803516 0.197359 -0.050000
v -0.823597 0.179514 -0.050000
v -0.841575 0.162939 -0.050000
v -0.857000 0.148000 -0.050000
v -0.953815 -0.143732 -0.050000
v -0.990185 -0.116602 -0.050000
v -1.025000 -0.087875 -0.050000
v -1.058148 -0.057815 -0.050000
v -1.089519 -0.026685 -0.050000
v -1.119000 0.005250 -0.050000
v -1.146482 0.037727 -0.050000
v -1.171852 0.070481 -0.050000
v -1.195000 0.103250 -0.050000
v -1.215815 0.135769 -0.050000
v -1.234185 0.167773 -0.050000
v -1.250000 0.199000 -0.050000
v -1.298000 0.114000 -0.050000
v -1.279988 0.082551 -0.050000
v -1.259986 0.050824 -0.050000
v -1.238047 0.019000 -0.050000
v -1.214222 -0.012741 -0.050000
v -1.188564 -0.044218 -0.050000
v -1.161125 -0.075250 -0.050000
v -1.131957 -0.105657 -0.050000
v -1.101111 -0.135259 -0.050000
v -1.068641 -0.163875 -0.050000
v -1.034597 -0.191324 -0.050000
v -0.999033 -0.217426 -0.050000
v -0.962000 -0.242000 -0.050000
v -0.936431 -0.257692 -0.050000
v -0.909695 -0.273204 -0.050000
v -0.881750 -0.288438 -0.050000
v -0.852556 -0.303296 -0.050000
v -0.822070 -0.317683 -0.050000
v -0.790250 -0.331500 -0.050000
v -0.757056 -0.344651 -0.050000
v -0.722445 -0.357037 -0.050000
v -0.686375 -0.368563 -0.050000
v -0.648806 -0.379130 -0.050000
v -0.609694 -0.388641 -0.050000
v -0.569000 -0.397000 -0.050000
v -0.516000 -0.315000 -0.050000
v -0.558818 -0.307792 -0.050000
v -0.599796 -0.299255 -0.050000
v -0.638969 -0.289516 -0.050000
v -0.676370 -0.278704 -0.050000
v -0.712036 -0.266947 -0.050000
v -0.746000 -0.254375 -0.050000
v -0.778297 -0.241115 -0.050000
v -0.808963 -0.227296 -0.050000
v -0.838031 -0.213047 -0.050000
v -0.865537 -0.198495 -0.050000
v -0.891515 -0.183770 -0.050000
v -0.916000 -0.169000 -0.050000
v 0.359086 0.050000 -0.050000
v 0.322852 0.050000 -0.050000
v 0.277562 0.050000 -0.050000
v 0.225481 0.050000 -0.050000
v 0.168873 0.050000 -0.050000
v 0.110000 0.050000 -0.050000
v 0.051127 0.050000 -0.050000
v -0.005482 0.050000 -0.050000
v -0.057563 0.050000 -0.050000
v -0.102852 0.050000 -0.050000
v -0.139086 0.050000 -0.050000
v -0.164000 0.050000 -0.050000
v -0.176208 0.050060 -0.050000
v -0.187833 0.050231 -0.050000
v -0.198875 0.050500 -0.050000
v -0.209333 0.050852 -0.050000
v -0.219208 0.051273 -0.050000
v -0.228500 0.051750 -0.050000
v -0.237208 0.052269 -0.050000
v -0.245333 0.052815 -0.050000
v -0.252875 0.053375 -0.050000
v -0.259833 0.053935 -0.050000
v -0.266208 0.054481 -0.050000
v -0.272000 0.055000 -0.050000
v -0.272000 -0.043000 -0.050000
v -0.266553 -0.042692 -0.050000
v -0.260255 -0.042282 -0.050000
v -0.253172 -0.041797 -0.050000
v -0.245370 -0.041259 -0.050000
v -0.236916 -0.040694 -0.050000
v -0.227875 -0.040125 -0.050000
v -0.218313 -0.039577 -0.050000
v -0.208296 -0.039074 -0.050000
v -0.197891 -0.038641 -0.050000
v -0.187162 -0.038301 -0.050000
v -0.176177 -0.038079 -0.050000
v -0.165000 -0.038000 -0.050000
v -0.139875 -0.038000 -0.050000
v -0.103500 -0.038000 -0.050000
v -0.058125 -0.038000 -0.050000
v -0.006000 -0.038000 -0.050000
v 0.050625 -0.038000 -0.050000
v 0.109500 -0.038000 -0.050000
v 0.168375 -0.038000 -0.050000
v 0.225000 -0.038000 -0.050000
v 0.277125 -0.038000 -0.050000
v 0.322500 -0.038000 -0.050000
v 0.358875 -0.038000 -0.050000
v 0.384000 -0.038000 -0.050000
v 0.397697 -0.038041 -0.050000
v 0.411241 -0.038162 -0.050000
v 0.424563 -0.038359 -0.050000
v 0.437593 -0.038630 -0.050000
v 0.450262 -0.038969 -0.050000
v 0.462500 -0.039375 -0.050000
v 0.474238 -0.039843 -0.050000
v 0.485407 -0.040370 -0.050000
v 0.495937 -0.040953 -0.050000
v 0.505759 -0.041588 -0.050000
v 0.514803 -0.042271 -0.050000
v 0.523000 -0.043000 -0.050000
v 0.523000 0.055000 -0.050000
v 0.515032 0.054481 -0.050000
v 0.506176 0.053935 -0.050000
v 0.496500 0.053375 -0.050000
v 0.486074 0.052815 -0.050000
v 0.474968 0.052269 -0.050000
v 0.463250 0.051750 -0.050000
v 0.450991 0.051273 -0.050000
v 0.438259 0.050852 -0.050000
v 0.425125 0.050500 -0.050000
v 0.411657 0.050231 -0.050000
v 0.397926 0.050060 -0.050000
v 0.384000 0.050000 -0.050000
v 1.098218 -0.183535 -0.050000
v 1.058912 -0.157694 -0.050000
v 1.021141 -0.130563 -0.050000
v 0.984963 -0.102222 -0.050000
v 0.950438 -0.072757 -0.050000
v 0.917625 -0.042250 -0.050000
v 0.886583 -0.010785 -0.050000
v 0.857370 0.021556 -0.050000
v 0.830047 0.054687 -0.050000
v 0.804671 0.088528 -0.050000
v 0.781303 0.122993 -0.050000
v 0.760000 0.158000 -0.050000
v 0.712000 0.076000 -0.050000
v 0.734585 0.042392 -0.050000
v 0.759264 0.009134 -0.050000
v 0.785922 -0.023672 -0.050000
v 0.814444 -0.055926 -0.050000
v 0.844717 -0.087527 -0.050000
v 0.876625 -0.118375 -0.050000
v 0.910054 -0.148369 -0.050000
v 0.944889 -0.177407 -0.050000
v 0.981016 -0.205391 -0.050000
v 1.018319 -0.232218 -0.050000
v 1.056686 -0.257788 -0.050000
v 1.096000 -0.282000 -0.050000
v 1.121974 -0.296261 -0.050000
v 1.149204 -0.310005 -0.050000
v 1.177406 -0.323172 -0.050000
v 1.206296 -0.335704 -0.050000
v 1.235589 -0.347541 -0.050000
v 1.265000 -0.358625 -0.050000
v 1.294244 -0.368896 -0.050000
v 1.323037 -0.378296 -0.050000
v 1.351094 -0.386766 -0.050000
v 1.378130 -0.394245 -0.050000
v 1.403860 -0.400677 -0.050000
v 1.428000 -0.406000 -0.050000
v 1.474000 -0.325000 -0.050000
v 1.446230 -0.319814 -0.050000
v 1.418005 -0.313764 -0.050000
v 1.389453 -0.306859 -0.050000
v 1.360704 -0.299111 -0.050000
v 1.331885 -0.290530 -0.050000
v 1.303125 -0.281125 -0.050000
v 1.274553 -0.270908 -0.050000
v 1.246296 -0.259889 -0.050000
v 1.218484 -0.248078 -0.050000
v 1.191245 -0.235486 -0.050000
v 1.164708 -0.222123 -0.050000
v 1.139000 -0.208000 -0.050000
v 1.301000 -0.040000 -0.050000
v 1.314437 -0.030334 -0.050000
v 1.329995 -0.019505 -0.050000
v 1.347297 -0.007766 -0.050000
v 1.365963 0.004630 -0.050000
v 1.385615 0.017428 -0.050000
v 1.405875 0.030375 -0.050000
v 1.426364 0.043218 -0.050000
v 1.446704 0.055704 -0.050000
v 1.466516 0.067578 -0.050000
v 1.485421 0.078588 -0.050000
v 1.503042 0.088480 -0.050000
v 1.519000 0.097000 -0.050000
v 1.475000 0.165000 -0.050000
v 1.459117 0.156233 -0.050000
v 1.441273 0.146111 -0.050000
v 1.421922 0.134906 -0.050000
v 1.401518 0.122889 -0.050000
v 1.380518 0.110330 -0.050000
v 1.359375 0.097500 -0.050000
v 1.338544 0.084670 -0.050000
v 1.318481 0.072111 -0.050000
v 1.299641 0.060094 -0.050000
v 1.282477 0.048889 -0.050000
v 1.267445 0.038767 -0.050000
v 1.255000 0.030000 -0.050000
v 1.154000 0.181000 -0.050000
v 1.167187 0.190707 -0.050000
v 1.182495 0.201657 -0.050000
v 1.199547 0.213594 -0.050000
v 1.217963 0.226259 -0.050000
v 1.237365 0.239397 -0.050000
v 1.257375 0.252750 -0.050000
v 1.277614 0.266061 -0.050000
v 1.297704 0.279074 -0.050000
v 1.317266 0.291531 -0.050000
v 1.335921 0.303176 -0.050000
v 1.353292 0.313751 -0.050000
v 1.369000 0.323000 -0.050000
v 1.324000 0.390000 -0.050000
v 1.308157 0.380905 -0.050000
v 1.290426 0.370319 -0.050000
v 1.271250 0.358547 -0.050000
v 1.251074 0.345889 -0.050000
v 1.230343 0.332648 -0.050000
v 1.209500 0.319125 -0.050000
v 1.188991 0.305623 -0.050000
v 1.169259 0.292444 -0.050000
v 1.150750 0.279891 -0.050000
v 1.133907 0.268264 -0.050000
v 1.119176 0.257866 -0.050000
v 1.107000 0.249000 -0.050000
v 2.438241 0.286991 -0.050000
v 2.414764 0.289426 -0.050000
v 2.387016 0.292250 -0.050000
v 2.355444 0.295407 -0.050000
v 2.320498 0.298843 -0.050000
v 2.282625 0.302500 -0.050000
v 2.242273 0.306324 -0.050000
v 2.199889 0.310259 -0.050000
v 2.155922 0.314250 -0.050000
v 2.110820 0.318241 -0.050000
v 2.065030 0.322176 -0.050000
v 2.019000 0.326000 -0.050000
v 1.992070 0.328188 -0.050000
v 1.965806 0.330250 -0.050000
v 1.940250 0.332188 -0.050000
v 1.915444 0.334000 -0.050000
v 1.891431 0.335688 -0.050000
v 1.868250 0.337250 -0.050000
v 1.845944 0.338688 -0.050000
v 1.824556 0.340000 -0.050000
v 1.804125 0.341188 -0.050000
v 1.784694 0.342250 -0.050000
v 1.766306 0.343188 -0.050000
v 1.749000 0.344000 -0.050000
v 1.749000 0.264000 -0.050000
v 1.763857 0.263972 -0.050000
v 1.779769 0.263856 -0.050000
v 1.796500 0.263609 -0.050000
v 1.813815 0.263185 -0.050000
v 1.831477 0.262539 -0.050000
v 1.849250 0.261625 -0.050000
v 1.866898 0.260399 -0.050000
v 1.884185 0.258815 -0.050000
v 1.900875 0.256828 -0.050000
v 1.916731 0.254394 -0.050000
v 1.931518 0.251466 -0.050000
v 1.945000 0.248000 -0.050000
v 1.979336 0.234372 -0.050000
v 2.011268 0.216810 -0.050000
v 2.040687 0.195797 -0.050000
v 2.067481 0.171815 -0.050000
v 2.091539 0.145347 -0.050000
v 2.112750 0.116875 -0.050000
v 2.131002 0.086883 -0.050000
v 2.146185 0.055852 -0.050000
v 2.158187 0.024266 -0.050000
v 2.166898 -0.007394 -0.050000
v 2.172206 -0.038643 -0.050000
v 2.174000 -0.069000 -0.050000
v 2.170324 -0.115024 -0.050000
v 2.159764 -0.155773 -0.050000
v 2.143015 -0.191516 -0.050000
v 2.120778 -0.222519 -0.050000
v 2.093748 -0.249049 -0.050000
v 2.062625 -0.271375 -0.050000
v 2.028106 -0.289763 -0.050000
v 1.990889 -0.304482 -0.050000
v 1.951672 -0.315797 -0.050000
v 1.911153 -0.323977 -0.050000
v 1.870029 -0.329289 -0.050000
v 1.829000 -0.332000 -0.050000
v 1.858000 -0.415000 -0.050000
v 1.904655 -0.411315 -0.050000
v 1.951569 -0.403685 -0.050000
v 1.997922 -0.392000 -0.050000
v 2.042889 -0.376148 -0.050000
v 2.085648 -0.356018 -0.050000
v 2.125375 -0.331500 -0.050000
v 2.161248 -0.302481 -0.050000
v 2.192444 -0.268852 -0.050000
v 2.218141 -0.230500 -0.050000
v 2.237514 -0.187315 -0.050000
v 2.249741 -0.139185 -0.050000
v 2.254000 -0.086000 -0.050000
v 2.252077 -0.047629 -0.050000
v 2.246537 -0.010616 -0.050000
v 2.237718 0.024891 -0.050000
v 2.225963 0.058741 -0.050000
v 2.211610 0.090785 -0.050000
v 2.195000 0.120875 -0.050000
v 2.176473 0.148861 -0.050000
v 2.156370 0.174593 -0.050000
v 2.135031 0.197922 -0.050000
v 2.112796 0.218699 -0.050000
v 2.090006 0.236775 -0.050000
v 2.067000 0.252000 -0.050000
v 2.096663 0.248758 -0.050000
v 2.131468 0.245060 -0.050000
v 2.170391 0.240953 -0.050000
v 2.212407 0.236482 -0.050000
v 2.256494 0.231690 -0.050000
v 2.301625 0.226625 -0.050000
v 2.346777 0.221330 -0.050000
v 2.390926 0.215852 -0.050000
v 2.433047 0.210234 -0.050000
v 2.472116 0.204523 -0.050000
v 2.507108 0.198763 -0.050000
v 2.537000 0.193000 -0.050000
v 2.546000 0.280000 -0.050000
v 2.536629 0.280270 -0.050000
v 2.527533 0.280579 -0.050000
v 2.518734 0.280922 -0.050000
v 2.510259 0.281296 -0.050000
v 2.502131 0.281699 -0.050000
v 2.494375 0.282125 -0.050000
v 2.487015 0.282572 -0.050000
v 2.480074 0.283037 -0.050000
v 2.473578 0.283516 -0.050000
v 2.467551 0.284005 -0.050000
v 2.462017 0.284501 -0.050000
v 2.457000 0.285000 -0.050000
v 1.862000 -0.022000 -0.050000
v 1.867872 -0.009925 -0.050000
v 1.873977 0.002264 -0.050000
v 1.880297 0.014516 -0.050000
v 1.886815 0.026778 -0.050000
v 1.893513 0.038998 -0.050000
v 1.900375 0.051125 -0.050000
v 1.907383 0.063106 -0.050000
v 1.914519 0.074889 -0.050000
v 1.921766 0.086422 -0.050000
v 1.929107 0.097653 -0.050000
v 1.936524 0.108530 -0.050000
v 1.944000 0.119000 -0.050000
v 1.893000 0.141000 -0.050000
v 1.886956 0.132173 -0.050000
v 1.880398 0.122301 -0.050000
v 1.873437 0.111547 -0.050000
v 1.866185 0.100074 -0.050000
v 1.858752 0.088046 -0.050000
v 1.851250 0.075625 -0.050000
v 1.843789 0.062975 -0.050000
v 1.836481 0.050259 -0.050000
v 1.829437 0.037641 -0.050000
v 1.822769 0.025282 -0.050000
v 1.816586 0.013348 -0.050000
v 1.811000 0.002000 -0.050000
v 1.749000 0.020000 -0.050000
v 1.755102 0.032246 -0.050000
v 1.761403 0.044468 -0.050000
v 1.767891 0.056641 -0.050000
v 1.774556 0.068741 -0.050000
v 1.781387 0.080744 -0.050000
v 1.788375 0.092625 -0.050000
v 1.795509 0.104361 -0.050000
v 1.802778 0.115926 -0.050000
v 1.810172 0.127297 -0.050000
v 1.817681 0.138449 -0.050000
v 1.825293 0.149358 -0.050000
v 1.833000 0.160000 -0.050000
v 1.784000 0.183000 -0.050000
v 1.777686 0.174193 -0.050000
v 1.770820 0.164375 -0.050000
v 1.763516 0.153703 -0.050000
v 1.755889 0.142333 -0.050000
v 1.748054 0.130422 -0.050000
v 1.740125 0.118125 -0.050000
v 1.732217 0.105599 -0.050000
v 1.724445 0.093000 -0.050000
v 1.716922 0.080484 -0.050000
v 1.709764 0.068208 -0.050000
v 1.703085 0.056328 -0.050000
v 1.697000 0.045000 -0.050000
v 2.795000 -0.378000 -0.050000
v 2.795000 0.153000 -0.050000
v 2.797000 0.153000 -0.050000
v 3.007000 -0.111000 -0.050000
v 3.023000 -0.111000 -0.050000
v 3.233000 0.153000 -0.050000
v 3.235000 0.153000 -0.050000
v 3.235000 -0.378000 -0.050000
v 3.333000 -0.378000 -0.050000
v 3.333000 0.304000 -0.050000
v 3.241000 0.304000 -0.050000
v 3.015000 0.024000 -0.050000
v 2.788000 0.304000 -0.050000
v 2.697000 0.304000 -0.050000
v 2.697000 -0.378000 -0.050000
v -2.753357 0.389521 0.050000
v -2.744440 0.386088 0.050000
v -2.735265 0.382703 0.050000
v -2.725852 0.379370 0.050000
v -2.716216 0.376093 0.050000
v -2.706375 0.372875 0.050000
v -2.696347 0.369719 0.050000
v -2.686148 0.366630 0.050000
v -2.675797 0.363609 0.050000
v -2.665310 0.360662 0.050000
v -2.654706 0.357791 0.050000
v -2.644000 0.355000 0.050000
v -2.644000 0.175000 0.050000
v -2.767000 0.175000 0.050000
v -2.767000 0.105000 0.050000
v -2.644000 0.105000 0.050000
v -2.644000 0.082000 0.050000
v -2.651308 0.073585 0.050000
v -2.660467 0.062681 0.050000
v -2.671078 0.049797 0.050000
v -2.682741 0.035444 0.050000
v -2.695056 0.020134 0.050000
v -2.707625 0.004375 0.050000
v -2.720048 -0.011321 0.050000
v -2.731926 -0.026444 0.050000
v -2.742860 -0.040484 0.050000
v -2.752449 -0.052931 0.050000
v -2.760296 -0.063273 0.050000
v -2.766000 -0.071000 0.050000
v -2.722000 -0.131000 0.050000
v -2.718078 -0.122940 0.050000
v -2.713375 -0.113856 0.050000
v -2.707984 -0.103891 0.050000
v -2.702000 -0.093185 0.050000
v -2.695516 -0.081883 0.050000
v -2.688625 -0.070125 0.050000
v -2.681422 -0.058055 0.050000
v -2.674000 -0.045815 0.050000
v -2.666453 -0.033547 0.050000
v -2.658875 -0.021394 0.050000
v -2.651359 -0.009497 0.050000
v -2.644000 0.002000 0.050000
v -2.644000 -0.459000 0.050000
v -2.574000 -0.459000 0.050000
v -2.574000 -0.013000 0.050000
v -2.564797 -0.038707 0.050000
v -2.555213 -0.064241 0.050000
v -2.545281 -0.089469 0.050000
v -2.535037 -0.114259 0.050000
v -2.524515 -0.138480 0.050000
v -2.513750 -0.162000 0.050000
v -2.502777 -0.184686 0.050000
v -2.491630 -0.206407 0.050000
v -2.480344 -0.227031 0.050000
v -2.468954 -0.246426 0.050000
v -2.457494 -0.264459 0.050000
v -2.446000 -0.281000 0.050000
v -2.443800 -0.275575 0.050000
v -2.441240 -0.269847 0.050000
v -2.438375 -0.263891 0.050000
v -2.435259 -0.257778 0.050000
v -2.431949 -0.251582 0.050000
v -2.428500 -0.245375 0.050000
v -2.424967 -0.239231 0.050000
v -2.421407 -0.233222 0.050000
v -2.417875 -0.227422 0.050000
v -2.414426 -0.221903 0.050000
v -2.411116 -0.216738 0.050000
v -2.408000 -0.212000 0.050000
v -2.422067 -0.192815 0.050000
v -2.436200 -0.171435 0.050000
v -2.450298 -0.148125 0.050000
v -2.464260 -0.123148 0.050000
v -2.477986 -0.096769 0.050000
v -2.491375 -0.069250 0.050000
v -2.504327 -0.040856 0.050000
v -2.516741 -0.011852 0.050000
v -2.528516 0.017500 0.050000
v -2.539551 0.046935 0.050000
v -2.549746 0.076190 0.050000
v -2.559000 0.105000 0.050000
v -2.422000 0.105000 0.050000
v -2.422000 0.175000 0.050000
v -2.574000 0.175000 0.050000
v -2.574000 0.338000 0.050000
v -2.563751 0.335791 0.050000
v -2.553514 0.333662 0.050000
v -2.543297 0.331609 0.050000
v -2.533111 0.329630 0.050000
v -2.522967 0.327719 0.050000
v -2.512875 0.325875 0.050000
v -2.502845 0.324093 0.050000
v -2.492889 0.322370 0.050000
v -2.483016 0.320703 0.050000
v -2.473236 0.319088 0.050000
v -2.463561 0.317521 0.050000
v -2.454000 0.316000 0.050000
v -2.453108 0.320178 0.050000
v -2.451953 0.324671 0.050000
v -2.450562 0.329422 0.050000
v -2.448962 0.334370 0.050000
v -2.447182 0.339458 0.050000
v -2.445250 0.344625 0.050000
v -2.443192 0.349813 0.050000
v -2.441037 0.354963 0.050000
v -2.438812 0.360016 0.050000
v -2.436546 0.364912 0.050000
v -2.434266 0.369593 0.050000
v -2.432000 0.374000 0.050000
v -2.457296 0.378954 0.050000
v -2.483032 0.384296 0.050000
v -2.508985 0.390000 0.050000
v -2.534926 0.396037 0.050000
v -2.560632 0.402380 0.050000
v -2.585875 0.409000 0.050000
v -2.610431 0.415870 0.050000
v -2.634074 0.422963 0.050000
v -2.656578 0.430250 0.050000
v -2.677718 0.437704 0.050000
v -2.697267 0.445296 0.050000
v -2.715000 0.453000 0.050000
v -2.762000 0.393000 0.050000
v -2.949615 0.243050 0.050000
v -2.958421 0.237732 0.050000
v -2.967359 0.232094 0.050000
v -2.976370 0.226185 0.050000
v -2.985395 0.220054 0.050000
v -2.994375 0.213750 0.050000
v -3.003251 0.207321 0.050000
v -3.011963 0.200815 0.050000
v -3.020453 0.194281 0.050000
v -3.028662 0.187769 0.050000
v -3.036531 0.181325 0.050000
v -3.044000 0.175000 0.050000
v -3.056851 0.184126 0.050000
v -3.069389 0.193505 0.050000
v -3.081594 0.203141 0.050000
v -3.093444 0.213037 0.050000
v -3.104920 0.223197 0.050000
v -3.116000 0.233625 0.050000
v -3.126663 0.244323 0.050000
v -3.136889 0.255296 0.050000
v -3.146656 0.266547 0.050000
v -3.155945 0.278079 0.050000
v -3.164733 0.289895 0.050000
v -3.173000 0.302000 0.050000
v -2.964000 0.302000 0.050000
v -2.952603 0.292043 0.050000
v -2.940907 0.282181 0.050000
v -2.928906 0.272422 0.050000
v -2.916593 0.262778 0.050000
v -2.903960 0.253259 0.050000
v -2.891000 0.243875 0.050000
v -2.877707 0.234637 0.050000
v -2.864074 0.225556 0.050000
v -2.850094 0.216641 0.050000
v -2.835759 0.207903 0.050000
v -2.821064 0.199352 0.050000
v -2.806000 0.191000 0.050000
v -2.802781 0.195174 0.050000
v -2.799167 0.199639 0.050000
v -2.795219 0.204313 0.050000
v -2.791000 0.209111 0.050000
v -2.786573 0.213951 0.050000
v -2.782000 0.218750 0.050000
v -2.777344 0.223424 0.050000
v -2.772666 0.227889 0.050000
v -2.768031 0.232063 0.050000
v -2.763500 0.235861 0.050000
v -2.759135 0.239201 0.050000
v -2.755000 0.242000 0.050000
v -2.785265 0.257730 0.050000
v -2.814041 0.274338 0.050000
v -2.841297 0.291703 0.050000
v -2.867000 0.309704 0.050000
v -2.891120 0.328218 0.050000
v -2.913625 0.347125 0.050000
v -2.934484 0.366303 0.050000
v -2.953667 0.385630 0.050000
v -2.971141 0.404984 0.050000
v -2.986875 0.424245 0.050000
v -3.000839 0.443291 0.050000
v -3.013000 0.462000 0.050000
v -3.090000 0.447000 0.050000
v -3.085438 0.440250 0.050000
v -3.080755 0.433500 0.050000
v -3.075953 0.426750 0.050000
v -3.071037 0.420000 0.050000
v -3.066010 0.413250 0.050000
v -3.060875 0.406500 0.050000
v -3.055636 0.399750 0.050000
v -3.050296 0.393000 0.050000
v -3.044859 0.386250 0.050000
v -3.039329 0.379500 0.050000
v -3.033708 0.372750 0.050000
v -3.028000 0.366000 0.050000
v -3.216000 0.366000 0.050000
v -3.229000 0.369000 0.050000
v -3.277000 0.345000 0.050000
v -3.253309 0.299442 0.050000
v -3.225472 0.257204 0.050000
v -3.193844 0.218188 0.050000
v -3.158778 0.182296 0.050000
v -3.120628 0.149433 0.050000
v -3.079750 0.119500 0.050000
v -3.036496 0.092400 0.050000
v -2.991222 0.068037 0.050000
v -2.944281 0.046312 0.050000
v -2.896028 0.027130 0.050000
v -2.846816 0.010391 0.050000
v -2.797000 -0.004000 0.050000
v -2.794800 0.000636 0.050000
v -2.792236 0.005505 0.050000
v -2.789359 0.010547 0.050000
v -2.786222 0.015704 0.050000
v -2.782876 0.020916 0.050000
v -2.779375 0.026125 0.050000
v -2.775769 0.031271 0.050000
v -2.772111 0.036296 0.050000
v -2.768453 0.041141 0.050000
v -2.764847 0.045745 0.050000
v -2.761345 0.050052 0.050000
v -2.758000 0.054000 0.050000
v -2.777495 0.058708 0.050000
v -2.796958 0.063833 0.050000
v -2.816359 0.069375 0.050000
v -2.835667 0.075333 0.050000
v -2.854849 0.081708 0.050000
v -2.873875 0.088500 0.050000
v -2.892714 0.095708 0.050000
v -2.911333 0.103333 0.050000
v -2.929703 0.111375 0.050000
v -2.947792 0.119833 0.050000
v -2.965568 0.128708 0.050000
v -2.983000 0.138000 0.050000
v -2.976050 0.144306 0.050000
v -2.968732 0.150699 0.050000
v -2.961094 0.157141 0.050000
v -2.953185 0.163593 0.050000
v -2.945055 0.170017 0.050000
v -2.936750 0.176375 0.050000
v -2.928321 0.182629 0.050000
v -2.919815 0.188741 0.050000
v -2.911282 0.194672 0.050000
v -2.902769 0.200384 0.050000
v -2.894325 0.205840 0.050000
v -2.886000 0.211000 0.050000
v -2.941000 0.248000 0.050000
v -2.999844 -0.151951 0.050000
v -3.009833 -0.158273 0.050000
v -3.019906 -0.164922 0.050000
v -3.030000 -0.171852 0.050000
v -3.040052 -0.179018 0.050000
v -3.050000 -0.186375 0.050000
v -3.059781 -0.193878 0.050000
v -3.069333 -0.201482 0.050000
v -3.078594 -0.209141 0.050000
v -3.087500 -0.216810 0.050000
v -3.095990 -0.224445 0.050000
v -3.104000 -0.232000 0.050000
v -3.117540 -0.219792 0.050000
v -3.130653 -0.207167 0.050000
v -3.143328 -0.194125 0.050000
v -3.155556 -0.180667 0.050000
v -3.167325 -0.166792 0.050000
v -3.178625 -0.152500 0.050000
v -3.189446 -0.137792 0.050000
v -3.199778 -0.122667 0.050000
v -3.209610 -0.107125 0.050000
v -3.218931 -0.091167 0.050000
v -3.227731 -0.074792 0.050000
v -3.236000 -0.058000 0.050000
v -3.039000 -0.058000 0.050000
v -3.023957 -0.072414 0.050000
v -3.008324 -0.086644 0.050000
v -2.992094 -0.100672 0.050000
v -2.975259 -0.114482 0.050000
v -2.957814 -0.128055 0.050000
v -2.939750 -0.141375 0.050000
v -2.921061 -0.154424 0.050000
v -2.901741 -0.167185 0.050000
v -2.881781 -0.179641 0.050000
v -2.861176 -0.191773 0.050000
v -2.839918 -0.203565 0.050000
v -2.818000 -0.215000 0.050000
v -2.815050 -0.210826 0.050000
v -2.811732 -0.206356 0.050000
v -2.808094 -0.201672 0.050000
v -2.804185 -0.196852 0.050000
v -2.800054 -0.191976 0.050000
v -2.795750 -0.187125 0.050000
v -2.791321 -0.182378 0.050000
v -2.786815 -0.177815 0.050000
v -2.782281 -0.173516 0.050000
v -2.777768 -0.169560 0.050000
v -2.773325 -0.166028 0.050000
v -2.769000 -0.163000 0.050000
v -2.805767 -0.144859 0.050000
v -2.840551 -0.125537 0.050000
v -2.873328 -0.105188 0.050000
v -2.904074 -0.083963 0.050000
v -2.932765 -0.062016 0.050000
v -2.959375 -0.039500 0.050000
v -2.983881 -0.016567 0.050000
v -3.006259 0.006630 0.050000
v -3.026484 0.029938 0.050000
v -3.044533 0.053204 0.050000
v -3.060379 0.076275 0.050000
v -3.074000 0.099000 0.050000
v -3.151000 0.084000 0.050000
v -3.146977 0.077501 0.050000
v -3.142903 0.071005 0.050000
v -3.138766 0.064516 0.050000
v -3.134556 0.058037 0.050000
v -3.130262 0.051572 0.050000
v -3.125875 0.045125 0.050000
v -3.121384 0.038698 0.050000
v -3.116778 0.032296 0.050000
v -3.112047 0.025922 0.050000
v -3.107181 0.019579 0.050000
v -3.102169 0.013270 0.050000
v -3.097000 0.007000 0.050000
v -3.271000 0.007000 0.050000
v -3.284000 0.010000 0.050000
v -3.333000 -0.012000 0.050000
v -3.308252 -0.074995 0.050000
v -3.278264 -0.132625 0.050000
v -3.243422 -0.185109 0.050000
v -3.204111 -0.232667 0.050000
v -3.160717 -0.275516 0.050000
v -3.113625 -0.313875 0.050000
v -3.063221 -0.347964 0.050000
v -3.009889 -0.378000 0.050000
v -2.954016 -0.404203 0.050000
v -2.895986 -0.426792 0.050000
v -2.836186 -0.445984 0.050000
v -2.775000 -0.462000 0.050000
v -2.772800 -0.457094 0.050000
v -2.770236 -0.451921 0.050000
v -2.767359 -0.446547 0.050000
v -2.764222 -0.441037 0.050000
v -2.760877 -0.435458 0.050000
v -2.757375 -0.429875 0.050000
v -2.753769 -0.424355 0.050000
v -2.750111 -0.418963 0.050000
v -2.746453 -0.413766 0.050000
v -2.742847 -0.408829 0.050000
v -2.739346 -0.404218 0.050000
v -2.736000 -0.400000 0.050000
v -2.763929 -0.394103 0.050000
v -2.791681 -0.387407 0.050000
v -2.819203 -0.379906 0.050000
v -2.846445 -0.371593 0.050000
v -2.873353 -0.362459 0.050000
v -2.899875 -0.352500 0.050000
v -2.925960 -0.341707 0.050000
v -2.951556 -0.330074 0.050000
v -2.976609 -0.317594 0.050000
v -3.001070 -0.304259 0.050000
v -3.024884 -0.290064 0.050000
v -3.048000 -0.275000 0.050000
v -3.039990 -0.267385 0.050000
v -3.031500 -0.259579 0.050000
v -3.022594 -0.251641 0.050000
v -3.013333 -0.243630 0.050000
v -3.003781 -0.235605 0.050000
v -2.994000 -0.227625 0.050000
v -2.984052 -0.219749 0.050000
v -2.974000 -0.212037 0.050000
v -2.963906 -0.204547 0.050000
v -2.953833 -0.197338 0.050000
v -2.943844 -0.190469 0.050000
v -2.934000 -0.184000 0.050000
v -2.990000 -0.146000 0.050000
v -1.514643 0.409856 0.050000
v -1.528477 0.398018 0.050000
v -1.542359 0.385625 0.050000
v -1.556148 0.372815 0.050000
v -1.569701 0.359727 0.050000
v -1.582875 0.346500 0.050000
v -1.595528 0.333273 0.050000
v -1.607518 0.320185 0.050000
v -1.618703 0.307375 0.050000
v -1.628940 0.294981 0.050000
v -1.638086 0.283144 0.050000
v -1.646000 0.272000 0.050000
v -1.585000 0.226000 0.050000
v -1.577566 0.237414 0.050000
v -1.568861 0.249565 0.050000
v -1.559031 0.262313 0.050000
v -1.548222 0.275519 0.050000
v -1.536580 0.289044 0.050000
v -1.524250 0.302750 0.050000
v -1.511379 0.316498 0.050000
v -1.498111 0.330148 0.050000
v -1.484594 0.343563 0.050000
v -1.470972 0.356602 0.050000
v -1.457392 0.369127 0.050000
v -1.444000 0.381000 0.050000
v -1.501000 0.421000 0.050000
v -1.869000 0.180000 0.050000
v -1.869000 0.265000 0.050000
v -1.767000 0.265000 0.050000
v -1.767000 0.180000 0.050000
v -2.036000 0.180000 0.050000
v -2.036000 0.265000 0.050000
v -1.930000 0.265000 0.050000
v -1.930000 0.180000 0.050000
v -2.211000 0.180000 0.050000
v -2.211000 0.265000 0.050000
v -2.097000 0.265000 0.050000
v -2.097000 0.180000 0.050000
v -1.871979 0.083251 0.050000
v -1.874912 0.087509 0.050000
v -1.877797 0.091781 0.050000
v -1.880630 0.096074 0.050000
v -1.883407 0.100395 0.050000
v -1.886125 0.104750 0.050000
v -1.888781 0.109147 0.050000
v -1.891370 0.113593 0.050000
v -1.893891 0.118094 0.050000
v -1.896338 0.122657 0.050000
v -1.898709 0.127291 0.050000
v -1.901000 0.132000 0.050000
v -1.700000 0.132000 0.050000
v -1.700000 0.313000 0.050000
v -1.869000 0.313000 0.050000
v -1.869000 0.369000 0.050000
v -1.667000 0.369000 0.050000
v -1.667000 0.424000 0.050000
v -2.312000 0.424000 0.050000
v -2.312000 0.369000 0.050000
v -2.097000 0.369000 0.050000
v -2.097000 0.313000 0.050000
v -2.280000 0.313000 0.050000
v -2.280000 0.132000 0.050000
v -1.973000 0.132000 0.050000
v -1.970960 0.127501 0.050000
v -1.968843 0.123005 0.050000
v -1.966656 0.118516 0.050000
v -1.964407 0.114037 0.050000
v -1.962103 0.109572 0.050000
v -1.959750 0.105125 0.050000
v -1.957355 0.100699 0.050000
v -1.954926 0.096296 0.050000
v -1.952469 0.091922 0.050000
v -1.949991 0.087579 0.050000
v -1.947499 0.083270 0.050000
v -1.945000 0.079000 0.050000
v -2.313000 0.079000 0.050000
v -2.313000 0.023000 0.050000
v -2.147000 0.023000 0.050000
v -2.165272 0.012136 0.050000
v -2.183514 0.001088 0.050000
v -2.201609 -0.010078 0.050000
v -2.219445 -0.021296 0.050000
v -2.236905 -0.032501 0.050000
v -2.253875 -0.043625 0.050000
v -2.270241 -0.054604 0.050000
v -2.285889 -0.065370 0.050000
v -2.300703 -0.075859 0.050000
v -2.314569 -0.086005 0.050000
v -2.327373 -0.095740 0.050000
v -2.339000 -0.105000 0.050000
v -2.297000 -0.150000 0.050000
v -2.287822 -0.142299 0.050000
v -2.277828 -0.134222 0.050000
v -2.267078 -0.125813 0.050000
v -2.255630 -0.117111 0.050000
v -2.243542 -0.108160 0.050000
v -2.230875 -0.099000 0.050000
v -2.217687 -0.089674 0.050000
v -2.204037 -0.080222 0.050000
v -2.189984 -0.070688 0.050000
v -2.175588 -0.061111 0.050000
v -2.160907 -0.051535 0.050000
v -2.146000 -0.042000 0.050000
v -2.146000 -0.189000 0.050000
v -1.849000 -0.189000 0.050000
v -1.849000 -0.231000 0.050000
v -1.849252 -0.237301 0.050000
v -1.850102 -0.242745 0.050000
v -1.851688 -0.247391 0.050000
v -1.854148 -0.251296 0.050000
v -1.857623 -0.254521 0.050000
v -1.862250 -0.257125 0.050000
v -1.868169 -0.259166 0.050000
v -1.875519 -0.260704 0.050000
v -1.884438 -0.261797 0.050000
v -1.895065 -0.262505 0.050000
v -1.907539 -0.262886 0.050000
v -1.922000 -0.263000 0.050000
v -1.931696 -0.263000 0.050000
v -1.945732 -0.263000 0.050000
v -1.963281 -0.263000 0.050000
v -1.983519 -0.263000 0.050000
v -2.005617 -0.263000 0.050000
v -2.028750 -0.263000 0.050000
v -2.052092 -0.263000 0.050000
v -2.074815 -0.263000 0.050000
v -2.096094 -0.263000 0.050000
v -2.115102 -0.263000 0.050000
v -2.131013 -0.263000 0.050000
v -2.143000 -0.263000 0.050000
v -2.153269 -0.262763 0.050000
v -2.162153 -0.261940 0.050000
v -2.169766 -0.260359 0.050000
v -2.176222 -0.257852 0.050000
v -2.181637 -0.254247 0.050000
v -2.186125 -0.249375 0.050000
v -2.189801 -0.243065 0.050000
v -2.192778 -0.235148 0.050000
v -2.195172 -0.225453 0.050000
v -2.197097 -0.213810 0.050000
v -2.198668 -0.200049 0.050000
v -2.200000 -0.184000 0.050000
v -2.203969 -0.186228 0.050000
v -2.208329 -0.188407 0.050000
v -2.213016 -0.190531 0.050000
v -2.217963 -0.192593 0.050000
v -2.223105 -0.194585 0.050000
v -2.228375 -0.196500 0.050000
v -2.233708 -0.198332 0.050000
v -2.239037 -0.200074 0.050000
v -2.244297 -0.201719 0.050000
v -2.249421 -0.203259 0.050000
v -2.254344 -0.204689 0.050000
v -2.259000 -0.206000 0.050000
v -2.256664 -0.226880 0.050000
v -2.253561 -0.245125 0.050000
v -2.249547 -0.260891 0.050000
v -2.244482 -0.274333 0.050000
v -2.238222 -0.285609 0.050000
v -2.230625 -0.294875 0.050000
v -2.221549 -0.302286 0.050000
v -2.210852 -0.308000 0.050000
v -2.198391 -0.312172 0.050000
v -2.184023 -0.314958 0.050000
v -2.167607 -0.316516 0.050000
v -2.149000 -0.317000 0.050000
v -2.139872 -0.317000 0.050000
v -2.125227 -0.317000 0.050000
v -2.106172 -0.317000 0.050000
v -2.083815 -0.317000 0.050000
v -2.059263 -0.317000 0.050000
v -2.033625 -0.317000 0.050000
v -2.008008 -0.317000 0.050000
v -1.983518 -0.317000 0.050000
v -1.961266 -0.317000 0.050000
v -1.942356 -0.317000 0.050000
v -1.927899 -0.317000 0.050000
v -1.919000 -0.317000 0.050000
v -1.893827 -0.316664 0.050000
v -1.871699 -0.315565 0.050000
v -1.852453 -0.313563 0.050000
v -1.835926 -0.310519 0.050000
v -1.821954 -0.306294 0.050000
v -1.810375 -0.300750 0.050000
v -1.801025 -0.293748 0.050000
v -1.793741 -0.285148 0.050000
v -1.788359 -0.274812 0.050000
v -1.784718 -0.262602 0.050000
v -1.782652 -0.248377 0.050000
v -1.782000 -0.232000 0.050000
v -1.782000 -0.089000 0.050000
v -1.773959 -0.094457 0.050000
v -1.765838 -0.099824 0.050000
v -1.757640 -0.105094 0.050000
v -1.749370 -0.110259 0.050000
v -1.741031 -0.115314 0.050000
v -1.732625 -0.120250 0.050000
v -1.724157 -0.125061 0.050000
v -1.715630 -0.129741 0.050000
v -1.707047 -0.134281 0.050000
v -1.698412 -0.138676 0.050000
v -1.689729 -0.142918 0.050000
v -1.681000 -0.147000 0.050000
v -1.678202 -0.143534 0.050000
v -1.674866 -0.139690 0.050000
v -1.671078 -0.135547 0.050000
v -1.666926 -0.131185 0.050000
v -1.662496 -0.126685 0.050000
v -1.657875 -0.122125 0.050000
v -1.653150 -0.117586 0.050000
v -1.648407 -0.113148 0.050000
v -1.643734 -0.108891 0.050000
v -1.639218 -0.104894 0.050000
v -1.634944 -0.101237 0.050000
v -1.631000 -0.098000 0.050000
v -1.648851 -0.090501 0.050000
v -1.666389 -0.082509 0.050000
v -1.683594 -0.074031 0.050000
v -1.700444 -0.065074 0.050000
v -1.716920 -0.055645 0.050000
v -1.733000 -0.045750 0.050000
v -1.748663 -0.035397 0.050000
v -1.763889 -0.024593 0.050000
v -1.778656 -0.013344 0.050000
v -1.792944 -0.001657 0.050000
v -1.806733 0.010459 0.050000
v -1.820000 0.023000 0.050000
v -1.672000 0.023000 0.050000
v -1.672000 0.079000 0.050000
v -1.869000 0.079000 0.050000
v -2.036000 0.369000 0.050000
v -1.930000 0.369000 0.050000
v -1.930000 0.313000 0.050000
v -2.036000 0.313000 0.050000
v -2.134000 -0.034000 0.050000
v -2.126001 -0.029002 0.050000
v -2.118009 -0.024014 0.050000
v -2.110031 -0.019047 0.050000
v -2.102074 -0.014111 0.050000
v -2.094145 -0.009217 0.050000
v -2.086250 -0.004375 0.050000
v -2.078397 0.000405 0.050000
v -2.070593 0.005111 0.050000
v -2.062844 0.009734 0.050000
v -2.055157 0.014264 0.050000
v -2.047540 0.018689 0.050000
v -2.040000 0.023000 0.050000
v -1.905000 0.023000 0.050000
v -1.900959 0.018021 0.050000
v -1.896838 0.013083 0.050000
v -1.892641 0.008188 0.050000
v -1.888370 0.003333 0.050000
v -1.884031 -0.001479 0.050000
v -1.879625 -0.006250 0.050000
v -1.875157 -0.010979 0.050000
v -1.870630 -0.015667 0.050000
v -1.866047 -0.020313 0.050000
v -1.861412 -0.024917 0.050000
v -1.856729 -0.029479 0.050000
v -1.852000 -0.034000 0.050000
v -2.082000 -0.143000 0.050000
v -2.082000 -0.080000 0.050000
v -1.849000 -0.080000 0.050000
v -1.849000 -0.143000 0.050000
v -1.631048 -0.282892 0.050000
v -1.636218 -0.286056 0.050000
v -1.641547 -0.289469 0.050000
v -1.647074 -0.293111 0.050000
v -1.652838 -0.296962 0.050000
v -1.658875 -0.301000 0.050000
v -1.665225 -0.305205 0.050000
v -1.671926 -0.309556 0.050000
v -1.679016 -0.314031 0.050000
v -1.686532 -0.318611 0.050000
v -1.694515 -0.323274 0.050000
v -1.703000 -0.328000 0.050000
v -1.719729 -0.336389 0.050000
v -1.737417 -0.343611 0.050000
v -1.756063 -0.349750 0.050000
v -1.775667 -0.354889 0.050000
v -1.796229 -0.359111 0.050000
v -1.817750 -0.362500 0.050000
v -1.840229 -0.365139 0.050000
v -1.863667 -0.367111 0.050000
v -1.888063 -0.368500 0.050000
v -1.913417 -0.369389 0.050000
v -1.939729 -0.369861 0.050000
v -1.967000 -0.370000 0.050000
v -1.997158 -0.369856 0.050000
v -2.028431 -0.369431 0.050000
v -2.060516 -0.368734 0.050000
v -2.093111 -0.367778 0.050000
v -2.125915 -0.366571 0.050000
v -2.158625 -0.365125 0.050000
v -2.190939 -0.363450 0.050000
v -2.222556 -0.361556 0.050000
v -2.253172 -0.359453 0.050000
v -2.282486 -0.357153 0.050000
v -2.310196 -0.354665 0.050000
v -2.336000 -0.352000 0.050000
v -2.333925 -0.357316 0.050000
v -2.331736 -0.363194 0.050000
v -2.329484 -0.369531 0.050000
v -2.327222 -0.376222 0.050000
v -2.325002 -0.383163 0.050000
v -2.322875 -0.390250 0.050000
v -2.320894 -0.397378 0.050000
v -2.319111 -0.404444 0.050000
v -2.317578 -0.411344 0.050000
v -2.316347 -0.417972 0.050000
v -2.315470 -0.424226 0.050000
v -2.315000 -0.430000 0.050000
v -2.294670 -0.431037 0.050000
v -2.270607 -0.432130 0.050000
v -2.243453 -0.433250 0.050000
v -2.213852 -0.434370 0.050000
v -2.182445 -0.435463 0.050000
v -2.149875 -0.436500 0.050000
v -2.116784 -0.437454 0.050000
v -2.083815 -0.438296 0.050000
v -2.051610 -0.439000 0.050000
v -2.020810 -0.439537 0.050000
v -1.992060 -0.439880 0.050000
v -1.966000 -0.440000 0.050000
v -1.936218 -0.439780 0.050000
v -1.907829 -0.439074 0.050000
v -1.880766 -0.437813 0.050000
v -1.854963 -0.435926 0.050000
v -1.830355 -0.433345 0.050000
v -1.806875 -0.430000 0.050000
v -1.784458 -0.425822 0.050000
v -1.763037 -0.420741 0.050000
v -1.742547 -0.414688 0.050000
v -1.722921 -0.407593 0.050000
v -1.704094 -0.399387 0.050000
v -1.686000 -0.390000 0.050000
v -1.675439 -0.383876 0.050000
v -1.665264 -0.377593 0.050000
v -1.655484 -0.371281 0.050000
v -1.646111 -0.365074 0.050000
v -1.637155 -0.359103 0.050000
v -1.628625 -0.353500 0.050000
v -1.620533 -0.348397 0.050000
v -1.612889 -0.343926 0.050000
v -1.605703 -0.340219 0.050000
v -1.598986 -0.337407 0.050000
v -1.592748 -0.335624 0.050000
v -1.587000 -0.335000 0.050000
v -1.578486 -0.336137 0.050000
v -1.569472 -0.339431 0.050000
v -1.560000 -0.344703 0.050000
v -1.550111 -0.351778 0.050000
v -1.539847 -0.360477 0.050000
v -1.529250 -0.370625 0.050000
v -1.518361 -0.382043 0.050000
v -1.507222 -0.394556 0.050000
v -1.495875 -0.407984 0.050000
v -1.484361 -0.422153 0.050000
v -1.472722 -0.436884 0.050000
v -1.461000 -0.452000 0.050000
v -1.412000 -0.383000 0.050000
v -1.424705 -0.370028 0.050000
v -1.437310 -0.357639 0.050000
v -1.449797 -0.345875 0.050000
v -1.462148 -0.334778 0.050000
v -1.474347 -0.324389 0.050000
v -1.486375 -0.314750 0.050000
v -1.498216 -0.305903 0.050000
v -1.509852 -0.297889 0.050000
v -1.521266 -0.290750 0.050000
v -1.532440 -0.284528 0.050000
v -1.543357 -0.279264 0.050000
v -1.554000 -0.275000 0.050000
v -1.554000 0.006000 0.050000
v -1.418000 0.006000 0.050000
v -1.418000 0.076000 0.050000
v -1.626000 0.076000 0.050000
v -1.626000 -0.280000 0.050000
v -0.794000 0.085000 0.050000
v -0.780010 0.099081 0.050000
v -0.763333 0.115065 0.050000
v -0.744406 0.132563 0.050000
v -0.723667 0.151185 0.050000
v -0.701552 0.170544 0.050000
v -0.678500 0.190250 0.050000
v -0.654948 0.209914 0.050000
v -0.631333 0.229148 0.050000
v -0.608094 0.247563 0.050000
v -0.585667 0.264769 0.050000
v -0.564490 0.280377 0.050000
v -0.545000 0.294000 0.050000
v -0.602000 0.355000 0.050000
v -0.620863 0.342123 0.050000
v -0.641653 0.327236 0.050000
v -0.663922 0.310703 0.050000
v -0.687222 0.292889 0.050000
v -0.711106 0.274158 0.050000
v -0.735125 0.254875 0.050000
v -0.758832 0.235405 0.050000
v -0.781778 0.216111 0.050000
v -0.803516 0.197359 0.050000
v -0.823597 0.179514 0.050000
v -0.841575 0.162939 0.050000
v -0.857000 0.148000 0.050000
v -0.953815 -0.143732 0.050000
v -0.990185 -0.116602 0.050000
v -1.025000 -0.087875 0.050000
v -1.058148 -0.057815 0.050000
v -1.089519 -0.026685 0.050000
v -1.119000 0.005250 0.050000
v -1.146482 0.037727 0.050000
v -1.171852 0.070481 0.050000
v -1.195000 0.103250 0.050000
v -1.215815 0.135769 0.050000
v -1.234185 0.167773 0.050000
v -1.250000 0.199000 0.050000
v -1.298000 0.114000 0.050000
v -1.279988 0.082551 0.050000
v -1.259986 0.050824 0.050000
v -1.238047 0.019000 0.050000
v -1.214222 -0.012741 0.050000
v -1.188564 -0.044218 0.050000
v -1.161125 -0.075250 0.050000
v -1.131957 -0.105657 0.050000
v -1.101111 -0.135259 0.050000
v -1.068641 -0.163875 0.050000
v -1.034597 -0.191324 0.050000
v -0.999033 -0.217426 0.050000
v -0.962000 -0.242000 0.050000
v -0.936431 -0.257692 0.050000
v -0.909695 -0.273204 0.050000
v -0.881750 -0.288438 0.050000
v -0.852556 -0.303296 0.050000
v -0.822070 -0.317683 0.050000
v -0.790250 -0.331500 0.050000
v -0.757056 -0.344651 0.050000
v -0.722445 -0.357037 0.050000
v -0.686375 -0.368563 0.050000
v -0.648806 -0.379130 0.050000
v -0.609694 -0.388641 0.050000
v -0.569000 -0.397000 0.050000
v -0.516000 -0.315000 0.050000
v -0.558818 -0.307792 0.050000
v -0.599796 -0.299255 0.050000
v -0.638969 -0.289516 0.050000
v -0.676370 -0.278704 0.050000
v -0.712036 -0.266947 0.050000
v -0.746000 -0.254375 0.050000
v -0.778297 -0.241115 0.050000
v -0.808963 -0.227296 0.050000
v -0.838031 -0.213047 0.050000
v -0.865537 -0.198495 0.050000
v -0.891515 -0.183770 0.050000
v -0.916000 -0.169000 0.050000
v 0.359086 0.050000 0.050000
v 0.322852 0.050000 0.050000
v 0.277562 0.050000 0.050000
v 0.225481 0.050000 0.050000
v 0.168873 0.050000 0.050000
v 0.110000 0.050000 0.050000
v 0.051127 0.050000 0.050000
v -0.005482 0.050000 0.050000
v -0.057563 0.050000 0.050000
v -0.102852 0.050000 0.050000
v -0.139086 0.050000 0.050000
v -0.164000 0.050000 0.050000
v -0.176208 0.050060 0.050000
v -0.187833 0.050231 0.050000
v -0.198875 0.050500 0.050000
v -0.209333 0.050852 0.050000
v -0.219208 0.051273 0.050000
v -0.228500 0.051750 0.050000
v -0.237208 0.052269 0.050000
v -0.245333 0.052815 0.050000
v -0.252875 0.053375 0.050000
v -0.259833 0.053935 0.050000
v -0.266208 0.054481 0.050000
v -0.272000 0.055000 0.050000
v -0.272000 -0.043000 0.050000
v -0.266553 -0.042692 0.050000
v -0.260255 -0.042282 0.050000
v -0.253172 -0.041797 0.050000
v -0.245370 -0.041259 0.050000
v -0.236916 -0.040694 0.050000
v -0.227875 -0.040125 0.050000
v -0.218313 -0.039577 0.050000
v -0.208296 -0.039074 0.050000
v -0.197891 -0.038641 0.050000
v -0.187162 -0.038301 0.050000
v -0.176177 -0.038079 0.050000
v -0.165000 -0.038000 0.050000
v -0.139875 -0.038000 0.050000
v -0.103500 -0.038000 0.050000
v -0.058125 -0.038000 0.050000
v -0.006000 -0.038000 0.050000
v 0.050625 -0.038000 0.050000
v 0.109500 -0.038000 0.050000
v 0.168375 -0.038000 0.050000
v 0.225000 -0.038000 0.050000
v 0.277125 -0.038000 0.050000
v 0.322500 -0.038000 0.050000
v 0.358875 -0.038000 0.050000
v 0.384000 -0.038000 0.050000
v 0.397697 -0.038041 0.050000
v 0.411241 -0.038162 0.050000
v 0.424563 -0.038359 0.050000
v 0.437593 -0.038630 0.050000
v 0.450262 -0.038969 0.050000
v 0.462500 -0.039375 0.050000
v 0.474238 -0.039843 0.050000
v 0.485407 -0.040370 0.050000
v 0.495937 -0.040953 0.050000
v 0.505759 -0.041588 0.050000
v 0.514803 -0.042271 0.050000
v 0.523000 -0.043000 0.050000
v 0.523000 0.055000 0.050000
v 0.515032 0.054481 0.050000
v 0.506176 0.053935 0.050000
v 0.496500 0.053375 0.050000
v 0.486074 0.052815 0.050000
v 0.474968 0.052269 0.050000
v 0.463250 0.051750 0.050000
v 0.450991 0.051273 0.050000
v 0.438259 0.050852 0.050000
v 0.425125 0.050500 0.050000
v 0.411657 0.050231 0.050000
v 0.397926 0.050060 0.050000
v 0.384000 0.050000 0.050000
v 1.098218 -0.183535 0.050000
v 1.058912 -0.157694 0.050000
v 1.021141 -0.130563 0.050000
v 0.984963 -0.102222 0.050000
v 0.950438 -0.072757 0.050000
v 0.917625 -0.042250 0.050000
v 0.886583 -0.010785 0.050000
v 0.857370 0.021556 0.050000
v 0.830047 0.054687 0.050000
v 0.804671 0.088528 0.050000
v 0.781303 0.122993 0.050000
v 0.760000 0.158000 0.050000
v 0.712000 0.076000 0.050000
v 0.734585 0.042392 0.050000
v 0.759264 0.009134 0.050000
v 0.785922 -0.023672 0.050000
v 0.814444 -0.055926 0.050000
v 0.844717 -0.087527 0.050000
v 0.876625 -0.118375 0.050000
v 0.910054 -0.148369 0.050000
v 0.944889 -0.177407 0.050000
v 0.981016 -0.205391 0.050000
v 1.018319 -0.232218 0.050000
v 1.056686 -0.257788 0.050000
v 1.096000 -0.282000 0.050000
v 1.121974 -0.296261 0.050000
v 1.149204 -0.310005 0.050000
v 1.177406 -0.323172 0.050000
v 1.206296 -0.335704 0.050000
v 1.235589 -0.347541 0.050000
v 1.265000 -0.358625 0.050000
v 1.294244 -0.368896 0.050000
v 1.323037 -0.378296 0.050000
v 1.351094 -0.386766 0.050000
v 1.378130 -0.394245 0.050000
v 1.403860 -0.400677 0.050000
v 1.428000 -0.406000 0.050000
v 1.474000 -0.325000 0.050000
v 1.446230 -0.319814 0.050000
v 1.418005 -0.313764 0.050000
v 1.389453 -0.306859 0.050000
v 1.360704 -0.299111 0.050000
v 1.331885 -0.290530 0.050000
v 1.303125 -0.281125 0.050000
v 1.274553 -0.270908 0.050000
v 1.246296 -0.259889 0.050000
v 1.218484 -0.248078 0.050000
v 1.191245 -0.235486 0.050000
v 1.164708 -0.222123 0.050000
v 1.139000 -0.208000 0.050000
v 1.301000 -0.040000 0.050000
v 1.314437 -0.030334 0.050000
v 1.329995 -0.019505 0.050000
v 1.347297 -0.007766 0.050000
v 1.365963 0.004630 0.050000
v 1.385615 0.017428 0.050000
v 1.405875 0.030375 0.050000
v 1.426364 0.043218 0.050000
v 1.446704 0.055704 0.050000
v 1.466516 0.067578 0.050000
v 1.485421 0.078588 0.050000
v 1.503042 0.088480 0.050000
v 1.519000 0.097000 0.050000
v 1.475000 0.165000 0.050000
v 1.459117 0.156233 0.050000
v 1.441273 0.146111 0.050000
v 1.421922 0.134906 0.050000
v 1.401518 0.122889 0.050000
v 1.380518 0.110330 0.050000
v 1.359375 0.097500 0.050000
v 1.338544 0.084670 0.050000
v 1.318481 0.072111 0.050000
v 1.299641 0.060094 0.050000
v 1.282477 0.048889 0.050000
v 1.267445 0.038767 0.050000
v 1.255000 0.030000 0.050000
v 1.154000 0.181000 0.050000
v 1.167187 0.190707 0.050000
v 1.182495 0.201657 0.050000
v 1.199547 0.213594 0.050000
v 1.217963 0.226259 0.050000
v 1.237365 0.239397 0.050000
v 1.257375 0.252750 0.050000
v 1.277614 0.266061 0.050000
v 1.297704 0.279074 0.050000
v 1.317266 0.291531 0.050000
v 1.335921 0.303176 0.050000
v 1.353292 0.313751 0.050000
v 1.369000 0.323000 0.050000
v 1.324000 0.390000 0.050000
v 1.308157 0.380905 0.050000
v 1.290426 0.370319 0.050000
v 1.271250 0.358547 0.050000
v 1.251074 0.345889 0.050000
v 1.230343 0.332648 0.050000
v 1.209500 0.319125 0.050000
v 1.188991 0.305623 0.050000
v 1.169259 0.292444 0.050000
v 1.150750 0.279891 0.050000
v 1.133907 0.268264 0.050000
v 1.119176 0.257866 0.050000
v 1.107000 0.249000 0.050000
v 2.438241 0.286991 0.050000
v 2.414764 0.289426 0.050000
v 2.387016 0.292250 0.050000
v 2.355444 0.295407 0.050000
v 2.320498 0.298843 0.050000
v 2.282625 0.302500 0.050000
v 2.242273 0.306324 0.050000
v 2.199889 0.310259 0.050000
v 2.155922 0.314250 0.050000
v 2.110820 0.318241 0.050000
v 2.065030 0.322176 0.050000
v 2.019000 0.326000 0.050000
v 1.992070 0.328188 0.050000
v 1.965806 0.330250 0.050000
v 1.940250 0.332188 0.050000
v 1.915444 0.334000 0.050000
v 1.891431 0.335688 0.050000
v 1.868250 0.337250 0.050000
v 1.845944 0.338688 0.050000
v 1.824556 0.340000 0.050000
v 1.804125 0.341188 0.050000
v 1.784694 0.342250 0.050000
v 1.766306 0.343188 0.050000
v 1.749000 0.344000 0.050000
v 1.749000 0.264000 0.050000
v 1.763857 0.263972 0.050000
v 1.779769 0.263856 0.050000
v 1.796500 0.263609 0.050000
v 1.813815 0.263185 0.050000
v 1.831477 0.262539 0.050000
v 1.849250 0.261625 0.050000
v 1.866898 0.260399 0.050000
v 1.884185 0.258815 0.050000
v 1.900875 0.256828 0.050000
v 1.916731 0.254394 0.050000
v 1.931518 0.251466 0.050000
v 1.945000 0.248000 0.050000
v 1.979336 0.234372 0.050000
v 2.011268 0.216810 0.050000
v 2.040687 0.195797 0.050000
v 2.067481 0.171815 0.050000
v 2.091539 0.145347 0.050000
v 2.112750 0.116875 0.050000
v 2.131002 0.086883 0.050000
v 2.146185 0.055852 0.050000
v 2.158187 0.024266 0.050000
v 2.166898 -0.007394 0.050000
v 2.172206 -0.038643 0.050000
v 2.174000 -0.069000 0.050000
v 2.170324 -0.115024 0.050000
v 2.159764 -0.155773 0.050000
v 2.143015 -0.191516 0.050000
v 2.120778 -0.222519 0.050000
v 2.093748 -0.249049 0.050000
v 2.062625 -0.271375 0.050000
v 2.028106 -0.289763 0.050000
v 1.990889 -0.304482 0.050000
v 1.951672 -0.315797 0.050000
v 1.911153 -0.323977 0.050000
v 1.870029 -0.329289 0.050000
v 1.829000 -0.332000 0.050000
v 1.858000 -0.415000 0.050000
v 1.904655 -0.411315 0.050000
v 1.951569 -0.403685 0.050000
v 1.997922 -0.392000 0.050000
v 2.042889 -0.376148 0.050000
v 2.085648 -0.356018 0.050000
v 2.125375 -0.331500 0.050000
v 2.161248 -0.302481 0.050000
v 2.192444 -0.268852 0.050000
v 2.218141 -0.230500 0.050000
v 2.237514 -0.187315 0.050000
v 2.249741 -0.139185 0.050000
v 2.254000 -0.086000 0.050000
v 2.252077 -0.047629 0.050000
v 2.246537 -0.010616 0.050000
v 2.237718 0.024891 0.050000
v 2.225963 0.058741 0.050000
v 2.211610 0.090785 0.050000
v 2.195000 0.120875 0.050000
v 2.176473 0.148861 0.050000
v 2.156370 0.174593 0.050000
v 2.135031 0.197922 0.050000
v 2.112796 0.218699 0.050000
v 2.090006 0.236775 0.050000
v 2.067000 0.252000 0.050000
v 2.096663 0.248758 0.050000
v 2.131468 0.245060 0.050000
v 2.170391 0.240953 0.050000
v 2.212407 0.236482 0.050000
v 2.256494 0.231690 0.050000
v 2.301625 0.226625 0.050000
v 2.346777 0.221330 0.050000
v 2.390926 0.215852 0.050000
v 2.433047 0.210234 0.050000
v 2.472116 0.204523 0.050000
v 2.507108 0.198763 0.050000
v 2.537000 0.193000 0.050000
v 2.546000 0.280000 0.050000
v 2.536629 0.280270 0.050000
v 2.527533 0.280579 0.050000
v 2.518734 0.280922 0.050000
v 2.510259 0.281296 0.050000
v 2.502131 0.281699 0.050000
v 2.494375 0.282125 0.050000
v 2.487015 0.282572 0.050000
v 2.480074 0.283037 0.050000
v 2.473578 0.283516 0.050000
v 2.467551 0.284005 0.050000
v 2.462017 0.284501 0.050000
v 2.457000 0.285000 0.050000
v 1.862000 -0.022000 0.050000
v 1.867872 -0.009925 0.050000
v 1.873977 0.002264 0.050000
v 1.880297 0.014516 0.050000
v 1.886815 0.026778 0.050000
v 1.893513 0.038998 0.050000
v 1.900375 0.051125 0.050000
v 1.907383 0.063106 0.050000
v 1.914519 0.074889 0.050000
v 1.921766 0.086422 0.050000
v 1.929107 0.097653 0.050000
v 1.936524 0.108530 0.050000
v 1.944000 0.119000 0.050000
v 1.893000 0.141000 0.050000
v 1.886956 0.132173 0.050000
v 1.880398 0.122301 0.050000
v 1.873437 0.111547 0.050000
v 1.866185 0.100074 0.050000
v 1.858752 0.088046 0.050000
v 1.851250 0.075625 0.050000
v 1.843789 0.062975 0.050000
v 1.836481 0.050259 0.050000
v 1.829437 0.037641 0.050000
v 1.822769 0.025282 0.050000
v 1.816586 0.013348 0.050000
v 1.811000 0.002000 0.050000
v 1.749000 0.020000 0.050000
v 1.755102 0.032246 0.050000
v 1.761403 0.044468 0.050000
v 1.767891 0.056641 0.050000
v 1.774556 0.068741 0.050000
v 1.781387 0.080744 0.050000
v 1.788375 0.092625 0.050000
v 1.795509 0.104361 0.050000
v 1.802778 0.115926 0.050000
v 1.810172 0.127297 0.050000
v 1.817681 0.138449 0.050000
v 1.825293 0.149358 0.050000
v 1.833000 0.160000 0.050000
v 1.784000 0.183000 0.050000
v 1.777686 0.174193 0.050000
v 1.770820 0.164375 0.050000
v 1.763516 0.153703 0.050000
v 1.755889 0.142333 0.050000
v 1.748054 0.130422 0.050000
v 1.740125 0.118125 0.050000
v 1.732217 0.105599 0.050000
v 1.724445 0.093000 0.050000
v 1.716922 0.080484 0.050000
v 1.709764 0.068208 0.050000
v 1.703085 0.056328 0.050000
v 1.697000 0.045000 0.050000
v 2.795000 -0.378000 0.050000
v 2.795000 0.153000 0.050000
v 2.797000 0.153000 0.050000
v 3.007000 -0.111000 0.050000
v 3.023000 -0.111000 0.050000
v 3.233000 0.153000 0.050000
v 3.235000 0.153000 0.050000
v 3.235000 -0.378000 0.050000
v 3.333000 -0.378000 0.050000
v 3.333000 0.304000 0.050000
v 3.241000 0.304000 0.050000
v 3.015000 0.024000 0.050000
v 2.788000 0.304000 0.050000
v 2.697000 0.304000 0.050000
v 2.697000 -0.378000 0.050000
v 2.795000 -0.378000 0.050000
v 2.795000 -0.378000 -0.050000
v 2.795000 0.153000 0.050000
v 2.795000 0.153000 -0.050000
v 2.797000 0.153000 0.050000
v 2.797000 0.153000 -0.050000
v 3.007000 -0.111000 0.050000
v 3.007000 -0.111000 -0.050000
v 3.023000 -0.111000 0.050000
v 3.023000 -0.111000 -0.050000
v 3.233000 0.153000 0.050000
v 3.233000 0.153000 -0.050000
v 3.235000 0.153000 0.050000
v 3.235000 0.153000 -0.050000
v 3.235000 -0.378000 0.050000
v 3.235000 -0.378000 -0.050000
v 3.333000 -0.378000 0.050000
v 3.333000 -0.378000 -0.050000
v 3.333000 0.304000 0.050000
v 3.333000 0.304000 -0.050000
v 3.241000 0.304000 0.050000
v 3.241000 0.304000 -0.050000
v 3.015000 0.024000 0.050000
v 3.015000 0.024000 -0.050000
v 2.788000 0.304000 0.050000
v 2.788000 0.304000 -0.050000
v 2.697000 0.304000 0.050000
v 2.697000 0.304000 -0.050000
v 2.697000 -0.378000 0.050000
v 2.697000 -0.378000 -0.050000
v 2.438241 0.286991 0.050000
v 2.438241 0.286991 -0.050000
v 2.414764 0.289426 0.050000
v 2.414764 0.289426 -0.050000
v 2.387016 0.292250 0.050000
v 2.387016 0.292250 -0.050000
v 2.355444 0.295407 0.050000
v 2.355444 0.295407 -0.050000
v 2.320498 0.298843 0.050000
v 2.320498 0.298843 -0.050000
v 2.282625 0.302500 0.050000
v 2.282625 0.302500 -0.050000
v 2.242273 0.306324 0.050000
v 2.242273 0.306324 -0.050000
v 2.199889 0.310259 0.050000
v 2.199889 0.310259 -0.050000
v 2.155922 0.314250 0.050000
v 2.155922 0.314250 -0.050000
v 2.110820 0.318241 0.050000
v 2.110820 0.318241 -0.050000
v 2.065030 0.322176 0.050000
v 2.065030 0.322176 -0.050000
v 2.019000 0.326000 0.050000
v 2.019000 0.326000 -0.050000
v 1.992070 0.328188 0.050000
v 1.992070 0.328188 -0.050000
v 1.965806 0.330250 0.050000
v 1.965806 0.330250 -0.050000
v 1.940250 0.332188 0.050000
v 1.940250 0.332188 -0.050000
v 1.915444 0.334000 0.050000
v 1.915444 0.334000 -0.050000
v 1.891431 0.335688 0.050000
v 1.891431 0.335688 -0.050000
v 1.868250 0.337250 0.050000
v 1.868250 0.337250 -0.050000
v 1.845944 0.338688 0.050000
v 1.845944 0.338688 -0.050000
v 1.824556 0.340000 0.050000
v 1.824556 0.340000 -0.050000
v 1.804125 0.341188 0.050000
v 1.804125 0.341188 -0.050000
v 1.784694 0.342250 0.050000
v 1.784694 0.342250 -0.050000
v 1.766306 0.343188 0.050000
v 1.766306 0.343188 -0.050000
v 1.749000 0.344000 0.050000
v 1.749000 0.344000 -0.050000
v 1.749000 0.264000 0.050000
v 1.749000 0.264000 -0.050000
v 1.763857 0.263972 0.050000
v 1.763857 0.263972 -0.050000
v 1.779769 0.263856 0.050000
v 1.779769 0.263856 -0.050000
v 1.796500 0.263609 0.050000
v 1.796500 0.263609 -0.050000
v 1.813815 0.263185 0.050000
v 1.813815 0.263185 -0.050000
v 1.831477 0.262539 0.050000
v 1.831477 0.262539 -0.050000
v 1.849250 0.261625 0.050000
v 1.849250 0.261625 -0.050000
v 1.866898 0.260399 0.050000
v 1.866898 0.260399 -0.050000
v 1.884185 0.258815 0.050000
v 1.884185 0.258815 -0.050000
v 1.900875 0.256828 0.050000
v 1.900875 0.256828 -0.050000
v 1.916731 0.254394 0.050000
v 1.916731 0.254394 -0.050000
v 1.931518 0.251466 0.050000
v 1.931518 0.251466 -0.050000
v 1.945000 0.248000 0.050000
v 1.945000 0.248000 -0.050000
v 1.979336 0.234372 0.050000
v 1.979336 0.234372 -0.050000
v 2.011268 0.216810 0.050000
v 2.011268 0.216810 -0.050000
v 2.040687 0.195797 0.050000
v 2.040687 0.195797 -0.050000
v 2.067481 0.171815 0.050000
v 2.067481 0.171815 -0.050000
v 2.091539 0.145347 0.050000
v 2.091539 0.145347 -0.050000
v 2.112750 0.116875 0.050000
v 2.112750 0.116875 -0.050000
v 2.131002 0.086883 0.050000
v 2.131002 0.086883 -0.050000
v 2.146185 0.055852 0.050000
v 2.146185 0.055852 -0.050000
v 2.158187 0.024266 0.050000
v 2.158187 0.024266 -0.050000
v 2.166898 -0.007394 0.050000
v 2.166898 -0.007394 -0.050000
v 2.172206 -0.038643 0.050000
v 2.172206 -0.038643 -0.050000
v 2.174000 -0.069000 0.050000
v 2.174000 -0.069000 -0.050000
v 2.170324 -0.115024 0.050000
v 2.170324 -0.115024 -0.050000
v 2.159764 -0.155773 0.050000
v 2.159764 -0.155773 -0.050000
v 2.143015 -0.191516 0.050000
v 2.143015 -0.191516 -0.050000
v 2.120778 -0.222519 0.050000
v 2.120778 -0.222519 -0.050000
v 2.093748 -0.249049 0.050000
v 2.093748 -0.249049 -0.050000
v 2.062625 -0.271375 0.050000
v 2.062625 -0.271375 -0.050000
v 2.028106 -0.289763 0.050000
v 2.028106 -0.289763 -0.050000
v 1.990889 -0.304482 0.050000
v 1.990889 -0.304482 -0.050000
v 1.951672 -0.315797 0.050000
v 1.951672 -0.315797 -0.050000
v 1.911153 -0.323977 0.050000
v 1.911153 -0.323977 -0.050000
v 1.870029 -0.329289 0.050000
v 1.870029 -0.329289 -0.050000
v 1.829000 -0.332000 0.050000
v 1.829000 -0.332000 -0.050000
v 1.858000 -0.415000 0.050000
v 1.858000 -0.415000 -0.050000
v 1.904655 -0.411315 0.050000
v 1.904655 -0.411315 -0.050000
v 1.951569 -0.403685 0.050000
v 1.951569 -0.403685 -0.050000
v 1.997922 -0.392000 0.050000
v 1.997922 -0.392000 -0.050000
v 2.042889 -0.376148 0.050000
v 2.042889 -0.376148 -0.050000
v 2.085648 -0.356018 0.050000
v 2.085648 -0.356018 -0.050000
v 2.125375 -0.331500 0.050000
v 2.125375 -0.331500 -0.050000
v 2.161248 -0.302481 0.050000
v 2.161248 -0.302481 -0.050000
v 2.192444 -0.268852 0.050000
v 2.192444 -0.268852 -0.050000
v 2.218141 -0.230500 0.050000
v 2.218141 -0.230500 -0.050000
v 2.237514 -0.187315 0.050000
v 2.237514 -0.187315 -0.050000
v 2.249741 -0.139185 0.050000
v 2.249741 -0.139185 -0.050000
v 2.254000 -0.086000 0.050000
v 2.254000 -0.086000 -0.050000
v 2.252077 -0.047629 0.050000
v 2.252077 -0.047629 -0.050000
v 2.246537 -0.010616 0.050000
v 2.246537 -0.010616 -0.050000
v 2.237718 0.024891 0.050000
v 2.237718 0.024891 -0.050000
v 2.225963 0.058741 0.050000
v 2.225963 0.058741 -0.050000
v 2.211610 0.090785 0.050000
v 2.211610 0.090785 -0.050000
v 2.195000 0.120875 0.050000
v 2.195000 0.120875 -0.050000
v 2.176473 0.148861 0.050000
v 2.176473 0.148861 -0.050000
v 2.156370 0.174593 0.050000
v 2.156370 0.174593 -0.050000
v 2.135031 0.197922 0.050000
v 2.135031 0.197922 -0.050000
v 2.112796 0.218699 0.050000
v 2.112796 0.218699 -0.050000
v 2.090006 0.236775 0.050000
v 2.090006 0.236775 -0.050000
v 2.067000 0.252000 0.050000
v 2.067000 0.252000 -0.050000
v 2.096663 0.248758 0.050000
v 2.096663 0.248758 -0.050000
v 2.131468 0.245060 0.050000
v 2.131468 0.245060 -0.050000
v 2.170391 0.240953 0.050000
v 2.170391 0.240953 -0.050000
v 2.212407 0.236482 0.050000
v 2.212407 0.236482 -0.050000
v 2.256494 0.231690 0.050000
v 2.256494 0.231690 -0.050000
v 2.301625 0.226625 0.050000
v 2.301625 0.226625 -0.050000
v 2.346777 0.221330 0.050000
v 2.346777 0.221330 -0.050000
v 2.390926 0.215852 0.050000
v 2.390926 0.215852 -0.050000
v 2.433047 0.210234 0.050000
v 2.433047 0.210234 -0.050000
v 2.472116 0.204523 0.050000
v 2.472116 0.204523 -0.050000
v 2.507108 0.198763 0.050000
v 2.507108 0.198763 -0.050000
v 2.537000 0.193000 0.050000
v 2.537000 0.193000 -0.050000
v 2.546000 0.280000 0.050000
v 2.546000 0.280000 -0.050000
v 2.536629 0.280270 0.050000
v 2.536629 0.280270 -0.050000
v 2.527533 0.280579 0.050000
v 2.527533 0.280579 -0.050000
v 2.518734 0.280922 0.050000
v 2.518734 0.280922 -0.050000
v 2.510259 0.281296 0.050000
v 2.510259 0.281296 -0.050000
v 2.502131 0.281699 0.050000
v 2.502131 0.281699 -0.050000
v 2.494375 0.282125 0.050000
v 2.494375 0.282125 -0.050000
v 2.487015 0.282572 0.050000
v 2.487015 0.282572 -0.050000
v 2.480074 0.283037 0.050000
v 2.480074 0.283037 -0.050000
v 2.473578 0.283516 0.050000
v 2.473578 0.283516 -0.050000
v 2.467551 0.284005 0.050000
v 2.467551 0.284005 -0.050000
v 2.462017 0.284501 0.050000
v 2.462017 0.284501 -0.050000
v 2.457000 0.285000 0.050000
v 2.457000 0.285000 -0.050000
v 1.862000 -0.022000 0.050000
v 1.862000 -0.022000 -0.050000
v 1.867872 -0.009925 0.050000
v 1.867872 -0.009925 -0.050000
v 1.873977 0.002264 0.050000
v 1.873977 0.002264 -0.050000
v 1.880297 0.014516 0.050000
v 1.880297 0.014516 -0.050000
v 1.886815 0.026778 0.050000
v 1.886815 0.026778 -0.050000
v 1.893513 0.038998 0.050000
v 1.893513 0.038998 -0.050000
v 1.900375 0.051125 0.050000
v 1.900375 0.051125 -0.050000
v 1.907383 0.063106 0.050000
v 1.907383 0.063106 -0.050000
v 1.914519 0.074889 0.050000
v 1.914519 0.074889 -0.050000
v 1.921766 0.086422 0.050000
v 1.921766 0.086422 -0.050000
v 1.929107 0.097653 0.050000
v 1.929107 0.097653 -0.050000
v 1.936524 0.108530 0.050000
v 1.936524 0.108530 -0.050000
v 1.944000 0.119000 0.050000
v 1.944000 0.119000 -0.050000
v 1.893000 0.141000 0.050000
v 1.893000 0.141000 -0.050000
v 1.886956 0.132173 0.050000
v 1.886956 0.132173 -0.050000
v 1.880398 0.122301 0.050000
v 1.880398 0.122301 -0.050000
v 1.873437 0.111547 0.050000
v 1.873437 0.111547 -0.050000
v 1.866185 0.100074 0.050000
v 1.866185 0.100074 -0.050000
v 1.858752 0.088046 0.050000
v 1.858752 0.088046 -0.050000
v 1.851250 0.075625 0.050000
v 1.851250 0.075625 -0.050000
v 1.843789 0.062975 0.050000
v 1.843789 0.062975 -0.050000
v 1.836481 0.050259 0.050000
v 1.836481 0.050259 -0.050000
v 1.829437 0.037641 0.050000
v 1.829437 0.037641 -0.050000
v 1.822769 0.025282 0.050000
v 1.822769 0.025282 -0.050000
v 1.816586 0.013348 0.050000
v 1.816586 0.013348 -0.050000
v 1.811000 0.002000 0.050000
v 1.811000 0.002000 -0.050000
v 1.749000 0.020000 0.050000
v 1.749000 0.020000 -0.050000
v 1.755102 0.032246 0.050000
v 1.755102 0.032246 -0.050000
v 1.761403 0.044468 0.050000
v 1.761403 0.044468 -0.050000
v 1.767891 0.056641 0.050000
v 1.767891 0.056641 -0.050000
v 1.774556 0.068741 0.050000
v 1.774556 0.068741 -0.050000
v 1.781387 0.080744 0.050000
v 1.781387 0.080744 -0.050000
v 1.788375 0.092625 0.050000
v 1.788375 0.092625 -0.050000
v 1.795509 0.104361 0.050000
v 1.795509 0.104361 -0.050000
v 1.802778 0.115926 0.050000
v 1.802778 0.115926 -0.050000
v 1.810172 0.127297 0.050000
v 1.810172 0.127297 -0.050000
v 1.817681 0.138449 0.050000
v 1.817681 0.138449 -0.050000
v 1.825293 0.149358 0.050000
v 1.825293 0.149358 -0.050000
v 1.833000 0.160000 0.050000
v 1.833000 0.160000 -0.050000
v 1.784000 0.183000 0.050000
v 1.784000 0.183000 -0.050000
v 1.777686 0.174193 0.050000
v 1.777686 0.174193 -0.050000
v 1.770820 0.164375 0.050000
v 1.770820 0.164375 -0.050000
v 1.763516 0.153703 0.050000
v 1.763516 0.153703 -0.050000
v 1.755889 0.142333 0.050000
v 1.755889 0.142333 -0.050000
v 1.748054 0.130422 0.050000
v 1.748054 0.130422 -0.050000
v 1.740125 0.118125 0.050000
v 1.740125 0.118125 -0.050000
v 1.732217 0.105599 0.050000
v 1.732217 0.105599 -0.050000
v 1.724445 0.093000 0.050000
v 1.724445 0.093000 -0.050000
v 1.716922 0.080484 0.050000
v 1.716922 0.080484 -0.050000
v 1.709764 0.068208 0.050000
v 1.709764 0.068208 -0.050000
v 1.703085 0.056328 0.050000
v 1.703085 0.056328 -0.050000
v 1.697000 0.045000 0.050000
v 1.697000 0.045000 -0.050000
v 1.154000 0.181000 0.050000
v 1.154000 0.181000 -0.050000
v 1.167187 0.190707 0.050000
v 1.167187 0.190707 -0.050000
v 1.182495 0.201657 0.050000
v 1.182495 0.201657 -0.050000
v 1.199547 0.213594 0.050000
v 1.199547 0.213594 -0.050000
v 1.217963 0.226259 0.050000
v 1.217963 0.226259 -0.050000
v 1.237365 0.239397 0.050000
v 1.237365 0.239397 -0.050000
v 1.257375 0.252750 0.050000
v 1.257375 0.252750 -0.050000
v 1.277614 0.266061 0.050000
v 1.277614 0.266061 -0.050000
v 1.297704 0.279074 0.050000
v 1.297704 0.279074 -0.050000
v 1.317266 0.291531 0.050000
v 1.317266 0.291531 -0.050000
v 1.335921 0.303176 0.050000
v 1.335921 0.303176 -0.050000
v 1.353292 0.313751 0.050000
v 1.353292 0.313751 -0.050000
v 1.369000 0.323000 0.050000
v 1.369000 0.323000 -0.050000
v 1.324000 0.390000 0.050000
v 1.324000 0.390000 -0.050000
v 1.308157 0.380905 0.050000
v 1.308157 0.380905 -0.050000
v 1.290426 0.370319 0.050000
v 1.290426 0.370319 -0.050000
v 1.271250 0.358547 0.050000
v 1.271250 0.358547 -0.050000
v 1.251074 0.345889 0.050000
v 1.251074 0.345889 -0.050000
v 1.230343 0.332648 0.050000
v 1.230343 0.332648 -0.050000
v 1.209500 0.319125 0.050000
v 1.209500 0.319125 -0.050000
v 1.188991 0.305623 0.050000
v 1.188991 0.305623 -0.050000
v 1.169259 0.292444 0.050000
v 1.169259 0.292444 -0.050000
v 1.150750 0.279891 0.050000
v 1.150750 0.279891 -0.050000
v 1.133907 0.268264 0.050000
v 1.133907 0.268264 -0.050000
v 1.119176 0.257866 0.050000
v 1.119176 0.257866 -0.050000
v 1.107000 0.249000 0.050000
v 1.107000 0.249000 -0.050000
v 1.098218 -0.183535 0.050000
v 1.098218 -0.183535 -0.050000
v 1.058912 -0.157694 0.050000
v 1.058912 -0.157694 -0.050000
v 1.021141 -0.130563 0.050000
v 1.021141 -0.130563 -0.050000
v 0.984963 -0.102222 0.050000
v 0.984963 -0.102222 -0.050000
v 0.950438 -0.072757 0.050000
v 0.950438 -0.072757 -0.050000
v 0.917625 -0.042250 0.050000
v 0.917625 -0.042250 -0.050000
v 0.886583 -0.010785 0.050000
v 0.886583 -0.010785 -0.050000
v 0.857370 0.021556 0.050000
v 0.857370 0.021556 -0.050000
v 0.830047 0.054687 0.050000
v 0.830047 0.054687 -0.050000
v 0.804671 0.088528 0.050000
v 0.804671 0.088528 -0.050000
v 0.781303 0.122993 0.050000
v 0.781303 0.122993 -0.050000
v 0.760000 0.158000 0.050000
v 0.760000 0.158000 -0.050000
v 0.712000 0.076000 0.050000
v 0.712000 0.076000 -0.050000
v 0.734585 0.042392 0.050000
v 0.734585 0.042392 -0.050000
v 0.759264 0.009134 0.050000
v 0.759264 0.009134 -0.050000
v 0.785922 -0.023672 0.050000
v 0.785922 -0.023672 -0.050000
v 0.814444 -0.055926 0.050000
v 0.814444 -0.055926 -0.050000
v 0.844717 -0.087527 0.050000
v 0.844717 -0.087527 -0.050000
v 0.876625 -0.118375 0.050000
v 0.876625 -0.118375 -0.050000
v 0.910054 -0.148369 0.050000
v 0.910054 -0.148369 -0.050000
v 0.944889 -0.177407 0.050000
v 0.944889 -0.177407 -0.050000
v 0.981016 -0.205391 0.050000
v 0.981016 -0.205391 -0.050000
v 1.018319 -0.232218 0.050000
v 1.018319 -0.232218 -0.050000
v 1.056686 -0.257788 0.050000
v 1.056686 -0.257788 -0.050000
v 1.096000 -0.282000 0.050000
v 1.096000 -0.282000 -0.050000
v 1.121974 -0.296261 0.050000
v 1.121974 -0.296261 -0.050000
v 1.149204 -0.310005 0.050000
v 1.149204 -0.310005 -0.050000
v 1.177406 -0.323172 0.050000
v 1.177406 -0.323172 -0.050000
v 1.206296 -0.335704 0.050000
v 1.206296 -0.335704 -0.050000
v 1.235589 -0.347541 0.050000
v 1.235589 -0.347541 -0.050000
v 1.265000 -0.358625 0.050000
v 1.265000 -0.358625 -0.050000
v 1.294244 -0.368896 0.050000
v 1.294244 -0.368896 -0.050000
v 1.323037 -0.378296 0.050000
v 1.323037 -0.378296 -0.050000
v 1.351094 -0.386766 0.050000
v 1.351094 -0.386766 -0.050000
v 1.378130 -0.394245 0.050000
v 1.378130 -0.394245 -0.050000
v 1.403860 -0.400677 0.050000
v 1.403860 -0.400677 -0.050000
v 1.428000 -0.406000 0.050000
v 1.428000 -0.406000 -0.050000
v 1.474000 -0.325000 0.050000
v 1.474000 -0.325000 -0.050000
v 1.446230 -0.319814 0.050000
v 1.446230 -0.319814 -0.050000
v 1.418005 -0.313764 0.050000
v 1.418005 -0.313764 -0.050000
v 1.389453 -0.306859 0.050000
v 1.389453 -0.306859 -0.050000
v 1.360704 -0.299111 0.050000
v 1.360704 -0.299111 -0.050000
v 1.331885 -0.290530 0.050000
v 1.331885 -0.290530 -0.050000
v 1.303125 -0.281125 0.050000
v 1.303125 -0.281125 -0.050000
v 1.274553 -0.270908 0.050000
v 1.274553 -0.270908 -0.050000
v 1.246296 -0.259889 0.050000
v 1.246296 -0.259889 -0.050000
v 1.218484 -0.248078 0.050000
v 1.218484 -0.248078 -0.050000
v 1.191245 -0.235486 0.050000
v 1.191245 -0.235486 -0.050000
v 1.164708 -0.222123 0.050000
v 1.164708 -0.222123 -0.050000
v 1.139000 -0.208000 0.050000
v 1.139000 -0.208000 -0.050000
v 1.301000 -0.040000 0.050000
v 1.301000 -0.040000 -0.050000
v 1.314437 -0.030334 0.050000
v 1.314437 -0.030334 -0.050000
v 1.329995 -0.019505 0.050000
v 1.329995 -0.019505 -0.050000
v 1.347297 -0.007766 0.050000
v 1.347297 -0.007766 -0.050000
v 1.365963 0.004630 0.050000
v 1.365963 0.004630 -0.050000
v 1.385615 0.017428 0.050000
v 1.385615 0.017428 -0.050000
v 1.405875 0.030375 0.050000
v 1.405875 0.030375 -0.050000
v 1.426364 0.043218 0.050000
v 1.426364 0.043218 -0.050000
v 1.446704 0.055704 0.050000
v 1.446704 0.055704 -0.050000
v 1.466516 0.067578 0.050000
v 1.466516 0.067578 -0.050000
v 1.485421 0.078588 0.050000
v 1.485421 0.078588 -0.050000
v 1.503042 0.088480 0.050000
v 1.503042 0.088480 -0.050000
v 1.519000 0.097000 0.050000
v 1.519000 0.097000 -0.050000
v 1.475000 0.165000 0.050000
v 1.475000 0.165000 -0.050000
v 1.459117 0.156233 0.050000
v 1.459117 0.156233 -0.050000
v 1.441273 0.146111 0.050000
v 1.441273 0.146111 -0.050000
v 1.421922 0.134906 0.050000
v 1.421922 0.134906 -0.050000
v 1.401518 0.122889 0.050000
v 1.401518 0.122889 -0.050000
v 1.380518 0.110330 0.050000
v 1.380518 0.110330 -0.050000
v 1.359375 0.097500 0.050000
v 1.359375 0.097500 -0.050000
v 1.338544 0.084670 0.050000
v 1.338544 0.084670 -0.050000
v 1.318481 0.072111 0.050000
v 1.318481 0.072111 -0.050000
v 1.299641 0.060094 0.050000
v 1.299641 0.060094 -0.050000
v 1.282477 0.048889 0.050000
v 1.282477 0.048889 -0.050000
v 1.267445 0.038767 0.050000
v 1.267445 0.038767 -0.050000
v 1.255000 0.030000 0.050000
v 1.255000 0.030000 -0.050000
v 0.359086 0.050000 0.050000
v 0.359086 0.050000 -0.050000
v 0.322852 0.050000 0.050000
v 0.322852 0.050000 -0.050000
v 0.277562 0.050000 0.050000
v 0.277562 0.050000 -0.050000
v 0.225481 0.050000 0.050000
v 0.225481 0.050000 -0.050000
v 0.168873 0.050000 0.050000
v 0.168873 0.050000 -0.050000
v 0.110000 0.050000 0.050000
v 0.110000 0.050000 -0.050000
v 0.051127 0.050000 0.050000
v 0.051127 0.050000 -0.050000
v -0.005482 0.050000 0.050000
v -0.005482 0.050000 -0.050000
v -0.057563 0.050000 0.050000
v -0.057563 0.050000 -0.050000
v -0.102852 0.050000 0.050000
v -0.102852 0.050000 -0.050000
v -0.139086 0.050000 0.050000
v -0.139086 0.050000 -0.050000
v -0.164000 0.050000 0.050000
v -0.164000 0.050000 -0.050000
v -0.176208 0.050060 0.050000
v -0.176208 0.050060 -0.050000
v -0.187833 0.050231 0.050000
v -0.187833 0.050231 -0.050000
v -0.198875 0.050500 0.050000
v -0.198875 0.050500 -0.050000
v -0.209333 0.050852 0.050000
v -0.209333 0.050852 -0.050000
v -0.219208 0.051273 0.050000
v -0.219208 0.051273 -0.050000
v -0.228500 0.051750 0.050000
v -0.228500 0.051750 -0.050000
v -0.237208 0.052269 0.050000
v -0.237208 0.052269 -0.050000
v -0.245333 0.052815 0.050000
v -0.245333 0.052815 -0.050000
v -0.252875 0.053375 0.050000
v -0.252875 0.053375 -0.050000
v -0.259833 0.053935 0.050000
v -0.259833 0.053935 -0.050000
v -0.266208 0.054481 0.050000
v -0.266208 0.054481 -0.050000
v -0.272000 0.055000 0.050000
v -0.272000 0.055000 -0.050000
v -0.272000 -0.043000 0.050000
v -0.272000 -0.043000 -0.050000
v -0.266553 -0.042692 0.050000
v -0.266553 -0.042692 -0.050000
v -0.260255 -0.042282 0.050000
v -0.260255 -0.042282 -0.050000
v -0.253172 -0.041797 0.050000
v -0.253172 -0.041797 -0.050000
v -0.245370 -0.041259 0.050000
v -0.245370 -0.041259 -0.050000
v -0.236916 -0.040694 0.050000
v -0.236916 -0.040694 -0.050000
v -0.227875 -0.040125 0.050000
v -0.227875 -0.040125 -0.050000
v -0.218313 -0.039577 0.050000
v -0.218313 -0.039577 -0.050000
v -0.208296 -0.039074 0.050000
v -0.208296 -0.039074 -0.050000
v -0.197891 -0.038641 0.050000
v -0.197891 -0.038641 -0.050000
v -0.187162 -0.038301 0.050000
v -0.187162 -0.038301 -0.050000
v -0.176177 -0.038079 0.050000
v -0.176177 -0.038079 -0.050000
v -0.165000 -0.038000 0.050000
v -0.165000 -0.038000 -0.050000
v -0.139875 -0.038000 0.050000
v -0.139875 -0.038000 -0.050000
v -0.103500 -0.038000 0.050000
v -0.103500 -0.038000 -0.050000
v -0.058125 -0.038000 0.050000
v -0.058125 -0.038000 -0.050000
v -0.006000 -0.038000 0.050000
v -0.006000 -0.038000 -0.050000
v 0.050625 -0.038000 0.050000
v 0.050625 -0.038000 -0.050000
v 0.109500 -0.038000 0.050000
v 0.109500 -0.038000 -0.050000
v 0.168375 -0.038000 0.050000
v 0.168375 -0.038000 -0.050000
v 0.225000 -0.038000 0.050000
v 0.225000 -0.038000 -0.050000
v 0.277125 -0.038000 0.050000
v 0.277125 -0.038000 -0.050000
v 0.322500 -0.038000 0.050000
v 0.322500 -0.038000 -0.050000
v 0.358875 -0.038000 0.050000
v 0.358875 -0.038000 -0.050000
v 0.384000 -0.038000 0.050000
v 0.384000 -0.038000 -0.050000
v 0.397697 -0.038041 0.050000
v 0.397697 -0.038041 -0.050000
v 0.411241 -0.038162 0.050000
v 0.411241 -0.038162 -0.050000
v 0.424563 -0.038359 0.050000
v 0.424563 -0.038359 -0.050000
v 0.437593 -0.038630 0.050000
v 0.437593 -0.038630 -0.050000
v 0.450262 -0.038969 0.050000
v 0.450262 -0.038969 -0.050000
v 0.462500 -0.039375 0.050000
v 0.462500 -0.039375 -0.050000
v 0.474238 -0.039843 0.050000
v 0.474238 -0.039843 -0.050000
v 0.485407 -0.040370 0.050000
v 0.485407 -0.040370 -0.050000
v 0.495937 -0.040953 0.050000
v 0.495937 -0.040953 -0.050000
v 0.505759 -0.041588 0.050000
v 0.505759 -0.041588 -0.050000
v 0.514803 -0.042271 0.050000
v 0.514803 -0.042271 -0.050000
v 0.523000 -0.043000 0.050000
v 0.523000 -0.043000 -0.050000
v 0.523000 0.055000 0.050000
v 0.523000 0.055000 -0.050000
v 0.515032 0.054481 0.050000
v 0.515032 0.054481 -0.050000
v 0.506176 0.053935 0.050000
v 0.506176 0.053935 -0.050000
v 0.496500 0.053375 0.050000
v 0.496500 0.053375 -0.050000
v 0.486074 0.052815 0.050000
v 0.486074 0.052815 -0.050000
v 0.474968 0.052269 0.050000
v 0.474968 0.052269 -0.050000
v 0.463250 0.051750 0.050000
v 0.463250 0.051750 -0.050000
v 0.450991 0.051273 0.050000
v 0.450991 0.051273 -0.050000
v 0.438259 0.050852 0.050000
v 0.438259 0.050852 -0.050000
v 0.425125 0.050500 0.050000
v 0.425125 0.050500 -0.050000
v 0.411657 0.050231 0.050000
v 0.411657 0.050231 -0.050000
v 0.397926 0.050060 0.050000
v 0.397926 0.050060 -0.050000
v 0.384000 0.050000 0.050000
v 0.384000 0.050000 -0.050000
v -0.794000 0.085000 0.050000
v -0.794000 0.085000 -0.050000
v -0.780010 0.099081 0.050000
v -0.780010 0.099081 -0.050000
v -0.763333 0.115065 0.050000
v -0.763333 0.115065 -0.050000
v -0.744406 0.132563 0.050000
v -0.744406 0.132563 -0.050000
v -0.723667 0.151185 0.050000
v -0.723667 0.151185 -0.050000
v -0.701552 0.170544 0.050000
v -0.701552 0.170544 -0.050000
v -0.678500 0.190250 0.050000
v -0.678500 0.190250 -0.050000
v -0.654948 0.209914 0.050000
v -0.654948 0.209914 -0.050000
v -0.631333 0.229148 0.050000
v -0.631333 0.229148 -0.050000
v -0.608094 0.247563 0.050000
v -0.608094 0.247563 -0.050000
v -0.585667 0.264769 0.050000
v -0.585667 0.264769 -0.050000
v -0.564490 0.280377 0.050000
v -0.564490 0.280377 -0.050000
v -0.545000 0.294000 0.050000
v -0.545000 0.294000 -0.050000
v -0.602000 0.355000 0.050000
v -0.602000 0.355000 -0.050000
v -0.620863 0.342123 0.050000
v -0.620863 0.342123 -0.050000
v -0.641653 0.327236 0.050000
v -0.641653 0.327236 -0.050000
v -0.663922 0.310703 0.050000
v -0.663922 0.310703 -0.050000
v -0.687222 0.292889 0.050000
v -0.687222 0.292889 -0.050000
v -0.711106 0.274158 0.050000
v -0.711106 0.274158 -0.050000
v -0.735125 0.254875 0.050000
v -0.735125 0.254875 -0.050000
v -0.758832 0.235405 0.050000
v -0.758832 0.235405 -0.050000
v -0.781778 0.216111 0.050000
v -0.781778 0.216111 -0.050000
v -0.803516 0.197359 0.050000
v -0.803516 0.197359 -0.050000
v -0.823597 0.179514 0.050000
v -0.823597 0.179514 -0.050000
v -0.841575 0.162939 0.050000
v -0.841575 0.162939 -0.050000
v -0.857000 0.148000 0.050000
v -0.857000 0.148000 -0.050000
v -0.953815 -0.143732 0.050000
v -0.953815 -0.143732 -0.050000
v -0.990185 -0.116602 0.050000
v -0.990185 -0.116602 -0.050000
v -1.025000 -0.087875 0.050000
v -1.025000 -0.087875 -0.050000
v -1.058148 -0.057815 0.050000
v -1.058148 -0.057815 -0.050000
v -1.089519 -0.026685 0.050000
v -1.089519 -0.026685 -0.050000
v -1.119000 0.005250 0.050000
v -1.119000 0.005250 -0.050000
v -1.146482 0.037727 0.050000
v -1.146482 0.037727 -0.050000
v -1.171852 0.070481 0.050000
v -1.171852 0.070481 -0.050000
v -1.195000 0.103250 0.050000
v -1.195000 0.103250 -0.050000
v -1.215815 0.135769 0.050000
v -1.215815 0.135769 -0.050000
v -1.234185 0.167773 0.050000
v -1.234185 0.167773 -0.050000
v -1.250000 0.199000 0.050000
v -1.250000 0.199000 -0.050000
v -1.298000 0.114000 0.050000
v -1.298000 0.114000 -0.050000
v -1.279988 0.082551 0.050000
v -1.279988 0.082551 -0.050000
v -1.259986 0.050824 0.050000
v -1.259986 0.050824 -0.050000
v -1.238047 0.019000 0.050000
v -1.238047 0.019000 -0.050000
v -1.214222 -0.012741 0.050000
v -1.214222 -0.012741 -0.050000
v -1.188564 -0.044218 0.050000
v -1.188564 -0.044218 -0.050000
v -1.161125 -0.075250 0.050000
v -1.161125 -0.075250 -0.050000
v -1.131957 -0.105657 0.050000
v -1.131957 -0.105657 -0.050000
v -1.101111 -0.135259 0.050000
v -1.101111 -0.135259 -0.050000
v -1.068641 -0.163875 0.050000
v -1.068641 -0.163875 -0.050000
v -1.034597 -0.191324 0.050000
v -1.034597 -0.191324 -0.050000
v -0.999033 -0.217426 0.050000
v -0.999033 -0.217426 -0.050000
v -0.962000 -0.242000 0.050000
v -0.962000 -0.242000 -0.050000
v -0.936431 -0.257692 0.050000
v -0.936431 -0.257692 -0.050000
v -0.909695 -0.273204 0.050000
v -0.909695 -0.273204 -0.050000
v -0.881750 -0.288438 0.050000
v -0.881750 -0.288438 -0.050000
v -0.852556 -0.303296 0.050000
v -0.852556 -0.303296 -0.050000
v -0.822070 -0.317683 0.050000
v -0.822070 -0.317683 -0.050000
v -0.790250 -0.331500 0.050000
v -0.790250 -0.331500 -0.050000
v -0.757056 -0.344651 0.050000
v -0.757056 -0.344651 -0.050000
v -0.722445 -0.357037 0.050000
v -0.722445 -0.357037 -0.050000
v -0.686375 -0.368563 0.050000
v -0.686375 -0.368563 -0.050000
v -0.648806 -0.379130 0.050000
v -0.648806 -0.379130 -0.050000
v -0.609694 -0.388641 0.050000
v -0.609694 -0.388641 -0.050000
v -0.569000 -0.397000 0.050000
v -0.569000 -0.397000 -0.050000
v -0.516000 -0.315000 0.050000
v -0.516000 -0.315000 -0.050000
v -0.558818 -0.307792 0.050000
v -0.558818 -0.307792 -0.050000
v -0.599796 -0.299255 0.050000
v -0.599796 -0.299255 -0.050000
v -0.638969 -0.289516 0.050000
v -0.638969 -0.289516 -0.050000
v -0.676370 -0.278704 0.050000
v -0.676370 -0.278704 -0.050000
v -0.712036 -0.266947 0.050000
v -0.712036 -0.266947 -0.050000
v -0.746000 -0.254375 0.050000
v -0.746000 -0.254375 -0.050000
v -0.778297 -0.241115 0.050000
v -0.778297 -0.241115 -0.050000
v -0.808963 -0.227296 0.050000
v -0.808963 -0.227296 -0.050000
v -0.838031 -0.213047 0.050000
v -0.838031 -0.213047 -0.050000
v -0.865537 -0.198495 0.050000
v -0.865537 -0.198495 -0.050000
v -0.891515 -0.183770 0.050000
v -0.891515 -0.183770 -0.050000
v -0.916000 -0.169000 0.050000
v -0.916000 -0.169000 -0.050000
v -1.514643 0.409856 0.050000
v -1.514643 0.409856 -0.050000
v -1.528477 0.398018 0.050000
v -1.528477 0.398018 -0.050000
v -1.542359 0.385625 0.050000
v -1.542359 0.385625 -0.050000
v -1.556148 0.372815 0.050000
v -1.556148 0.372815 -0.050000
v -1.569701 0.359727 0.050000
v -1.569701 0.359727 -0.050000
v -1.582875 0.346500 0.050000
v -1.582875 0.346500 -0.050000
v -1.595528 0.333273 0.050000
v -1.595528 0.333273 -0.050000
v -1.607518 0.320185 0.050000
v -1.607518 0.320185 -0.050000
v -1.618703 0.307375 0.050000
v -1.618703 0.307375 -0.050000
v -1.628940 0.294981 0.050000
v -1.628940 0.294981 -0.050000
v -1.638086 0.283144 0.050000
v -1.638086 0.283144 -0.050000
v -1.646000 0.272000 0.050000
v -1.646000 0.272000 -0.050000
v -1.585000 0.226000 0.050000
v -1.585000 0.226000 -0.050000
v -1.577566 0.237414 0.050000
v -1.577566 0.237414 -0.050000
v -1.568861 0.249565 0.050000
v -1.568861 0.249565 -0.050000
v -1.559031 0.262313 0.050000
v -1.559031 0.262313 -0.050000
v -1.548222 0.275519 0.050000
v -1.548222 0.275519 -0.050000
v -1.536580 0.289044 0.050000
v -1.536580 0.289044 -0.050000
v -1.524250 0.302750 0.050000
v -1.524250 0.302750 -0.050000
v -1.511379 0.316498 0.050000
v -1.511379 0.316498 -0.050000
v -1.498111 0.330148 0.050000
v -1.498111 0.330148 -0.050000
v -1.484594 0.343563 0.050000
v -1.484594 0.343563 -0.050000
v -1.470972 0.356602 0.050000
v -1.470972 0.356602 -0.050000
v -1.457392 0.369127 0.050000
v -1.457392 0.369127 -0.050000
v -1.444000 0.381000 0.050000
v -1.444000 0.381000 -0.050000
v -1.501000 0.421000 0.050000
v -1.501000 0.421000 -0.050000
v -1.869000 0.180000 0.050000
v -1.869000 0.180000 -0.050000
v -1.869000 0.265000 0.050000
v -1.869000 0.265000 -0.050000
v -1.767000 0.265000 0.050000
v -1.767000 0.265000 -0.050000
v -1.767000 0.180000 0.050000
v -1.767000 0.180000 -0.050000
v -2.036000 0.180000 0.050000
v -2.036000 0.180000 -0.050000
v -2.036000 0.265000 0.050000
v -2.036000 0.265000 -0.050000
v -1.930000 0.265000 0.050000
v -1.930000 0.265000 -0.050000
v -1.930000 0.180000 0.050000
v -1.930000 0.180000 -0.050000
v -2.211000 0.180000 0.050000
v -2.211000 0.180000 -0.050000
v -2.211000 0.265000 0.050000
v -2.211000 0.265000 -0.050000
v -2.097000 0.265000 0.050000
v -2.097000 0.265000 -0.050000
v -2.097000 0.180000 0.050000
v -2.097000 0.180000 -0.050000
v -1.871979 0.083251 0.050000
v -1.871979 0.083251 -0.050000
v -1.874912 0.087509 0.050000
v -1.874912 0.087509 -0.050000
v -1.877797 0.091781 0.050000
v -1.877797 0.091781 -0.050000
v -1.880630 0.096074 0.050000
v -1.880630 0.096074 -0.050000
v -1.883407 0.100395 0.050000
v -1.883407 0.100395 -0.050000
v -1.886125 0.104750 0.050000
v -1.886125 0.104750 -0.050000
v -1.888781 0.109147 0.050000
v -1.888781 0.109147 -0.050000
v -1.891370 0.113593 0.050000
v -1.891370 0.113593 -0.050000
v -1.893891 0.118094 0.050000
v -1.893891 0.118094 -0.050000
v -1.896338 0.122657 0.050000
v -1.896338 0.122657 -0.050000
v -1.898709 0.127291 0.050000
v -1.898709 0.127291 -0.050000
v -1.901000 0.132000 0.050000
v -1.901000 0.132000 -0.050000
v -1.700000 0.132000 0.050000
v -1.700000 0.132000 -0.050000
v -1.700000 0.313000 0.050000
v -1.700000 0.313000 -0.050000
v -1.869000 0.313000 0.050000
v -1.869000 0.313000 -0.050000
v -1.869000 0.369000 0.050000
v -1.869000 0.369000 -0.050000
v -1.667000 0.369000 0.050000
v -1.667000 0.369000 -0.050000
v -1.667000 0.424000 0.050000
v -1.667000 0.424000 -0.050000
v -2.312000 0.424000 0.050000
v -2.312000 0.424000 -0.050000
v -2.312000 0.369000 0.050000
v -2.312000 0.369000 -0.050000
v -2.097000 0.369000 0.050000
v -2.097000 0.369000 -0.050000
v -2.097000 0.313000 0.050000
v -2.097000 0.313000 -0.050000
v -2.280000 0.313000 0.050000
v -2.280000 0.313000 -0.050000
v -2.280000 0.132000 0.050000
v -2.280000 0.132000 -0.050000
v -1.973000 0.132000 0.050000
v -1.973000 0.132000 -0.050000
v -1.970960 0.127501 0.050000
v -1.970960 0.127501 -0.050000
v -1.968843 0.123005 0.050000
v -1.968843 0.123005 -0.050000
v -1.966656 0.118516 0.050000
v -1.966656 0.118516 -0.050000
v -1.964407 0.114037 0.050000
v -1.964407 0.114037 -0.050000
v -1.962103 0.109572 0.050000
v -1.962103 0.109572 -0.050000
v -1.959750 0.105125 0.050000
v -1.959750 0.105125 -0.050000
v -1.957355 0.100699 0.050000
v -1.957355 0.100699 -0.050000
v -1.954926 0.096296 0.050000
v -1.954926 0.096296 -0.050000
v -1.952469 0.091922 0.050000
v -1.952469 0.091922 -0.050000
v -1.949991 0.087579 0.050000
v -1.949991 0.087579 -0.050000
v -1.947499 0.083270 0.050000
v -1.947499 0.083270 -0.050000
v -1.945000 0.079000 0.050000
v -1.945000 0.079000 -0.050000
v -2.313000 0.079000 0.050000
v -2.313000 0.079000 -0.050000
v -2.313000 0.023000 0.050000
v -2.313000 0.023000 -0.050000
v -2.147000 0.023000 0.050000
v -2.147000 0.023000 -0.050000
v -2.165272 0.012136 0.050000
v -2.165272 0.012136 -0.050000
v -2.183514 0.001088 0.050000
v -2.183514 0.001088 -0.050000
v -2.201609 -0.010078 0.050000
v -2.201609 -0.010078 -0.050000
v -2.219445 -0.021296 0.050000
v -2.219445 -0.021296 -0.050000
v -2.236905 -0.032501 0.050000
v -2.236905 -0.032501 -0.050000
v -2.253875 -0.043625 0.050000
v -2.253875 -0.043625 -0.050000
v -2.270241 -0.054604 0.050000
v -2.270241 -0.054604 -0.050000
v -2.285889 -0.065370 0.050000
v -2.285889 -0.065370 -0.050000
v -2.300703 -0.075859 0.050000
v -2.300703 -0.075859 -0.050000
v -2.314569 -0.086005 0.050000
v -2.314569 -0.086005 -0.050000
v -2.327373 -0.095740 0.050000
v -2.327373 -0.095740 -0.050000
v -2.339000 -0.105000 0.050000
v -2.339000 -0.105000 -0.050000
v -2.297000 -0.150000 0.050000
v -2.297000 -0.150000 -0.050000
v -2.287822 -0.142299 0.050000
v -2.287822 -0.142299 -0.050000
v -2.277828 -0.134222 0.050000
v -2.277828 -0.134222 -0.050000
v -2.267078 -0.125813 0.050000
v -2.267078 -0.125813 -0.050000
v -2.255630 -0.117111 0.050000
v -2.255630 -0.117111 -0.050000
v -2.243542 -0.108160 0.050000
v -2.243542 -0.108160 -0.050000
v -2.230875 -0.099000 0.050000
v -2.230875 -0.099000 -0.050000
v -2.217687 -0.089674 0.050000
v -2.217687 -0.089674 -0.050000
v -2.204037 -0.080222 0.050000
v -2.204037 -0.080222 -0.050000
v -2.189984 -0.070688 0.050000
v -2.189984 -0.070688 -0.050000
v -2.175588 -0.061111 0.050000
v -2.175588 -0.061111 -0.050000
v -2.160907 -0.051535 0.050000
v -2.160907 -0.051535 -0.050000
v -2.146000 -0.042000 0.050000
v -2.146000 -0.042000 -0.050000
v -2.146000 -0.189000 0.050000
v -2.146000 -0.189000 -0.050000
v -1.849000 -0.189000 0.050000
v -1.849000 -0.189000 -0.050000
v -1.849000 -0.231000 0.050000
v -1.849000 -0.231000 -0.050000
v -1.849252 -0.237301 0.050000
v -1.849252 -0.237301 -0.050000
v -1.850102 -0.242745 0.050000
v -1.850102 -0.242745 -0.050000
v -1.851688 -0.247391 0.050000
v -1.851688 -0.247391 -0.050000
v -1.854148 -0.251296 0.050000
v -1.854148 -0.251296 -0.050000
v -1.857623 -0.254521 0.050000
v -1.857623 -0.254521 -0.050000
v -1.862250 -0.257125 0.050000
v -1.862250 -0.257125 -0.050000
v -1.868169 -0.259166 0.050000
v -1.868169 -0.259166 -0.050000
v -1.875519 -0.260704 0.050000
v -1.875519 -0.260704 -0.050000
v -1.884438 -0.261797 0.050000
v -1.884438 -0.261797 -0.050000
v -1.895065 -0.262505 0.050000
v -1.895065 -0.262505 -0.050000
v -1.907539 -0.262886 0.050000
v -1.907539 -0.262886 -0.050000
v -1.922000 -0.263000 0.050000
v -1.922000 -0.263000 -0.050000
v -1.931696 -0.263000 0.050000
v -1.931696 -0.263000 -0.050000
v -1.945732 -0.263000 0.050000
v -1.945732 -0.263000 -0.050000
v -1.963281 -0.263000 0.050000
v -1.963281 -0.263000 -0.050000
v -1.983519 -0.263000 0.050000
v -1.983519 -0.263000 -0.050000
v -2.005617 -0.263000 0.050000
v -2.005617 -0.263000 -0.050000
v -2.028750 -0.263000 0.050000
v -2.028750 -0.263000 -0.050000
v -2.052092 -0.263000 0.050000
v -2.052092 -0.263000 -0.050000
v -2.074815 -0.263000 0.050000
v -2.074815 -0.263000 -0.050000
v -2.096094 -0.263000 0.050000
v -2.096094 -0.263000 -0.050000
v -2.115102 -0.263000 0.050000
v -2.115102 -0.263000 -0.050000
v -2.131013 -0.263000 0.050000
v -2.131013 -0.263000 -0.050000
v -2.143000 -0.263000 0.050000
v -2.143000 -0.263000 -0.050000
v -2.153269 -0.262763 0.050000
v -2.153269 -0.262763 -0.050000
v -2.162153 -0.261940 0.050000
v -2.162153 -0.261940 -0.050000
v -2.169766 -0.260359 0.050000
v -2.169766 -0.260359 -0.050000
v -2.176222 -0.257852 0.050000
v -2.176222 -0.257852 -0.050000
v -2.181637 -0.254247 0.050000
v -2.181637 -0.254247 -0.050000
v -2.186125 -0.249375 0.050000
v -2.186125 -0.249375 -0.050000
v -2.189801 -0.243065 0.050000
v -2.189801 -0.243065 -0.050000
v -2.192778 -0.235148 0.050000
v -2.192778 -0.235148 -0.050000
v -2.195172 -0.225453 0.050000
v -2.195172 -0.225453 -0.050000
v -2.197097 -0.213810 0.050000
v -2.197097 -0.213810 -0.050000
v -2.198668 -0.200049 0.050000
v -2.198668 -0.200049 -0.050000
v -2.200000 -0.184000 0.050000
v -2.200000 -0.184000 -0.050000
v -2.203969 -0.186228 0.050000
v -2.203969 -0.186228 -0.050000
v -2.208329 -0.188407 0.050000
v -2.208329 -0.188407 -0.050000
v -2.213016 -0.190531 0.050000
v -2.213016 -0.190531 -0.050000
v -2.217963 -0.192593 0.050000
v -2.217963 -0.192593 -0.050000
v -2.223105 -0.194585 0.050000
v -2.223105 -0.194585 -0.050000
v -2.228375 -0.196500 0.050000
v -2.228375 -0.196500 -0.050000
v -2.233708 -0.198332 0.050000
v -2.233708 -0.198332 -0.050000
v -2.239037 -0.200074 0.050000
v -2.239037 -0.200074 -0.050000
v -2.244297 -0.201719 0.050000
v -2.244297 -0.201719 -0.050000
v -2.249421 -0.203259 0.050000
v -2.249421 -0.203259 -0.050000
v -2.254344 -0.204689 0.050000
v -2.254344 -0.204689 -0.050000
v -2.259000 -0.206000 0.050000
v -2.259000 -0.206000 -0.050000
v -2.256664 -0.226880 0.050000
v -2.256664 -0.226880 -0.050000
v -2.253561 -0.245125 0.050000
v -2.253561 -0.245125 -0.050000
v -2.249547 -0.260891 0.050000
v -2.249547 -0.260891 -0.050000
v -2.244482 -0.274333 0.050000
v -2.244482 -0.274333 -0.050000
v -2.238222 -0.285609 0.050000
v -2.238222 -0.285609 -0.050000
v -2.230625 -0.294875 0.050000
v -2.230625 -0.294875 -0.050000
v -2.221549 -0.302286 0.050000
v -2.221549 -0.302286 -0.050000
v -2.210852 -0.308000 0.050000
v -2.210852 -0.308000 -0.050000
v -2.198391 -0.312172 0.050000
v -2.198391 -0.312172 -0.050000
v -2.184023 -0.314958 0.050000
v -2.184023 -0.314958 -0.050000
v -2.167607 -0.316516 0.050000
v -2.167607 -0.316516 -0.050000
v -2.149000 -0.317000 0.050000
v -2.149000 -0.317000 -0.050000
v -2.139872 -0.317000 0.050000
v -2.139872 -0.317000 -0.050000
v -2.125227 -0.317000 0.050000
v -2.125227 -0.317000 -0.050000
v -2.106172 -0.317000 0.050000
v -2.106172 -0.317000 -0.050000
v -2.083815 -0.317000 0.050000
v -2.083815 -0.317000 -0.050000
v -2.059263 -0.317000 0.050000
v -2.059263 -0.317000 -0.050000
v -2.033625 -0.317000 0.050000
v -2.033625 -0.317000 -0.050000
v -2.008008 -0.317000 0.050000
v -2.008008 -0.317000 -0.050000
v -1.983518 -0.317000 0.050000
v -1.983518 -0.317000 -0.050000
v -1.961266 -0.317000 0.050000
v -1.961266 -0.317000 -0.050000
v -1.942356 -0.317000 0.050000
v -1.942356 -0.317000 -0.050000
v -1.927899 -0.317000 0.050000
v -1.927899 -0.317000 -0.050000
v -1.919000 -0.317000 0.050000
v -1.919000 -0.317000 -0.050000
v -1.893827 -0.316664 0.050000
v -1.893827 -0.316664 -0.050000
v -1.871699 -0.315565 0.050000
v -1.871699 -0.315565 -0.050000
v -1.852453 -0.313563 0.050000
v -1.852453 -0.313563 -0.050000
v -1.835926 -0.310519 0.050000
v -1.835926 -0.310519 -0.050000
v -1.821954 -0.306294 0.050000
v -1.821954 -0.306294 -0.050000
v -1.810375 -0.300750 0.050000
v -1.810375 -0.300750 -0.050000
v -1.801025 -0.293748 0.050000
v -1.801025 -0.293748 -0.050000
v -1.793741 -0.285148 0.050000
v -1.793741 -0.285148 -0.050000
v -1.788359 -0.274812 0.050000
v -1.788359 -0.274812 -0.050000
v -1.784718 -0.262602 0.050000
v -1.784718 -0.262602 -0.050000
v -1.782652 -0.248377 0.050000
v -1.782652 -0.248377 -0.050000
v -1.782000 -0.232000 0.050000
v -1.782000 -0.232000 -0.050000
v -1.782000 -0.089000 0.050000
v -1.782000 -0.089000 -0.050000
v -1.773959 -0.094457 0.050000
v -1.773959 -0.094457 -0.050000
v -1.765838 -0.099824 0.050000
v -1.765838 -0.099824 -0.050000
v -1.757640 -0.105094 0.050000
v -1.757640 -0.105094 -0.050000
v -1.749370 -0.110259 0.050000
v -1.749370 -0.110259 -0.050000
v -1.741031 -0.115314 0.050000
v -1.741031 -0.115314 -0.050000
v -1.732625 -0.120250 0.050000
v -1.732625 -0.120250 -0.050000
v -1.724157 -0.125061 0.050000
v -1.724157 -0.125061 -0.050000
v -1.715630 -0.129741 0.050000
v -1.715630 -0.129741 -0.050000
v -1.707047 -0.134281 0.050000
v -1.707047 -0.134281 -0.050000
v -1.698412 -0.138676 0.050000
v -1.698412 -0.138676 -0.050000
v -1.689729 -0.142918 0.050000
v -1.689729 -0.142918 -0.050000
v -1.681000 -0.147000 0.050000
v -1.681000 -0.147000 -0.050000
v -1.678202 -0.143534 0.050000
v -1.678202 -0.143534 -0.050000
v -1.674866 -0.139690 0.050000
v -1.674866 -0.139690 -0.050000
v -1.671078 -0.135547 0.050000
v -1.671078 -0.135547 -0.050000
v -1.666926 -0.131185 0.050000
v -1.666926 -0.131185 -0.050000
v -1.662496 -0.126685 0.050000
v -1.662496 -0.126685 -0.050000
v -1.657875 -0.122125 0.050000
v -1.657875 -0.122125 -0.050000
v -1.653150 -0.117586 0.050000
v -1.653150 -0.117586 -0.050000
v -1.648407 -0.113148 0.050000
v -1.648407 -0.113148 -0.050000
v -1.643734 -0.108891 0.050000
v -1.643734 -0.108891 -0.050000
v -1.639218 -0.104894 0.050000
v -1.639218 -0.104894 -0.050000
v -1.634944 -0.101237 0.050000
v -1.634944 -0.101237 -0.050000
v -1.631000 -0.098000 0.050000
v -1.631000 -0.098000 -0.050000
v -1.648851 -0.090501 0.050000
v -1.648851 -0.090501 -0.050000
v -1.666389 -0.082509 0.050000
v -1.666389 -0.082509 -0.050000
v -1.683594 -0.074031 0.050000
v -1.683594 -0.074031 -0.050000
v -1.700444 -0.065074 0.050000
v -1.700444 -0.065074 -0.050000
v -1.716920 -0.055645 0.050000
v -1.716920 -0.055645 -0.050000
v -1.733000 -0.045750 0.050000
v -1.733000 -0.045750 -0.050000
v -1.748663 -0.035397 0.050000
v -1.748663 -0.035397 -0.050000
v -1.763889 -0.024593 0.050000
v -1.763889 -0.024593 -0.050000
v -1.778656 -0.013344 0.050000
v -1.778656 -0.013344 -0.050000
v -1.792944 -0.001657 0.050000
v -1.792944 -0.001657 -0.050000
v -1.806733 0.010459 0.050000
v -1.806733 0.010459 -0.050000
v -1.820000 0.023000 0.050000
v -1.820000 0.023000 -0.050000
v -1.672000 0.023000 0.050000
v -1.672000 0.023000 -0.050000
v -1.672000 0.079000 0.050000
v -1.672000 0.079000 -0.050000
v -1.869000 0.079000 0.050000
v -1.869000 0.079000 -0.050000
v -2.036000 0.369000 0.050000
v -2.036000 0.369000 -0.050000
v -1.930000 0.369000 0.050000
v -1.930000 0.369000 -0.050000
v -1.930000 0.313000 0.050000
v -1.930000 0.313000 -0.050000
v -2.036000 0.313000 0.050000
v -2.036000 0.313000 -0.050000
v -2.134000 -0.034000 0.050000
v -2.134000 -0.034000 -0.050000
v -2.126001 -0.029002 0.050000
v -2.126001 -0.029002 -0.050000
v -2.118009 -0.024014 0.050000
v -2.118009 -0.024014 -0.050000
v -2.110031 -0.019047 0.050000
v -2.110031 -0.019047 -0.050000
v -2.102074 -0.014111 0.050000
v -2.102074 -0.014111 -0.050000
v -2.094145 -0.009217 0.050000
v -2.094145 -0.009217 -0.050000
v -2.086250 -0.004375 0.050000
v -2.086250 -0.004375 -0.050000
v -2.078397 0.000405 0.050000
v -2.078397 0.000405 -0.050000
v -2.070593 0.005111 0.050000
v -2.070593 0.005111 -0.050000
v -2.062844 0.009734 0.050000
v -2.062844 0.009734 -0.050000
v -2.055157 0.014264 0.050000
v -2.055157 0.014264 -0.050000
v -2.047540 0.018689 0.050000
v -2.047540 0.018689 -0.050000
v -2.040000 0.023000 0.050000
v -2.040000 0.023000 -0.050000
v -1.905000 0.023000 0.050000
v -1.905000 0.023000 -0.050000
v -1.900959 0.018021 0.050000
v -1.900959 0.018021 -0.050000
v -1.896838 0.013083 0.050000
v -1.896838 0.013083 -0.050000
v -1.892641 0.008188 0.050000
v -1.892641 0.008187 -0.050000
v -1.888370 0.003333 0.050000
v -1.888370 0.003333 -0.050000
v -1.884031 -0.001479 0.050000
v -1.884031 -0.001479 -0.050000
v -1.879625 -0.006250 0.050000
v -1.879625 -0.006250 -0.050000
v -1.875157 -0.010979 0.050000
v -1.875157 -0.010979 -0.050000
v -1.870630 -0.015667 0.050000
v -1.870630 -0.015667 -0.050000
v -1.866047 -0.020313 0.050000
v -1.866047 -0.020313 -0.050000
v -1.861412 -0.024917 0.050000
v -1.861412 -0.024917 -0.050000
v -1.856729 -0.029479 0.050000
v -1.856729 -0.029479 -0.050000
v -1.852000 -0.034000 0.050000
v -1.852000 -0.034000 -0.050000
v -2.082000 -0.143000 0.050000
v -2.082000 -0.143000 -0.050000
v -2.082000 -0.080000 0.050000
v -2.082000 -0.080000 -0.050000
v -1.849000 -0.080000 0.050000
v -1.849000 -0.080000 -0.050000
v -1.849000 -0.143000 0.050000
v -1.849000 -0.143000 -0.050000
v -1.631048 -0.282892 0.050000
v -1.631048 -0.282892 -0.050000
v -1.636218 -0.286056 0.050000
v -1.636218 -0.286056 -0.050000
v -1.641547 -0.289469 0.050000
v -1.641547 -0.289469 -0.050000
v -1.647074 -0.293111 0.050000
v -1.647074 -0.293111 -0.050000
v -1.652838 -0.296962 0.050000
v -1.652838 -0.296962 -0.050000
v -1.658875 -0.301000 0.050000
v -1.658875 -0.301000 -0.050000
v -1.665225 -0.305205 0.050000
v -1.665225 -0.305205 -0.050000
v -1.671926 -0.309556 0.050000
v -1.671926 -0.309556 -0.050000
v -1.679016 -0.314031 0.050000
v -1.679016 -0.314031 -0.050000
v -1.686532 -0.318611 0.050000
v -1.686532 -0.318611 -0.050000
v -1.694515 -0.323274 0.050000
v -1.694515 -0.323274 -0.050000
v -1.703000 -0.328000 0.050000
v -1.703000 -0.328000 -0.050000
v -1.719729 -0.336389 0.050000
v -1.719729 -0.336389 -0.050000
v -1.737417 -0.343611 0.050000
v -1.737417 -0.343611 -0.050000
v -1.756063 -0.349750 0.050000
v -1.756063 -0.349750 -0.050000
v -1.775667 -0.354889 0.050000
v -1.775667 -0.354889 -0.050000
v -1.796229 -0.359111 0.050000
v -1.796229 -0.359111 -0.050000
v -1.817750 -0.362500 0.050000
v -1.817750 -0.362500 -0.050000
v -1.840229 -0.365139 0.050000
v -1.840229 -0.365139 -0.050000
v -1.863667 -0.367111 0.050000
v -1.863667 -0.367111 -0.050000
v -1.888063 -0.368500 0.050000
v -1.888063 -0.368500 -0.050000
v -1.913417 -0.369389 0.050000
v -1.913417 -0.369389 -0.050000
v -1.939729 -0.369861 0.050000
v -1.939729 -0.369861 -0.050000
v -1.967000 -0.370000 0.050000
v -1.967000 -0.370000 -0.050000
v -1.997158 -0.369856 0.050000
v -1.997158 -0.369856 -0.050000
v -2.028431 -0.369431 0.050000
v -2.028431 -0.369431 -0.050000
v -2.060516 -0.368734 0.050000
v -2.060516 -0.368734 -0.050000
v -2.093111 -0.367778 0.050000
v -2.093111 -0.367778 -0.050000
v -2.125915 -0.366571 0.050000
v -2.125915 -0.366571 -0.050000
v -2.158625 -0.365125 0.050000
v -2.158625 -0.365125 -0.050000
v -2.190939 -0.363450 0.050000
v -2.190939 -0.363450 -0.050000
v -2.222556 -0.361556 0.050000
v -2.222556 -0.361556 -0.050000
v -2.253172 -0.359453 0.050000
v -2.253172 -0.359453 -0.050000
v -2.282486 -0.357153 0.050000
v -2.282486 -0.357153 -0.050000
v -2.310196 -0.354665 0.050000
v -2.310196 -0.354665 -0.050000
v -2.336000 -0.352000 0.050000
v -2.336000 -0.352000 -0.050000
v -2.333925 -0.357316 0.050000
v -2.333925 -0.357316 -0.050000
v -2.331736 -0.363194 0.050000
v -2.331736 -0.363194 -0.050000
v -2.329484 -0.369531 0.050000
v -2.329484 -0.369531 -0.050000
v -2.327222 -0.376222 0.050000
v -2.327222 -0.376222 -0.050000
v -2.325002 -0.383163 0.050000
v -2.325002 -0.383163 -0.050000
v -2.322875 -0.390250 0.050000
v -2.322875 -0.390250 -0.050000
v -2.320894 -0.397378 0.050000
v -2.320894 -0.397378 -0.050000
v -2.319111 -0.404444 0.050000
v -2.319111 -0.404444 -0.050000
v -2.317578 -0.411344 0.050000
v -2.317578 -0.411344 -0.050000
v -2.316347 -0.417972 0.050000
v -2.316347 -0.417972 -0.050000
v -2.315470 -0.424226 0.050000
v -2.315470 -0.424226 -0.050000
v -2.315000 -0.430000 0.050000
v -2.315000 -0.430000 -0.050000
v -2.294670 -0.431037 0.050000
v -2.294670 -0.431037 -0.050000
v -2.270607 -0.432130 0.050000
v -2.270607 -0.432130 -0.050000
v -2.243453 -0.433250 0.050000
v -2.243453 -0.433250 -0.050000
v -2.213852 -0.434370 0.050000
v -2.213852 -0.434370 -0.050000
v -2.182445 -0.435463 0.050000
v -2.182445 -0.435463 -0.050000
v -2.149875 -0.436500 0.050000
v -2.149875 -0.436500 -0.050000
v -2.116784 -0.437454 0.050000
v -2.116784 -0.437454 -0.050000
v -2.083815 -0.438296 0.050000
v -2.083815 -0.438296 -0.050000
v -2.051610 -0.439000 0.050000
v -2.051610 -0.439000 -0.050000
v -2.020810 -0.439537 0.050000
v -2.020810 -0.439537 -0.050000
v -1.992060 -0.439880 0.050000
v -1.992060 -0.439880 -0.050000
v -1.966000 -0.440000 0.050000
v -1.966000 -0.440000 -0.050000
v -1.936218 -0.439780 0.050000
v -1.936218 -0.439780 -0.050000
v -1.907829 -0.439074 0.050000
v -1.907829 -0.439074 -0.050000
v -1.880766 -0.437813 0.050000
v -1.880766 -0.437813 -0.050000
v -1.854963 -0.435926 0.050000
v -1.854963 -0.435926 -0.050000
v -1.830355 -0.433345 0.050000
v -1.830355 -0.433345 -0.050000
v -1.806875 -0.430000 0.050000
v -1.806875 -0.430000 -0.050000
v -1.784458 -0.425822 0.050000
v -1.784458 -0.425822 -0.050000
v -1.763037 -0.420741 0.050000
v -1.763037 -0.420741 -0.050000
v -1.742547 -0.414688 0.050000
v -1.742547 -0.414688 -0.050000
v -1.722921 -0.407593 0.050000
v -1.722921 -0.407593 -0.050000
v -1.704094 -0.399387 0.050000
v -1.704094 -0.399387 -0.050000
v -1.686000 -0.390000 0.050000
v -1.686000 -0.390000 -0.050000
v -1.675439 -0.383876 0.050000
v -1.675439 -0.383876 -0.050000
v -1.665264 -0.377593 0.050000
v -1.665264 -0.377593 -0.050000
v -1.655484 -0.371281 0.050000
v -1.655484 -0.371281 -0.050000
v -1.646111 -0.365074 0.050000
v -1.646111 -0.365074 -0.050000
v -1.637155 -0.359103 0.050000
v -1.637155 -0.359103 -0.050000
v -1.628625 -0.353500 0.050000
v -1.628625 -0.353500 -0.050000
v -1.620533 -0.348397 0.050000
v -1.620533 -0.348397 -0.050000
v -1.612889 -0.343926 0.050000
v -1.612889 -0.343926 -0.050000
v -1.605703 -0.340219 0.050000
v -1.605703 -0.340219 -0.050000
v -1.598986 -0.337407 0.050000
v -1.598986 -0.337407 -0.050000
v -1.592748 -0.335624 0.050000
v -1.592748 -0.335624 -0.050000
v -1.587000 -0.335000 0.050000
v -1.587000 -0.335000 -0.050000
v -1.578486 -0.336137 0.050000
v -1.578486 -0.336137 -0.050000
v -1.569472 -0.339431 0.050000
v -1.569472 -0.339431 -0.050000
v -1.560000 -0.344703 0.050000
v -1.560000 -0.344703 -0.050000
v -1.550111 -0.351778 0.050000
v -1.550111 -0.351778 -0.050000
v -1.539847 -0.360477 0.050000
v -1.539847 -0.360477 -0.050000
v -1.529250 -0.370625 0.050000
v -1.529250 -0.370625 -0.050000
v -1.518361 -0.382043 0.050000
v -1.518361 -0.382043 -0.050000
v -1.507222 -0.394556 0.050000
v -1.507222 -0.394556 -0.050000
v -1.495875 -0.407984 0.050000
v -1.495875 -0.407984 -0.050000
v -1.484361 -0.422153 0.050000
v -1.484361 -0.422153 -0.050000
v -1.472722 -0.436884 0.050000
v -1.472722 -0.436884 -0.050000
v -1.461000 -0.452000 0.050000
v -1.461000 -0.452000 -0.050000
v -1.412000 -0.383000 0.050000
v -1.412000 -0.383000 -0.050000
v -1.424705 -0.370028 0.050000
v -1.424705 -0.370028 -0.050000
v -1.437310 -0.357639 0.050000
v -1.437310 -0.357639 -0.050000
v -1.449797 -0.345875 0.050000
v -1.449797 -0.345875 -0.050000
v -1.462148 -0.334778 0.050000
v -1.462148 -0.334778 -0.050000
v -1.474347 -0.324389 0.050000
v -1.474347 -0.324389 -0.050000
v -1.486375 -0.314750 0.050000
v -1.486375 -0.314750 -0.050000
v -1.498216 -0.305903 0.050000
v -1.498216 -0.305903 -0.050000
v -1.509852 -0.297889 0.050000
v -1.509852 -0.297889 -0.050000
v -1.521266 -0.290750 0.050000
v -1.521266 -0.290750 -0.050000
v -1.532440 -0.284528 0.050000
v -1.532440 -0.284528 -0.050000
v -1.543357 -0.279264 0.050000
v -1.543357 -0.279264 -0.050000
v -1.554000 -0.275000 0.050000
v -1.554000 -0.275000 -0.050000
v -1.554000 0.006000 0.050000
v -1.554000 0.006000 -0.050000
v -1.418000 0.006000 0.050000
v -1.418000 0.006000 -0.050000
v -1.418000 0.076000 0.050000
v -1.418000 0.076000 -0.050000
v -1.626000 0.076000 0.050000
v -1.626000 0.076000 -0.050000
v -1.626000 -0.280000 0.050000
v -1.626000 -0.280000 -0.050000
v -2.753357 0.389521 0.050000
v -2.753357 0.389521 -0.050000
v -2.744440 0.386088 0.050000
v -2.744440 0.386088 -0.050000
v -2.735265 0.382703 0.050000
v -2.735265 0.382703 -0.050000
v -2.725852 0.379370 0.050000
v -2.725852 0.379370 -0.050000
v -2.716216 0.376093 0.050000
v -2.716216 0.376093 -0.050000
v -2.706375 0.372875 0.050000
v -2.706375 0.372875 -0.050000
v -2.696347 0.369719 0.050000
v -2.696347 0.369719 -0.050000
v -2.686148 0.366630 0.050000
v -2.686148 0.366630 -0.050000
v -2.675797 0.363609 0.050000
v -2.675797 0.363609 -0.050000
v -2.665310 0.360662 0.050000
v -2.665310 0.360662 -0.050000
v -2.654706 0.357791 0.050000
v -2.654706 0.357791 -0.050000
v -2.644000 0.355000 0.050000
v -2.644000 0.355000 -0.050000
v -2.644000 0.175000 0.050000
v -2.644000 0.175000 -0.050000
v -2.767000 0.175000 0.050000
v -2.767000 0.175000 -0.050000
v -2.767000 0.105000 0.050000
v -2.767000 0.105000 -0.050000
v -2.644000 0.105000 0.050000
v -2.644000 0.105000 -0.050000
v -2.644000 0.082000 0.050000
v -2.644000 0.082000 -0.050000
v -2.651308 0.073585 0.050000
v -2.651308 0.073585 -0.050000
v -2.660467 0.062681 0.050000
v -2.660467 0.062681 -0.050000
v -2.671078 0.049797 0.050000
v -2.671078 0.049797 -0.050000
v -2.682741 0.035444 0.050000
v -2.682741 0.035444 -0.050000
v -2.695056 0.020134 0.050000
v -2.695056 0.020134 -0.050000
v -2.707625 0.004375 0.050000
v -2.707625 0.004375 -0.050000
v -2.720048 -0.011321 0.050000
v -2.720048 -0.011321 -0.050000
v -2.731926 -0.026444 0.050000
v -2.731926 -0.026444 -0.050000
v -2.742860 -0.040484 0.050000
v -2.742860 -0.040484 -0.050000
v -2.752449 -0.052931 0.050000
v -2.752449 -0.052931 -0.050000
v -2.760296 -0.063273 0.050000
v -2.760296 -0.063273 -0.050000
v -2.766000 -0.071000 0.050000
v -2.766000 -0.071000 -0.050000
v -2.722000 -0.131000 0.050000
v -2.722000 -0.131000 -0.050000
v -2.718078 -0.122940 0.050000
v -2.718078 -0.122940 -0.050000
v -2.713375 -0.113856 0.050000
v -2.713375 -0.113856 -0.050000
v -2.707984 -0.103891 0.050000
v -2.707984 -0.103891 -0.050000
v -2.702000 -0.093185 0.050000
v -2.702000 -0.093185 -0.050000
v -2.695516 -0.081883 0.050000
v -2.695516 -0.081883 -0.050000
v -2.688625 -0.070125 0.050000
v -2.688625 -0.070125 -0.050000
v -2.681422 -0.058055 0.050000
v -2.681422 -0.058055 -0.050000
v -2.674000 -0.045815 0.050000
v -2.674000 -0.045815 -0.050000
v -2.666453 -0.033547 0.050000
v -2.666453 -0.033547 -0.050000
v -2.658875 -0.021394 0.050000
v -2.658875 -0.021394 -0.050000
v -2.651359 -0.009497 0.050000
v -2.651359 -0.009497 -0.050000
v -2.644000 0.002000 0.050000
v -2.644000 0.002000 -0.050000
v -2.644000 -0.459000 0.050000
v -2.644000 -0.459000 -0.050000
v -2.574000 -0.459000 0.050000
v -2.574000 -0.459000 -0.050000
v -2.574000 -0.013000 0.050000
v -2.574000 -0.013000 -0.050000
v -2.564797 -0.038707 0.050000
v -2.564797 -0.038707 -0.050000
v -2.555213 -0.064241 0.050000
v -2.555213 -0.064241 -0.050000
v -2.545281 -0.089469 0.050000
v -2.545281 -0.089469 -0.050000
v -2.535037 -0.114259 0.050000
v -2.535037 -0.114259 -0.050000
v -2.524515 -0.138480 0.050000
v -2.524515 -0.138480 -0.050000
v -2.513750 -0.162000 0.050000
v -2.513750 -0.162000 -0.050000
v -2.502777 -0.184686 0.050000
v -2.502777 -0.184686 -0.050000
v -2.491630 -0.206407 0.050000
v -2.491630 -0.206407 -0.050000
v -2.480344 -0.227031 0.050000
v -2.480344 -0.227031 -0.050000
v -2.468954 -0.246426 0.050000
v -2.468954 -0.246426 -0.050000
v -2.457494 -0.264459 0.050000
v -2.457494 -0.264459 -0.050000
v -2.446000 -0.281000 0.050000
v -2.446000 -0.281000 -0.050000
v -2.443800 -0.275575 0.050000
v -2.443800 -0.275575 -0.050000
v -2.441240 -0.269847 0.050000
v -2.441240 -0.269847 -0.050000
v -2.438375 -0.263891 0.050000
v -2.438375 -0.263891 -0.050000
v -2.435259 -0.257778 0.050000
v -2.435259 -0.257778 -0.050000
v -2.431949 -0.251582 0.050000
v -2.431949 -0.251582 -0.050000
v -2.428500 -0.245375 0.050000
v -2.428500 -0.245375 -0.050000
v -2.424967 -0.239231 0.050000
v -2.424967 -0.239231 -0.050000
v -2.421407 -0.233222 0.050000
v -2.421407 -0.233222 -0.050000
v -2.417875 -0.227422 0.050000
v -2.417875 -0.227422 -0.050000
v -2.414426 -0.221903 0.050000
v -2.414426 -0.221903 -0.050000
v -2.411116 -0.216738 0.050000
v -2.411116 -0.216738 -0.050000
v -2.408000 -0.212000 0.050000
v -2.408000 -0.212000 -0.050000
v -2.422067 -0.192815 0.050000
v -2.422067 -0.192815 -0.050000
v -2.436200 -0.171435 0.050000
v -2.436200 -0.171435 -0.050000
v -2.450298 -0.148125 0.050000
v -2.450298 -0.148125 -0.050000
v -2.464260 -0.123148 0.050000
v -2.464260 -0.123148 -0.050000
v -2.477986 -0.096769 0.050000
v -2.477986 -0.096769 -0.050000
v -2.491375 -0.069250 0.050000
v -2.491375 -0.069250 -0.050000
v -2.504327 -0.040856 0.050000
v -2.504327 -0.040857 -0.050000
v -2.516741 -0.011852 0.050000
v -2.516741 -0.011852 -0.050000
v -2.528516 0.017500 0.050000
v -2.528516 0.017500 -0.050000
v -2.539551 0.046935 0.050000
v -2.539551 0.046935 -0.050000
v -2.549746 0.076190 0.050000
v -2.549746 0.076190 -0.050000
v -2.559000 0.105000 0.050000
v -2.559000 0.105000 -0.050000
v -2.422000 0.105000 0.050000
v -2.422000 0.105000 -0.050000
v -2.422000 0.175000 0.050000
v -2.422000 0.175000 -0.050000
v -2.574000 0.175000 0.050000
v -2.574000 0.175000 -0.050000
v -2.574000 0.338000 0.050000
v -2.574000 0.338000 -0.050000
v -2.563751 0.335791 0.050000
v -2.563751 0.335791 -0.050000
v -2.553514 0.333662 0.050000
v -2.553514 0.333662 -0.050000
v -2.543297 0.331609 0.050000
v -2.543297 0.331609 -0.050000
v -2.533111 0.329630 0.050000
v -2.533111 0.329630 -0.050000
v -2.522967 0.327719 0.050000
v -2.522967 0.327719 -0.050000
v -2.512875 0.325875 0.050000
v -2.512875 0.325875 -0.050000
v -2.502845 0.324093 0.050000
v -2.502845 0.324093 -0.050000
v -2.492889 0.322370 0.050000
v -2.492889 0.322370 -0.050000
v -2.483016 0.320703 0.050000
v -2.483016 0.320703 -0.050000
v -2.473236 0.319088 0.050000
v -2.473236 0.319088 -0.050000
v -2.463561 0.317521 0.050000
v -2.463561 0.317521 -0.050000
v -2.454000 0.316000 0.050000
v -2.454000 0.316000 -0.050000
v -2.453108 0.320178 0.050000
v -2.453108 0.320178 -0.050000
v -2.451953 0.324671 0.050000
v -2.451953 0.324671 -0.050000
v -2.450562 0.329422 0.050000
v -2.450562 0.329422 -0.050000
v -2.448962 0.334370 0.050000
v -2.448962 0.334370 -0.050000
v -2.447182 0.339458 0.050000
v -2.447182 0.339458 -0.050000
v -2.445250 0.344625 0.050000
v -2.445250 0.344625 -0.050000
v -2.443192 0.349813 0.050000
v -2.443192 0.349813 -0.050000
v -2.441037 0.354963 0.050000
v -2.441037 0.354963 -0.050000
v -2.438812 0.360016 0.050000
v -2.438812 0.360016 -0.050000
v -2.436546 0.364912 0.050000
v -2.436546 0.364912 -0.050000
v -2.434266 0.369593 0.050000
v -2.434266 0.369593 -0.050000
v -2.432000 0.374000 0.050000
v -2.432000 0.374000 -0.050000
v -2.457296 0.378954 0.050000
v -2.457296 0.378954 -0.050000
v -2.483032 0.384296 0.050000
v -2.483032 0.384296 -0.050000
v -2.508985 0.390000 0.050000
v -2.508985 0.390000 -0.050000
v -2.534926 0.396037 0.050000
v -2.534926 0.396037 -0.050000
v -2.560632 0.402380 0.050000
v -2.560632 0.402380 -0.050000
v -2.585875 0.409000 0.050000
v -2.585875 0.409000 -0.050000
v -2.610431 0.415870 0.050000
v -2.610431 0.415870 -0.050000
v -2.634074 0.422963 0.050000
v -2.634074 0.422963 -0.050000
v -2.656578 0.430250 0.050000
v -2.656578 0.430250 -0.050000
v -2.677718 0.437704 0.050000
v -2.677718 0.437704 -0.050000
v -2.697267 0.445296 0.050000
v -2.697267 0.445296 -0.050000
v -2.715000 0.453000 0.050000
v -2.715000 0.453000 -0.050000
v -2.762000 0.393000 0.050000
v -2.762000 0.393000 -0.050000
v -2.949615 0.243050 0.050000
v -2.949615 0.243050 -0.050000
v -2.958421 0.237732 0.050000
v -2.958421 0.237732 -0.050000
v -2.967359 0.232094 0.050000
v -2.967359 0.232094 -0.050000
v -2.976370 0.226185 0.050000
v -2.976370 0.226185 -0.050000
v -2.985395 0.220054 0.050000
v -2.985395 0.220054 -0.050000
v -2.994375 0.213750 0.050000
v -2.994375 0.213750 -0.050000
v -3.003251 0.207321 0.050000
v -3.003251 0.207321 -0.050000
v -3.011963 0.200815 0.050000
v -3.011963 0.200815 -0.050000
v -3.020453 0.194281 0.050000
v -3.020453 0.194281 -0.050000
v -3.028662 0.187769 0.050000
v -3.028662 0.187769 -0.050000
v -3.036531 0.181325 0.050000
v -3.036531 0.181325 -0.050000
v -3.044000 0.175000 0.050000
v -3.044000 0.175000 -0.050000
v -3.056851 0.184126 0.050000
v -3.056851 0.184126 -0.050000
v -3.069389 0.193505 0.050000
v -3.069389 0.193505 -0.050000
v -3.081594 0.203141 0.050000
v -3.081594 0.203141 -0.050000
v -3.093444 0.213037 0.050000
v -3.093444 0.213037 -0.050000
v -3.104920 0.223197 0.050000
v -3.104920 0.223197 -0.050000
v -3.116000 0.233625 0.050000
v -3.116000 0.233625 -0.050000
v -3.126663 0.244323 0.050000
v -3.126663 0.244323 -0.050000
v -3.136889 0.255296 0.050000
v -3.136889 0.255296 -0.050000
v -3.146656 0.266547 0.050000
v -3.146656 0.266547 -0.050000
v -3.155945 0.278079 0.050000
v -3.155945 0.278079 -0.050000
v -3.164733 0.289895 0.050000
v -3.164733 0.289895 -0.050000
v -3.173000 0.302000 0.050000
v -3.173000 0.302000 -0.050000
v -2.964000 0.302000 0.050000
v -2.964000 0.302000 -0.050000
v -2.952603 0.292043 0.050000
v -2.952603 0.292043 -0.050000
v -2.940907 0.282181 0.050000
v -2.940907 0.282181 -0.050000
v -2.928906 0.272422 0.050000
v -2.928906 0.272422 -0.050000
v -2.916593 0.262778 0.050000
v -2.916593 0.262778 -0.050000
v -2.903960 0.253259 0.050000
v -2.903960 0.253259 -0.050000
v -2.891000 0.243875 0.050000
v -2.891000 0.243875 -0.050000
v -2.877707 0.234637 0.050000
v -2.877707 0.234637 -0.050000
v -2.864074 0.225556 0.050000
v -2.864074 0.225556 -0.050000
v -2.850094 0.216641 0.050000
v -2.850094 0.216641 -0.050000
v -2.835759 0.207903 0.050000
v -2.835759 0.207903 -0.050000
v -2.821064 0.199352 0.050000
v -2.821064 0.199352 -0.050000
v -2.806000 0.191000 0.050000
v -2.806000 0.191000 -0.050000
v -2.802781 0.195174 0.050000
v -2.802781 0.195174 -0.050000
v -2.799167 0.199639 0.050000
v -2.799167 0.199639 -0.050000
v -2.795219 0.204313 0.050000
v -2.795219 0.204313 -0.050000
v -2.791000 0.209111 0.050000
v -2.791000 0.209111 -0.050000
v -2.786573 0.213951 0.050000
v -2.786573 0.213951 -0.050000
v -2.782000 0.218750 0.050000
v -2.782000 0.218750 -0.050000
v -2.777344 0.223424 0.050000
v -2.777344 0.223424 -0.050000
v -2.772666 0.227889 0.050000
v -2.772666 0.227889 -0.050000
v -2.768031 0.232063 0.050000
v -2.768031 0.232063 -0.050000
v -2.763500 0.235861 0.050000
v -2.763500 0.235861 -0.050000
v -2.759135 0.239201 0.050000
v -2.759135 0.239201 -0.050000
v -2.755000 0.242000 0.050000
v -2.755000 0.242000 -0.050000
v -2.785265 0.257730 0.050000
v -2.785265 0.257730 -0.050000
v -2.814041 0.274338 0.050000
v -2.814041 0.274338 -0.050000
v -2.841297 0.291703 0.050000
v -2.841297 0.291703 -0.050000
v -2.867000 0.309704 0.050000
v -2.867000 0.309704 -0.050000
v -2.891120 0.328218 0.050000
v -2.891120 0.328218 -0.050000
v -2.913625 0.347125 0.050000
v -2.913625 0.347125 -0.050000
v -2.934484 0.366303 0.050000
v -2.934484 0.366303 -0.050000
v -2.953667 0.385630 0.050000
v -2.953667 0.385630 -0.050000
v -2.971141 0.404984 0.050000
v -2.971141 0.404984 -0.050000
v -2.986875 0.424245 0.050000
v -2.986875 0.424245 -0.050000
v -3.000839 0.443291 0.050000
v -3.000839 0.443291 -0.050000
v -3.013000 0.462000 0.050000
v -3.013000 0.462000 -0.050000
v -3.090000 0.447000 0.050000
v -3.090000 0.447000 -0.050000
v -3.085438 0.440250 0.050000
v -3.085438 0.440250 -0.050000
v -3.080755 0.433500 0.050000
v -3.080755 0.433500 -0.050000
v -3.075953 0.426750 0.050000
v -3.075953 0.426750 -0.050000
v -3.071037 0.420000 0.050000
v -3.071037 0.420000 -0.050000
v -3.066010 0.413250 0.050000
v -3.066010 0.413250 -0.050000
v -3.060875 0.406500 0.050000
v -3.060875 0.406500 -0.050000
v -3.055636 0.399750 0.050000
v -3.055636 0.399750 -0.050000
v -3.050296 0.393000 0.050000
v -3.050296 0.393000 -0.050000
v -3.044859 0.386250 0.050000
v -3.044859 0.386250 -0.050000
v -3.039329 0.379500 0.050000
v -3.039329 0.379500 -0.050000
v -3.033708 0.372750 0.050000
v -3.033708 0.372750 -0.050000
v -3.028000 0.366000 0.050000
v -3.028000 0.366000 -0.050000
v -3.216000 0.366000 0.050000
v -3.216000 0.366000 -0.050000
v -3.229000 0.369000 0.050000
v -3.229000 0.369000 -0.050000
v -3.277000 0.345000 0.050000
v -3.277000 0.345000 -0.050000
v -3.253309 0.299442 0.050000
v -3.253309 0.299442 -0.050000
v -3.225472 0.257204 0.050000
v -3.225472 0.257204 -0.050000
v -3.193844 0.218188 0.050000
v -3.193844 0.218188 -0.050000
v -3.158778 0.182296 0.050000
v -3.158778 0.182296 -0.050000
v -3.120628 0.149433 0.050000
v -3.120628 0.149433 -0.050000
v -3.079750 0.119500 0.050000
v -3.079750 0.119500 -0.050000
v -3.036496 0.092400 0.050000
v -3.036496 0.092400 -0.050000
v -2.991222 0.068037 0.050000
v -2.991222 0.068037 -0.050000
v -2.944281 0.046312 0.050000
v -2.944281 0.046312 -0.050000
v -2.896028 0.027130 0.050000
v -2.896028 0.027130 -0.050000
v -2.846816 0.010391 0.050000
v -2.846816 0.010391 -0.050000
v -2.797000 -0.004000 0.050000
v -2.797000 -0.004000 -0.050000
v -2.794800 0.000636 0.050000
v -2.794800 0.000636 -0.050000
v -2.792236 0.005505 0.050000
v -2.792236 0.005505 -0.050000
v -2.789359 0.010547 0.050000
v -2.789359 0.010547 -0.050000
v -2.786222 0.015704 0.050000
v -2.786222 0.015704 -0.050000
v -2.782876 0.020916 0.050000
v -2.782876 0.020916 -0.050000
v -2.779375 0.026125 0.050000
v -2.779375 0.026125 -0.050000
v -2.775769 0.031271 0.050000
v -2.775769 0.031271 -0.050000
v -2.772111 0.036296 0.050000
v -2.772111 0.036296 -0.050000
v -2.768453 0.041141 0.050000
v -2.768453 0.041141 -0.050000
v -2.764847 0.045745 0.050000
v -2.764847 0.045745 -0.050000
v -2.761345 0.050052 0.050000
v -2.761345 0.050051 -0.050000
v -2.758000 0.054000 0.050000
v -2.758000 0.054000 -0.050000
v -2.777495 0.058708 0.050000
v -2.777495 0.058708 -0.050000
v -2.796958 0.063833 0.050000
v -2.796958 0.063833 -0.050000
v -2.816359 0.069375 0.050000
v -2.816359 0.069375 -0.050000
v -2.835667 0.075333 0.050000
v -2.835667 0.075333 -0.050000
v -2.854849 0.081708 0.050000
v -2.854849 0.081708 -0.050000
v -2.873875 0.088500 0.050000
v -2.873875 0.088500 -0.050000
v -2.892714 0.095708 0.050000
v -2.892714 0.095708 -0.050000
v -2.911333 0.103333 0.050000
v -2.911333 0.103333 -0.050000
v -2.929703 0.111375 0.050000
v -2.929703 0.111375 -0.050000
v -2.947792 0.119833 0.050000
v -2.947792 0.119833 -0.050000
v -2.965568 0.128708 0.050000
v -2.965568 0.128708 -0.050000
v -2.983000 0.138000 0.050000
v -2.983000 0.138000 -0.050000
v -2.976050 0.144306 0.050000
v -2.976050 0.144306 -0.050000
v -2.968732 0.150699 0.050000
v -2.968732 0.150699 -0.050000
v -2.961094 0.157141 0.050000
v -2.961094 0.157141 -0.050000
v -2.953185 0.163593 0.050000
v -2.953185 0.163593 -0.050000
v -2.945055 0.170017 0.050000
v -2.945055 0.170017 -0.050000
v -2.936750 0.176375 0.050000
v -2.936750 0.176375 -0.050000
v -2.928321 0.182629 0.050000
v -2.928321 0.182629 -0.050000
v -2.919815 0.188741 0.050000
v -2.919815 0.188741 -0.050000
v -2.911282 0.194672 0.050000
v -2.911282 0.194672 -0.050000
v -2.902769 0.200384 0.050000
v -2.902769 0.200384 -0.050000
v -2.894325 0.205840 0.050000
v -2.894325 0.205840 -0.050000
v -2.886000 0.211000 0.050000
v -2.886000 0.211000 -0.050000
v -2.941000 0.248000 0.050000
v -2.941000 0.248000 -0.050000
v -2.999844 -0.151951 0.050000
v -2.999844 -0.151951 -0.050000
v -3.009833 -0.158273 0.050000
v -3.009833 -0.158273 -0.050000
v -3.019906 -0.164922 0.050000
v -3.019906 -0.164922 -0.050000
v -3.030000 -0.171852 0.050000
v -3.030000 -0.171852 -0.050000
v -3.040052 -0.179018 0.050000
v -3.040052 -0.179018 -0.050000
v -3.050000 -0.186375 0.050000
v -3.050000 -0.186375 -0.050000
v -3.059781 -0.193878 0.050000
v -3.059781 -0.193878 -0.050000
v -3.069333 -0.201482 0.050000
v -3.069333 -0.201482 -0.050000
v -3.078594 -0.209141 0.050000
v -3.078594 -0.209141 -0.050000
v -3.087500 -0.216810 0.050000
v -3.087500 -0.216810 -0.050000
v -3.095990 -0.224445 0.050000
v -3.095990 -0.224445 -0.050000
v -3.104000 -0.232000 0.050000
v -3.104000 -0.232000 -0.050000
v -3.117540 -0.219792 0.050000
v -3.117540 -0.219792 -0.050000
v -3.130653 -0.207167 0.050000
v -3.130653 -0.207167 -0.050000
v -3.143328 -0.194125 0.050000
v -3.143328 -0.194125 -0.050000
v -3.155556 -0.180667 0.050000
v -3.155556 -0.180667 -0.050000
v -3.167325 -0.166792 0.050000
v -3.167325 -0.166792 -0.050000
v -3.178625 -0.152500 0.050000
v -3.178625 -0.152500 -0.050000
v -3.189446 -0.137792 0.050000
v -3.189446 -0.137792 -0.050000
v -3.199778 -0.122667 0.050000
v -3.199778 -0.122667 -0.050000
v -3.209610 -0.107125 0.050000
v -3.209610 -0.107125 -0.050000
v -3.218931 -0.091167 0.050000
v -3.218931 -0.091167 -0.050000
v -3.227731 -0.074792 0.050000
v -3.227731 -0.074792 -0.050000
v -3.236000 -0.058000 0.050000
v -3.236000 -0.058000 -0.050000
v -3.039000 -0.058000 0.050000
v -3.039000 -0.058000 -0.050000
v -3.023957 -0.072414 0.050000
v -3.023957 -0.072414 -0.050000
v -3.008324 -0.086644 0.050000
v -3.008324 -0.086644 -0.050000
v -2.992094 -0.100672 0.050000
v -2.992094 -0.100672 -0.050000
v -2.975259 -0.114482 0.050000
v -2.975259 -0.114482 -0.050000
v -2.957814 -0.128055 0.050000
v -2.957814 -0.128055 -0.050000
v -2.939750 -0.141375 0.050000
v -2.939750 -0.141375 -0.050000
v -2.921061 -0.154424 0.050000
v -2.921061 -0.154424 -0.050000
v -2.901741 -0.167185 0.050000
v -2.901741 -0.167185 -0.050000
v -2.881781 -0.179641 0.050000
v -2.881781 -0.179641 -0.050000
v -2.861176 -0.191773 0.050000
v -2.861176 -0.191773 -0.050000
v -2.839918 -0.203565 0.050000
v -2.839918 -0.203565 -0.050000
v -2.818000 -0.215000 0.050000
v -2.818000 -0.215000 -0.050000
v -2.815050 -0.210826 0.050000
v -2.815050 -0.210826 -0.050000
v -2.811732 -0.206356 0.050000
v -2.811732 -0.206356 -0.050000
v -2.808094 -0.201672 0.050000
v -2.808094 -0.201672 -0.050000
v -2.804185 -0.196852 0.050000
v -2.804185 -0.196852 -0.050000
v -2.800054 -0.191976 0.050000
v -2.800054 -0.191976 -0.050000
v -2.795750 -0.187125 0.050000
v -2.795750 -0.187125 -0.050000
v -2.791321 -0.182378 0.050000
v -2.791321 -0.182378 -0.050000
v -2.786815 -0.177815 0.050000
v -2.786815 -0.177815 -0.050000
v -2.782281 -0.173516 0.050000
v -2.782281 -0.173516 -0.050000
v -2.777768 -0.169560 0.050000
v -2.777768 -0.169560 -0.050000
v -2.773325 -0.166028 0.050000
v -2.773325 -0.166028 -0.050000
v -2.769000 -0.163000 0.050000
v -2.769000 -0.163000 -0.050000
v -2.805767 -0.144859 0.050000
v -2.805767 -0.144859 -0.050000
v -2.840551 -0.125537 0.050000
v -2.840551 -0.125537 -0.050000
v -2.873328 -0.105188 0.050000
v -2.873328 -0.105188 -0.050000
v -2.904074 -0.083963 0.050000
v -2.904074 -0.083963 -0.050000
v -2.932765 -0.062016 0.050000
v -2.932765 -0.062016 -0.050000
v -2.959375 -0.039500 0.050000
v -2.959375 -0.039500 -0.050000
v -2.983881 -0.016567 0.050000
v -2.983881 -0.016567 -0.050000
v -3.006259 0.006630 0.050000
v -3.006259 0.006630 -0.050000
v -3.026484 0.029938 0.050000
v -3.026484 0.029938 -0.050000
v -3.044533 0.053204 0.050000
v -3.044533 0.053204 -0.050000
v -3.060379 0.076275 0.050000
v -3.060379 0.076275 -0.050000
v -3.074000 0.099000 0.050000
v -3.074000 0.099000 -0.050000
v -3.151000 0.084000 0.050000
v -3.151000 0.084000 -0.050000
v -3.146977 0.077501 0.050000
v -3.146977 0.077501 -0.050000
v -3.142903 0.071005 0.050000
v -3.142903 0.071005 -0.050000
v -3.138766 0.064516 0.050000
v -3.138766 0.064516 -0.050000
v -3.134556 0.058037 0.050000
v -3.134556 0.058037 -0.050000
v -3.130262 0.051572 0.050000
v -3.130262 0.051572 -0.050000
v -3.125875 0.045125 0.050000
v -3.125875 0.045125 -0.050000
v -3.121384 0.038698 0.050000
v -3.121384 0.038698 -0.050000
v -3.116778 0.032296 0.050000
v -3.116778 0.032296 -0.050000
v -3.112047 0.025922 0.050000
v -3.112047 0.025922 -0.050000
v -3.107181 0.019579 0.050000
v -3.107181 0.019579 -0.050000
v -3.102169 0.013270 0.050000
v -3.102169 0.013270 -0.050000
v -3.097000 0.007000 0.050000
v -3.097000 0.007000 -0.050000
v -3.271000 0.007000 0.050000
v -3.271000 0.007000 -0.050000
v -3.284000 0.010000 0.050000
v -3.284000 0.010000 -0.050000
v -3.333000 -0.012000 0.050000
v -3.333000 -0.012000 -0.050000
v -3.308252 -0.074995 0.050000
v -3.308252 -0.074995 -0.050000
v -3.278264 -0.132625 0.050000
v -3.278264 -0.132625 -0.050000
v -3.243422 -0.185109 0.050000
v -3.243422 -0.185109 -0.050000
v -3.204111 -0.232667 0.050000
v -3.204111 -0.232667 -0.050000
v -3.160717 -0.275516 0.050000
v -3.160717 -0.275516 -0.050000
v -3.113625 -0.313875 0.050000
v -3.113625 -0.313875 -0.050000
v -3.063221 -0.347964 0.050000
v -3.063221 -0.347964 -0.050000
v -3.009889 -0.378000 0.050000
v -3.009889 -0.378000 -0.050000
v -2.954016 -0.404203 0.050000
v -2.954016 -0.404203 -0.050000
v -2.895986 -0.426792 0.050000
v -2.895986 -0.426792 -0.050000
v -2.836186 -0.445984 0.050000
v -2.836186 -0.445984 -0.050000
v -2.775000 -0.462000 0.050000
v -2.775000 -0.462000 -0.050000
v -2.772800 -0.457094 0.050000
v -2.772800 -0.457094 -0.050000
v -2.770236 -0.451921 0.050000
v -2.770236 -0.451921 -0.050000
v -2.767359 -0.446547 0.050000
v -2.767359 -0.446547 -0.050000
v -2.764222 -0.441037 0.050000
v -2.764222 -0.441037 -0.050000
v -2.760877 -0.435458 0.050000
v -2.760877 -0.435458 -0.050000
v -2.757375 -0.429875 0.050000
v -2.757375 -0.429875 -0.050000
v -2.753769 -0.424355 0.050000
v -2.753769 -0.424355 -0.050000
v -2.750111 -0.418963 0.050000
v -2.750111 -0.418963 -0.050000
v -2.746453 -0.413766 0.050000
v -2.746453 -0.413766 -0.050000
v -2.742847 -0.408829 0.050000
v -2.742847 -0.408829 -0.050000
v -2.739346 -0.404218 0.050000
v -2.739346 -0.404218 -0.050000
v -2.736000 -0.400000 0.050000
v -2.736000 -0.400000 -0.050000
v -2.763929 -0.394103 0.050000
v -2.763929 -0.394103 -0.050000
v -2.791681 -0.387407 0.050000
v -2.791681 -0.387407 -0.050000
v -2.819203 -0.379906 0.050000
v -2.819203 -0.379906 -0.050000
v -2.846445 -0.371593 0.050000
v -2.846445 -0.371593 -0.050000
v -2.873353 -0.362459 0.050000
v -2.873353 -0.362459 -0.050000
v -2.899875 -0.352500 0.050000
v -2.899875 -0.352500 -0.050000
v -2.925960 -0.341707 0.050000
v -2.925960 -0.341707 -0.050000
v -2.951556 -0.330074 0.050000
v -2.951556 -0.330074 -0.050000
v -2.976609 -0.317594 0.050000
v -2.976609 -0.317594 -0.050000
v -3.001070 -0.304259 0.050000
v -3.001070 -0.304259 -0.050000
v -3.024884 -0.290064 0.050000
v -3.024884 -0.290064 -0.050000
v -3.048000 -0.275000 0.050000
v -3.048000 -0.275000 -0.050000
v -3.039990 -0.267385 0.050000
v -3.039990 -0.267385 -0.050000
v -3.031500 -0.259579 0.050000
v -3.031500 -0.259579 -0.050000
v -3.022594 -0.251641 0.050000
v -3.022594 -0.251641 -0.050000
v -3.013333 -0.243630 0.050000
v -3.013333 -0.243630 -0.050000
v -3.003781 -0.235605 0.050000
v -3.003781 -0.235605 -0.050000
v -2.994000 -0.227625 0.050000
v -2.994000 -0.227625 -0.050000
v -2.984052 -0.219749 0.050000
v -2.984052 -0.219749 -0.050000
v -2.974000 -0.212037 0.050000
v -2.974000 -0.212037 -0.050000
v -2.963906 -0.204547 0.050000
v -2.963906 -0.204547 -0.050000
v -2.953833 -0.197338 0.050000
v -2.953833 -0.197338 -0.050000
v -2.943844 -0.190469 0.050000
v -2.943844 -0.190469 -0.050000
v -2.934000 -0.184000 0.050000
v -2.934000 -0.184000 -0.050000
v -2.990000 -0.146000 0.050000
v -2.990000 -0.146000 -0.050000
vn -0.0000 -0.0000 -1.0000
vn -0.0000 1.0000 -0.0000
vn -0.0000 -1.0000 -0.0000
vn -0.0000 0.0001 -1.0000
vn -0.0000 0.0002 -1.0000
vn -0.0000 -0.0000 1.0000
vn -0.0000 -0.0005 1.0000
vn -0.0000 0.0002 1.0000
vn 0.7071 -0.7071 -0.0000
vn -0.4344 -0.9007 -0.0000
vn 0.4344 -0.9007 -0.0000
vn -0.7071 -0.7071 -0.0000
vn 0.7071 0.7071 -0.0000
vn -0.4312 0.9022 -0.0000
vn -0.0011 1.0000 -0.0000
vn 0.4302 0.9027 -0.0000
vn -0.7071 0.7071 -0.0000
vn 0.4303 0.9027 -0.0000
vn 0.1022 0.9948 -0.0000
vn 0.1044 0.9945 -0.0000
vn 0.1004 0.9949 -0.0000
vn 0.0987 0.9951 -0.0000
vn 0.0970 0.9953 -0.0000
vn 0.0952 0.9955 -0.0000
vn 0.0934 0.9956 -0.0000
vn 0.0914 0.9958 -0.0000
vn 0.0893 0.9960 -0.0000
vn 0.0869 0.9962 -0.0000
vn 0.0842 0.9964 -0.0000
vn 0.0819 0.9966 -0.0000
vn 0.0796 0.9968 -0.0000
vn 0.0769 0.9970 -0.0000
vn 0.0742 0.9972 -0.0000
vn 0.0715 0.9974 -0.0000
vn 0.0687 0.9976 -0.0000
vn 0.0658 0.9978 -0.0000
vn 0.0628 0.9980 -0.0000
vn 0.0596 0.9982 -0.0000
vn 0.0563 0.9984 -0.0000
vn 0.0528 0.9986 -0.0000
vn 0.0489 0.9988 -0.0000
vn -0.6903 0.7235 -0.0000
vn -0.7078 -0.7064 -0.0000
vn -0.0046 -1.0000 -0.0000
vn -0.0110 -0.9999 -0.0000
vn -0.0196 -0.9998 -0.0000
vn -0.0305 -0.9995 -0.0000
vn -0.0440 -0.9990 -0.0000
vn -0.0603 -0.9982 -0.0000
vn -0.0803 -0.9968 -0.0000
vn -0.1047 -0.9945 -0.0000
vn -0.1350 -0.9908 -0.0000
vn -0.1730 -0.9849 -0.0000
vn -0.2217 -0.9751 -0.0000
vn -0.3096 -0.9509 -0.0000
vn -0.4262 -0.9046 -0.0000
vn -0.5325 -0.8464 -0.0000
vn -0.6250 -0.7806 -0.0000
vn -0.7044 -0.7098 -0.0000
vn -0.7719 -0.6358 -0.0000
vn -0.8290 -0.5593 -0.0000
vn -0.8772 -0.4802 -0.0000
vn -0.9175 -0.3978 -0.0000
vn -0.9505 -0.3106 -0.0000
vn -0.9763 -0.2166 -0.0000
vn -0.9935 -0.1134 -0.0000
vn -0.9999 0.0103 -0.0000
vn -0.9861 0.1659 -0.0000
vn -0.9408 0.3390 -0.0000
vn -0.8627 0.5057 -0.0000
vn -0.7594 0.6507 -0.0000
vn -0.6436 0.7654 -0.0000
vn -0.5277 0.8494 -0.0000
vn -0.4196 0.9077 -0.0000
vn -0.3229 0.9464 -0.0000
vn -0.2378 0.9713 -0.0000
vn -0.1631 0.9866 -0.0000
vn -0.0971 0.9953 -0.0000
vn -0.8341 0.5516 -0.0000
vn -0.5463 -0.8376 -0.0000
vn 0.1197 -0.9928 -0.0000
vn 0.2027 -0.9792 -0.0000
vn 0.2888 -0.9574 -0.0000
vn 0.3797 -0.9251 -0.0000
vn 0.4763 -0.8793 -0.0000
vn 0.5782 -0.8159 -0.0000
vn 0.6828 -0.7306 -0.0000
vn 0.7844 -0.6203 -0.0000
vn 0.8747 -0.4847 -0.0000
vn 0.9443 -0.3290 -0.0000
vn 0.9865 -0.1636 -0.0000
vn 0.9999 -0.0149 -0.0000
vn 0.9951 0.0992 -0.0000
vn 0.9809 0.1948 -0.0000
vn 0.9586 0.2848 -0.0000
vn 0.9295 0.3688 -0.0000
vn 0.8948 0.4464 -0.0000
vn 0.8553 0.5181 -0.0000
vn 0.8116 0.5843 -0.0000
vn 0.7635 0.6458 -0.0000
vn 0.7109 0.7033 -0.0000
vn 0.6526 0.7577 -0.0000
vn 0.5872 0.8095 -0.0000
vn 0.9405 -0.3399 -0.0000
vn 0.5872 0.8094 -0.0000
vn -0.1072 -0.9942 -0.0000
vn 0.9405 -0.3398 -0.0000
vn -0.1053 -0.9944 -0.0000
vn -0.1054 -0.9944 -0.0000
vn -0.1069 -0.9943 -0.0000
vn -0.1098 -0.9940 -0.0000
vn -0.1140 -0.9935 -0.0000
vn -0.1198 -0.9928 -0.0000
vn -0.1277 -0.9918 -0.0000
vn -0.1384 -0.9904 -0.0000
vn -0.1535 -0.9881 -0.0000
vn -0.1759 -0.9844 -0.0000
vn 0.5961 -0.8029 -0.0000
vn 0.7522 0.6589 -0.0000
vn 0.0314 0.9995 -0.0000
vn 0.7522 0.6590 -0.0000
vn 0.0364 0.9993 -0.0000
vn 0.0416 0.9991 -0.0000
vn 0.0468 0.9989 -0.0000
vn 0.0522 0.9986 -0.0000
vn 0.0578 0.9983 -0.0000
vn 0.0637 0.9980 -0.0000
vn 0.0701 0.9975 -0.0000
vn 0.0772 0.9970 -0.0000
vn 0.0851 0.9964 -0.0000
vn 0.0942 0.9956 -0.0000
vn 0.1023 0.9948 -0.0000
vn 0.8967 -0.4426 -0.0000
vn 0.3327 -0.9430 -0.0000
vn 0.8914 -0.4531 -0.0000
vn 0.8859 -0.4639 -0.0000
vn 0.8800 -0.4750 -0.0000
vn 0.8736 -0.4866 -0.0000
vn 0.8668 -0.4987 -0.0000
vn 0.8593 -0.5115 -0.0000
vn 0.8511 -0.5251 -0.0000
vn 0.8419 -0.5396 -0.0000
vn 0.8317 -0.5553 -0.0000
vn 0.8201 -0.5723 -0.0000
vn 0.9633 0.2684 -0.0000
vn -0.2779 0.9606 -0.0000
vn -0.8291 0.5592 -0.0000
vn -0.8362 0.5484 -0.0000
vn -0.8424 0.5389 -0.0000
vn -0.8480 0.5300 -0.0000
vn -0.8533 0.5214 -0.0000
vn -0.8587 0.5125 -0.0000
vn -0.8642 0.5032 -0.0000
vn -0.8701 0.4929 -0.0000
vn -0.8766 0.4812 -0.0000
vn -0.8840 0.4675 -0.0000
vn -0.8926 0.4508 -0.0000
vn -0.9438 -0.3304 -0.0000
vn 0.8920 -0.4521 -0.0000
vn 0.3242 -0.9460 -0.0000
vn 0.8857 -0.4643 -0.0000
vn 0.8792 -0.4764 -0.0000
vn 0.8725 -0.4886 -0.0000
vn 0.8656 -0.5008 -0.0000
vn 0.8583 -0.5132 -0.0000
vn 0.8506 -0.5258 -0.0000
vn 0.8425 -0.5387 -0.0000
vn 0.8340 -0.5518 -0.0000
vn 0.8248 -0.5654 -0.0000
vn 0.8150 -0.5794 -0.0000
vn 0.9683 0.2499 -0.0000
vn -0.2522 0.9677 -0.0000
vn -0.8161 0.5779 -0.0000
vn -0.8224 0.5690 -0.0000
vn -0.8279 0.5609 -0.0000
vn -0.8330 0.5533 -0.0000
vn -0.8380 0.5457 -0.0000
vn -0.8430 0.5379 -0.0000
vn -0.8483 0.5294 -0.0000
vn -0.8541 0.5201 -0.0000
vn -0.8605 0.5094 -0.0000
vn -0.8678 0.4969 -0.0000
vn -0.8764 0.4817 -0.0000
vn -0.9508 -0.3097 -0.0000
vn 0.5873 -0.8094 -0.0000
vn -0.1650 -0.9863 -0.0000
vn 0.5776 -0.8163 -0.0000
vn 0.5701 -0.8216 -0.0000
vn 0.5637 -0.8260 -0.0000
vn 0.5579 -0.8299 -0.0000
vn 0.5523 -0.8336 -0.0000
vn 0.5466 -0.8374 -0.0000
vn 0.5404 -0.8414 -0.0000
vn 0.5333 -0.8459 -0.0000
vn 0.5248 -0.8512 -0.0000
vn 0.5137 -0.8580 -0.0000
vn 0.9751 -0.2217 -0.0000
vn 0.2271 0.9739 -0.0000
vn -0.5053 0.8630 -0.0000
vn -0.5179 0.8554 -0.0000
vn -0.5273 0.8497 -0.0000
vn -0.5349 0.8449 -0.0000
vn -0.5413 0.8408 -0.0000
vn -0.5471 0.8371 -0.0000
vn -0.5526 0.8334 -0.0000
vn -0.5584 0.8296 -0.0000
vn -0.5647 0.8253 -0.0000
vn -0.5724 0.8200 -0.0000
vn -0.5827 0.8127 -0.0000
vn -0.9859 0.1675 -0.0000
vn 0.5665 0.8241 -0.0000
vn 0.5320 0.8467 -0.0000
vn 0.6002 0.7999 -0.0000
vn 0.6331 0.7741 -0.0000
vn 0.6652 0.7467 -0.0000
vn 0.6966 0.7175 -0.0000
vn 0.7272 0.6865 -0.0000
vn 0.7570 0.6534 -0.0000
vn 0.7860 0.6182 -0.0000
vn 0.8141 0.5807 -0.0000
vn 0.8412 0.5407 -0.0000
vn -0.0086 1.0000 -0.0000
vn -0.9995 -0.0310 -0.0000
vn -0.0085 1.0000 -0.0000
vn -0.8167 -0.5770 -0.0000
vn -0.7898 -0.6134 -0.0000
vn -0.7628 -0.6467 -0.0000
vn -0.7358 -0.6772 -0.0000
vn -0.7087 -0.7055 -0.0000
vn -0.6816 -0.7318 -0.0000
vn -0.6542 -0.7563 -0.0000
vn -0.6264 -0.7795 -0.0000
vn -0.5982 -0.8013 -0.0000
vn -0.5693 -0.8221 -0.0000
vn -0.5396 -0.8419 -0.0000
vn -0.5030 -0.8643 -0.0000
vn -0.4660 -0.8848 -0.0000
vn -0.4369 -0.8995 -0.0000
vn -0.4105 -0.9118 -0.0000
vn -0.3863 -0.9224 -0.0000
vn -0.3637 -0.9315 -0.0000
vn -0.3420 -0.9397 -0.0000
vn -0.3209 -0.9471 -0.0000
vn -0.2997 -0.9540 -0.0000
vn -0.2778 -0.9606 -0.0000
vn -0.2546 -0.9671 -0.0000
vn -0.2289 -0.9734 -0.0000
vn 0.4065 -0.9136 -0.0000
vn 0.9070 0.4212 -0.0000
vn 0.1966 0.9805 -0.0000
vn 0.9069 0.4213 -0.0000
vn 0.2223 0.9750 -0.0000
vn 0.2477 0.9688 -0.0000
vn 0.2728 0.9621 -0.0000
vn 0.2981 0.9545 -0.0000
vn 0.3238 0.9461 -0.0000
vn 0.3500 0.9367 -0.0000
vn 0.3771 0.9262 -0.0000
vn 0.4053 0.9142 -0.0000
vn 0.4347 0.9006 -0.0000
vn 0.4657 0.8849 -0.0000
vn 0.4981 0.8671 -0.0000
vn -0.1819 -0.9833 -0.0000
vn 0.5664 -0.8241 -0.0000
vn 0.5573 -0.8303 -0.0000
vn 0.5495 -0.8355 -0.0000
vn 0.5421 -0.8403 -0.0000
vn 0.5348 -0.8450 -0.0000
vn 0.5271 -0.8498 -0.0000
vn 0.5186 -0.8550 -0.0000
vn 0.5087 -0.8610 -0.0000
vn 0.4964 -0.8681 -0.0000
vn 0.4803 -0.8771 -0.0000
vn 0.9682 -0.2503 -0.0000
vn 0.2436 0.9699 -0.0000
vn -0.4883 0.8727 -0.0000
vn -0.4972 0.8676 -0.0000
vn -0.5043 0.8635 -0.0000
vn -0.5104 0.8599 -0.0000
vn -0.5160 0.8566 -0.0000
vn -0.5216 0.8532 -0.0000
vn -0.5275 0.8495 -0.0000
vn -0.5342 0.8454 -0.0000
vn -0.5422 0.8402 -0.0000
vn -0.5673 0.8235 -0.0000
vn -0.9824 0.1867 -0.0000
vn 0.0025 1.0000 -0.0000
vn 0.0098 1.0000 -0.0000
vn 0.0195 0.9998 -0.0000
vn 0.0290 0.9996 -0.0000
vn 0.0381 0.9993 -0.0000
vn 0.0469 0.9989 -0.0000
vn 0.0553 0.9985 -0.0000
vn 0.0633 0.9980 -0.0000
vn 0.0706 0.9975 -0.0000
vn 0.0828 0.9966 -0.0000
vn 0.0873 0.9962 -0.0000
vn -0.6748 0.7380 -0.0000
vn -0.6868 -0.7268 -0.0000
vn -0.6749 0.7379 -0.0000
vn 0.0607 -0.9982 -0.0000
vn 0.0666 -0.9978 -0.0000
vn 0.0686 -0.9976 -0.0000
vn 0.0677 -0.9977 -0.0000
vn 0.0648 -0.9979 -0.0000
vn 0.0600 -0.9982 -0.0000
vn 0.0537 -0.9986 -0.0000
vn 0.0459 -0.9989 -0.0000
vn 0.0366 -0.9993 -0.0000
vn 0.0259 -0.9997 -0.0000
vn 0.0136 -0.9999 -0.0000
vn 0.0035 -1.0000 -0.0000
vn -0.0015 -1.0000 -0.0000
vn -0.0060 -1.0000 -0.0000
vn -0.0119 -0.9999 -0.0000
vn -0.0178 -0.9998 -0.0000
vn -0.0238 -0.9997 -0.0000
vn -0.0300 -0.9996 -0.0000
vn -0.0365 -0.9993 -0.0000
vn -0.0435 -0.9991 -0.0000
vn -0.0512 -0.9987 -0.0000
vn -0.0599 -0.9982 -0.0000
vn -0.0699 -0.9976 -0.0000
vn -0.0819 -0.9966 -0.0000
vn 0.6751 -0.7378 -0.0000
vn 0.6838 0.7297 -0.0000
vn 0.6751 -0.7377 -0.0000
vn -0.0633 0.9980 -0.0000
vn -0.0597 0.9982 -0.0000
vn -0.0557 0.9984 -0.0000
vn -0.0514 0.9987 -0.0000
vn -0.0467 0.9989 -0.0000
vn -0.0415 0.9991 -0.0000
vn -0.0360 0.9994 -0.0000
vn -0.0299 0.9996 -0.0000
vn -0.0234 0.9997 -0.0000
vn -0.0162 0.9999 -0.0000
vn -0.0084 1.0000 -0.0000
vn -0.0022 1.0000 -0.0000
vn 0.7007 -0.7134 -0.0000
vn 0.0016 -1.0000 -0.0000
vn 0.6854 -0.7282 -0.0000
vn 0.6735 -0.7392 -0.0000
vn 0.6634 -0.7483 -0.0000
vn 0.6542 -0.7563 -0.0000
vn 0.6454 -0.7639 -0.0000
vn 0.6362 -0.7715 -0.0000
vn 0.6263 -0.7796 -0.0000
vn 0.6149 -0.7886 -0.0000
vn 0.6010 -0.7992 -0.0000
vn 0.5832 -0.8124 -0.0000
vn 0.9945 -0.1044 -0.0000
vn 0.1100 0.9939 -0.0000
vn -0.5730 0.8195 -0.0000
vn 0.1099 0.9939 -0.0000
vn -0.5892 0.8080 -0.0000
vn -0.6018 0.7987 -0.0000
vn -0.6123 0.7907 -0.0000
vn -0.6017 0.7987 -0.0000
vn -0.6216 0.7833 -0.0000
vn -0.6304 0.7763 -0.0000
vn -0.6391 0.7691 -0.0000
vn -0.6484 0.7613 -0.0000
vn -0.6587 0.7524 -0.0000
vn -0.6711 0.7414 -0.0000
vn -0.6868 0.7268 -0.0000
vn -1.0000 0.0080 -0.0000
vn 0.5769 0.8168 -0.0000
vn 0.6174 0.7867 -0.0000
vn 0.6543 0.7563 -0.0000
vn 0.6882 0.7255 -0.0000
vn 0.7197 0.6942 -0.0000
vn 0.7492 0.6623 -0.0000
vn 0.7772 0.6293 -0.0000
vn 0.8039 0.5948 -0.0000
vn 0.8297 0.5582 -0.0000
vn 0.8550 0.5186 -0.0000
vn 0.8800 0.4750 -0.0000
vn 0.0226 0.9997 -0.0000
vn -1.0000 -0.0030 -0.0000
vn -0.8570 -0.5153 -0.0000
vn -0.8348 -0.5506 -0.0000
vn -0.8117 -0.5841 -0.0000
vn -0.7876 -0.6162 -0.0000
vn -0.7623 -0.6472 -0.0000
vn -0.7356 -0.6775 -0.0000
vn -0.7072 -0.7070 -0.0000
vn -0.6769 -0.7360 -0.0000
vn -0.6446 -0.7645 -0.0000
vn -0.6098 -0.7925 -0.0000
vn -0.5725 -0.8199 -0.0000
vn -0.5381 -0.8429 -0.0000
vn -0.5125 -0.8587 -0.0000
vn -0.4903 -0.8716 -0.0000
vn -0.4662 -0.8847 -0.0000
vn -0.4402 -0.8979 -0.0000
vn -0.4126 -0.9109 -0.0000
vn -0.3834 -0.9236 -0.0000
vn -0.3527 -0.9357 -0.0000
vn -0.3207 -0.9472 -0.0000
vn -0.2876 -0.9577 -0.0000
vn -0.2536 -0.9673 -0.0000
vn -0.2188 -0.9758 -0.0000
vn 0.3869 -0.9221 -0.0000
vn 0.9151 0.4032 -0.0000
vn 0.3868 -0.9221 -0.0000
vn 0.1850 0.9827 -0.0000
vn 0.9151 0.4033 -0.0000
vn 0.2227 0.9749 -0.0000
vn 0.2595 0.9657 -0.0000
vn 0.2954 0.9554 -0.0000
vn 0.3302 0.9439 -0.0000
vn 0.3635 0.9316 -0.0000
vn 0.3954 0.9185 -0.0000
vn 0.4256 0.9049 -0.0000
vn 0.4539 0.8910 -0.0000
vn 0.4804 0.8770 -0.0000
vn 0.5049 0.8632 -0.0000
vn 0.5362 0.8441 -0.0000
vn -0.6581 0.7529 -0.0000
vn -0.6414 0.7672 -0.0000
vn -0.6733 0.7393 -0.0000
vn -0.6877 0.7260 -0.0000
vn -0.7016 0.7125 -0.0000
vn -0.7156 0.6985 -0.0000
vn -0.7300 0.6834 -0.0000
vn -0.7454 0.6666 -0.0000
vn -0.7622 0.6473 -0.0000
vn -0.7813 0.6242 -0.0000
vn -0.8035 0.5953 -0.0000
vn -0.9882 -0.1530 -0.0000
vn 0.1728 -0.9850 -0.0000
vn 0.8256 -0.5642 -0.0000
vn 0.8025 -0.5966 -0.0000
vn 0.7830 -0.6221 -0.0000
vn 0.7659 -0.6429 -0.0000
vn 0.7507 -0.6606 -0.0000
vn 0.7368 -0.6762 -0.0000
vn 0.7236 -0.6902 -0.0000
vn 0.7108 -0.7034 -0.0000
vn 0.6980 -0.7161 -0.0000
vn 0.6848 -0.7288 -0.0000
vn 0.6707 -0.7417 -0.0000
vn 0.9984 0.0567 -0.0000
vn -0.0365 0.9993 -0.0000
vn 0.8261 0.5635 -0.0000
vn 0.8212 0.5706 -0.0000
vn 0.8317 0.5552 -0.0000
vn 0.8379 0.5458 -0.0000
vn 0.8448 0.5351 -0.0000
vn 0.8522 0.5232 -0.0000
vn 0.8601 0.5102 -0.0000
vn 0.8683 0.4960 -0.0000
vn 0.8769 0.4806 -0.0000
vn 0.8858 0.4641 -0.0000
vn 0.8948 0.4465 -0.0000
vn 0.8478 -0.5303 -0.0000
vn -0.5418 -0.8405 -0.0000
vn -0.9077 -0.4195 -0.0000
vn -0.9019 -0.4319 -0.0000
vn -0.8964 -0.4433 -0.0000
vn -0.8912 -0.4537 -0.0000
vn -0.8863 -0.4632 -0.0000
vn -0.8817 -0.4717 -0.0000
vn -0.8775 -0.4795 -0.0000
vn -0.8737 -0.4865 -0.0000
vn -0.8702 -0.4927 -0.0000
vn -0.8671 -0.4981 -0.0000
vn -0.8644 -0.5029 -0.0000
vn -0.8675 0.4975 -0.0000
vn -0.8675 0.4974 -0.0000
vn -0.9642 -0.2650 -0.0000
vn -0.5146 0.8575 -0.0000
vn -0.5288 0.8488 -0.0000
vn -0.5363 0.8441 -0.0000
vn -0.5442 0.8390 -0.0000
vn -0.5527 0.8334 -0.0000
vn -0.5620 0.8272 -0.0000
vn -0.5842 0.8116 -0.0000
vn -0.5979 0.8016 -0.0000
vn -0.6142 0.7892 -0.0000
vn -0.9973 0.0736 -0.0000
vn -0.0608 -0.9981 -0.0000
vn 0.6357 -0.7719 -0.0000
vn 0.6224 -0.7827 -0.0000
vn 0.6106 -0.7919 -0.0000
vn 0.6001 -0.7999 -0.0000
vn 0.5906 -0.8070 -0.0000
vn 0.5817 -0.8134 -0.0000
vn 0.5733 -0.8193 -0.0000
vn 0.5654 -0.8248 -0.0000
vn 0.5577 -0.8301 -0.0000
vn 0.5501 -0.8351 -0.0000
vn 0.5426 -0.8400 -0.0000
vn -0.4802 -0.8771 -0.0000
vn -0.4802 -0.8772 -0.0000
vn -0.9998 0.0200 -0.0000
vn -0.9953 0.0973 -0.0000
vn -0.9709 0.2395 -0.0000
vn -0.9024 0.4310 -0.0000
vn -0.7697 0.6384 -0.0000
vn -0.5894 0.8078 -0.0000
vn -0.4098 0.9122 -0.0000
vn -0.2659 0.9640 -0.0000
vn -0.4099 0.9122 -0.0000
vn -0.1634 0.9866 -0.0000
vn -0.0941 0.9956 -0.0000
vn -0.0485 0.9988 -0.0000
vn -0.0192 0.9998 -0.0000
vn -0.0039 1.0000 -0.0000
vn 0.0115 0.9999 -0.0000
vn 0.0577 0.9983 -0.0000
vn 0.1480 0.9890 -0.0000
vn 0.2836 0.9589 -0.0000
vn 0.4608 0.8875 -0.0000
vn 0.6495 0.7604 -0.0000
vn 0.8045 0.5939 -0.0000
vn 0.9032 0.4292 -0.0000
vn 0.9551 0.2964 -0.0000
vn 0.9795 0.2016 -0.0000
vn 0.9904 0.1383 -0.0000
vn 0.9952 0.0981 -0.0000
vn 0.4690 0.8832 -0.0000
vn -0.4685 0.8835 -0.0000
vn -0.4300 0.9028 -0.0000
vn -0.4684 0.8835 -0.0000
vn -0.3987 0.9171 -0.0000
vn -0.3729 0.9279 -0.0000
vn -0.3514 0.9362 -0.0000
vn -0.3333 0.9428 -0.0000
vn -0.3178 0.9482 -0.0000
vn -0.3046 0.9525 -0.0000
vn -0.2932 0.9561 -0.0000
vn -0.2834 0.9590 -0.0000
vn -0.2750 0.9614 -0.0000
vn -0.8296 0.5584 -0.0000
vn -0.2750 0.9615 -0.0000
vn -0.9902 -0.1395 -0.0000
vn -0.9783 -0.2074 -0.0000
vn -0.9539 -0.3001 -0.0000
vn -0.9075 -0.4201 -0.0000
vn -0.8272 -0.5620 -0.0000
vn -0.7064 -0.7078 -0.0000
vn -0.5544 -0.8322 -0.0000
vn -0.3957 -0.9184 -0.0000
vn -0.2545 -0.9671 -0.0000
vn -0.1426 -0.9898 -0.0000
vn -0.0130 -0.9999 -0.0000
vn 0.0067 -1.0000 -0.0000
vn 0.0315 -0.9995 -0.0000
vn 0.0766 -0.9971 -0.0000
vn 0.1424 -0.9898 -0.0000
vn 0.2356 -0.9718 -0.0000
vn 0.3617 -0.9323 -0.0000
vn 0.5181 -0.8553 -0.0000
vn 0.6856 -0.7280 -0.0000
vn 0.8302 -0.5575 -0.0000
vn 0.9268 -0.3755 -0.0000
vn 0.9765 -0.2153 -0.0000
vn 0.9958 -0.0919 -0.0000
vn 0.9998 -0.0199 -0.0000
vn 0.4682 -0.8836 -0.0000
vn -0.5565 -0.8309 -0.0000
vn -0.5461 -0.8377 -0.0000
vn -0.5353 -0.8447 -0.0000
vn -0.5240 -0.8517 -0.0000
vn -0.5124 -0.8588 -0.0000
vn -0.5002 -0.8659 -0.0000
vn -0.4876 -0.8731 -0.0000
vn -0.4744 -0.8803 -0.0000
vn -0.4606 -0.8876 -0.0000
vn -0.4463 -0.8949 -0.0000
vn -0.4313 -0.9022 -0.0000
vn 0.2251 -0.9743 -0.0000
vn 0.7668 -0.6419 -0.0000
vn 0.7467 -0.6651 -0.0000
vn 0.7312 -0.6822 -0.0000
vn 0.7185 -0.6955 -0.0000
vn 0.7075 -0.7067 -0.0000
vn 0.6976 -0.7165 -0.0000
vn 0.6880 -0.7257 -0.0000
vn 0.6784 -0.7347 -0.0000
vn 0.6681 -0.7441 -0.0000
vn 0.6564 -0.7544 -0.0000
vn 0.6423 -0.7665 -0.0000
vn 0.9895 0.1442 -0.0000
vn 0.4010 0.9161 -0.0000
vn 0.4284 0.9036 -0.0000
vn 0.4557 0.8901 -0.0000
vn 0.4831 0.8756 -0.0000
vn 0.5105 0.8599 -0.0000
vn 0.5378 0.8431 -0.0000
vn 0.5651 0.8250 -0.0000
vn 0.5924 0.8056 -0.0000
vn 0.6196 0.7849 -0.0000
vn 0.6467 0.7627 -0.0000
vn 0.6736 0.7391 -0.0000
vn 0.9292 -0.3697 -0.0000
vn 0.4616 0.8871 -0.0000
vn 0.5297 -0.8482 -0.0000
vn 0.9613 0.2756 -0.0000
vn 0.9613 0.2755 -0.0000
vn 0.5290 -0.8486 -0.0000
vn 0.5278 -0.8494 -0.0000
vn 0.5262 -0.8504 -0.0000
vn 0.5240 -0.8517 -0.0000
vn 0.5214 -0.8533 -0.0000
vn 0.5182 -0.8553 -0.0000
vn 0.5144 -0.8575 -0.0000
vn 0.5100 -0.8602 -0.0000
vn 0.5050 -0.8631 -0.0000
vn 0.4993 -0.8664 -0.0000
vn 0.2568 -0.9665 -0.0000
vn -0.4300 -0.9028 -0.0000
vn -0.7721 -0.6355 -0.0000
vn -0.7635 -0.6458 -0.0000
vn -0.7550 -0.6557 -0.0000
vn -0.7468 -0.6651 -0.0000
vn -0.7387 -0.6741 -0.0000
vn -0.7308 -0.6826 -0.0000
vn -0.7231 -0.6907 -0.0000
vn -0.7156 -0.6985 -0.0000
vn -0.7083 -0.7059 -0.0000
vn -0.7013 -0.7129 -0.0000
vn -0.6944 -0.7196 -0.0000
vn -0.9281 0.3723 -0.0000
vn -0.9281 0.3722 -0.0000
vn -0.5307 0.8476 -0.0000
vn -0.5096 0.8604 -0.0000
vn -0.5448 0.8386 -0.0000
vn -0.5529 0.8332 -0.0000
vn -0.5557 0.8314 -0.0000
vn -0.5540 0.8325 -0.0000
vn -0.5558 0.8313 -0.0000
vn -0.5483 0.8363 -0.0000
vn -0.5392 0.8422 -0.0000
vn -0.5271 0.8498 -0.0000
vn -0.5124 0.8587 -0.0000
vn -0.4955 0.8686 -0.0000
vn -0.4675 0.8840 -0.0000
vn -0.4134 0.9105 -0.0000
vn -0.3456 0.9384 -0.0000
vn -0.2833 0.9590 -0.0000
vn -0.2274 0.9738 -0.0000
vn -0.1784 0.9840 -0.0000
vn -0.1361 0.9907 -0.0000
vn -0.1002 0.9950 -0.0000
vn -0.0704 0.9975 -0.0000
vn -0.0459 0.9989 -0.0000
vn -0.0265 0.9996 -0.0000
vn -0.0115 0.9999 -0.0000
vn -0.0002 1.0000 -0.0000
vn 0.0092 1.0000 -0.0000
vn 0.0176 0.9998 -0.0000
vn 0.0255 0.9997 -0.0000
vn 0.0330 0.9995 -0.0000
vn 0.0405 0.9992 -0.0000
vn 0.0480 0.9988 -0.0000
vn 0.0558 0.9984 -0.0000
vn 0.0642 0.9979 -0.0000
vn 0.0734 0.9973 -0.0000
vn 0.0838 0.9965 -0.0000
vn 0.0961 0.9954 -0.0000
vn -0.7956 0.6058 -0.0000
vn -0.9344 -0.3563 -0.0000
vn -0.9397 -0.3419 -0.0000
vn -0.9448 -0.3276 -0.0000
vn -0.9499 -0.3125 -0.0000
vn -0.9552 -0.2961 -0.0000
vn -0.9607 -0.2776 -0.0000
vn -0.9666 -0.2562 -0.0000
vn -0.9730 -0.2308 -0.0000
vn -0.9798 -0.1998 -0.0000
vn -0.9870 -0.1607 -0.0000
vn -0.9939 -0.1101 -0.0000
vn -0.6963 -0.7177 -0.0000
vn -0.0482 -0.9988 -0.0000
vn -0.0433 -0.9991 -0.0000
vn -0.0395 -0.9992 -0.0000
vn -0.0363 -0.9993 -0.0000
vn -0.0333 -0.9994 -0.0000
vn -0.0303 -0.9995 -0.0000
vn -0.0272 -0.9996 -0.0000
vn -0.0237 -0.9997 -0.0000
vn -0.0147 -0.9999 -0.0000
vn -0.0083 -1.0000 -0.0000
vn 0.0014 -1.0000 -0.0000
vn 0.0161 -0.9999 -0.0000
vn 0.0357 -0.9994 -0.0000
vn 0.0597 -0.9982 -0.0000
vn 0.0886 -0.9961 -0.0000
vn 0.1227 -0.9924 -0.0000
vn 0.1622 -0.9868 -0.0000
vn 0.2071 -0.9783 -0.0000
vn 0.2572 -0.9664 -0.0000
vn 0.3118 -0.9502 -0.0000
vn 0.3700 -0.9290 -0.0000
vn 0.4303 -0.9027 -0.0000
vn 0.4812 -0.8766 -0.0000
vn 0.5136 -0.8580 -0.0000
vn 0.5339 -0.8456 -0.0000
vn 0.5472 -0.8370 -0.0000
vn 0.5534 -0.8329 -0.0000
vn 0.5519 -0.8339 -0.0000
vn 0.5412 -0.8409 -0.0000
vn 0.5192 -0.8546 -0.0000
vn 0.4819 -0.8763 -0.0000
vn 0.4226 -0.9063 -0.0000
vn 0.3311 -0.9436 -0.0000
vn 0.1921 -0.9814 -0.0000
vn -0.0123 -0.9999 -0.0000
vn -0.2392 -0.9710 -0.0000
vn -0.4161 -0.9093 -0.0000
vn -0.5350 -0.8449 -0.0000
vn -0.6147 -0.7887 -0.0000
vn -0.6694 -0.7429 -0.0000
vn -0.7354 -0.6776 -0.0000
vn -0.7554 -0.6552 -0.0000
vn -0.7700 -0.6381 -0.0000
vn -0.7804 -0.6253 -0.0000
vn -0.7874 -0.6164 -0.0000
vn 0.0211 -0.9998 -0.0000
vn 0.9969 0.0786 -0.0000
vn 0.0210 -0.9998 -0.0000
vn 0.7077 0.7065 -0.0000
vn 0.9969 0.0787 -0.0000
vn 0.6934 0.7206 -0.0000
vn 0.6771 0.7359 -0.0000
vn 0.6584 0.7527 -0.0000
vn 0.6369 0.7709 -0.0000
vn 0.6120 0.7908 -0.0000
vn 0.5830 0.8125 -0.0000
vn 0.5489 0.8359 -0.0000
vn 0.5086 0.8610 -0.0000
vn 0.4606 0.8876 -0.0000
vn 0.4033 0.9151 -0.0000
vn 0.8282 0.5604 -0.0000
vn -0.8652 0.5014 -0.0000
vn -0.3663 -0.9305 -0.0000
vn -0.3664 -0.9305 -0.0000
vn -0.3400 -0.9404 -0.0000
vn -0.3279 -0.9447 -0.0000
vn -0.3399 -0.9404 -0.0000
vn -0.3164 -0.9486 -0.0000
vn -0.3055 -0.9522 -0.0000
vn -0.2951 -0.9555 -0.0000
vn -0.2850 -0.9585 -0.0000
vn -0.2753 -0.9613 -0.0000
vn -0.2659 -0.9640 -0.0000
vn -0.2568 -0.9665 -0.0000
vn -0.2660 -0.9640 -0.0000
vn -0.7913 -0.6114 -0.0000
vn -0.9367 0.3500 -0.0000
vn -0.7604 0.6495 -0.0000
vn -0.9368 0.3500 -0.0000
vn -0.7688 0.6395 -0.0000
vn -0.7740 0.6332 -0.0000
vn -0.7776 0.6287 -0.0000
vn -0.7805 0.6252 -0.0000
vn -0.7830 0.6221 -0.0000
vn -0.7853 0.6191 -0.0000
vn -0.7877 0.6160 -0.0000
vn -0.7906 0.6124 -0.0000
vn -0.7944 0.6074 -0.0000
vn -0.8006 0.5992 -0.0000
vn -1.0000 0.0016 -0.0000
vn 0.0898 -0.9960 -0.0000
vn 0.8937 -0.4487 -0.0000
vn 0.8838 -0.4678 -0.0000
vn 0.8762 -0.4819 -0.0000
vn 0.8702 -0.4928 -0.0000
vn 0.8651 -0.5016 -0.0000
vn 0.8607 -0.5090 -0.0000
vn 0.8569 -0.5155 -0.0000
vn 0.8534 -0.5212 -0.0000
vn 0.8502 -0.5265 -0.0000
vn 0.8470 -0.5316 -0.0000
vn 0.8438 -0.5366 -0.0000
vn -0.2809 -0.9597 -0.0000
vn -0.2808 -0.9598 -0.0000
vn 0.1710 -0.9853 -0.0000
vn 0.1712 -0.9852 -0.0000
vn -0.9389 -0.3442 -0.0000
vn -0.9334 -0.3589 -0.0000
vn -0.9274 -0.3741 -0.0000
vn -0.9207 -0.3902 -0.0000
vn -0.9133 -0.4073 -0.0000
vn -0.9048 -0.4258 -0.0000
vn -0.8950 -0.4460 -0.0000
vn -0.8835 -0.4684 -0.0000
vn -0.8699 -0.4933 -0.0000
vn -0.8533 -0.5214 -0.0000
vn -0.8328 -0.5536 -0.0000
vn 0.1109 -0.9938 -0.0000
vn 0.9200 -0.3920 -0.0000
vn 0.1108 -0.9938 -0.0000
vn 0.9071 -0.4209 -0.0000
vn 0.8961 -0.4439 -0.0000
vn 0.8865 -0.4627 -0.0000
vn 0.8781 -0.4785 -0.0000
vn 0.8705 -0.4921 -0.0000
vn 0.8636 -0.5041 -0.0000
vn 0.8572 -0.5149 -0.0000
vn 0.8637 -0.5041 -0.0000
vn 0.8450 -0.5348 -0.0000
vn 0.8387 -0.5445 -0.0000
vn 0.9997 0.0255 -0.0000
vn 0.8206 0.5715 -0.0000
vn 0.8451 0.5346 -0.0000
vn 0.8644 0.5028 -0.0000
vn 0.8801 0.4748 -0.0000
vn 0.8932 0.4496 -0.0000
vn 0.9046 0.4263 -0.0000
vn 0.9146 0.4043 -0.0000
vn 0.9238 0.3829 -0.0000
vn 0.9323 0.3617 -0.0000
vn 0.9404 0.3401 -0.0000
vn 0.9483 0.3175 -0.0000
vn 0.8080 -0.5892 -0.0000
vn 0.6282 -0.7780 -0.0000
vn -0.2071 -0.9783 -0.0000
vn -0.2003 -0.9797 -0.0000
vn -0.2072 -0.9783 -0.0000
vn -0.1939 -0.9810 -0.0000
vn -0.1879 -0.9822 -0.0000
vn -0.1824 -0.9832 -0.0000
vn -0.1773 -0.9841 -0.0000
vn -0.1727 -0.9850 -0.0000
vn -0.1685 -0.9857 -0.0000
vn -0.1647 -0.9863 -0.0000
vn -0.1614 -0.9869 -0.0000
vn -0.1585 -0.9874 -0.0000
vn 0.5658 -0.8246 -0.0000
vn 0.9734 -0.2289 -0.0000
vn 0.9642 -0.2650 -0.0000
vn 0.9557 -0.2943 -0.0000
vn 0.9478 -0.3189 -0.0000
vn 0.9403 -0.3403 -0.0000
vn 0.9331 -0.3595 -0.0000
vn 0.9261 -0.3774 -0.0000
vn 0.9189 -0.3945 -0.0000
vn 0.9114 -0.4115 -0.0000
vn 0.9033 -0.4290 -0.0000
vn 0.8942 -0.4476 -0.0000
vn 0.8999 0.4361 -0.0000
vn 0.1977 0.9803 -0.0000
vn 0.8999 0.4360 -0.0000
vn 0.2090 0.9779 -0.0000
vn 0.2207 0.9754 -0.0000
vn 0.2331 0.9724 -0.0000
vn 0.2466 0.9691 -0.0000
vn 0.2616 0.9652 -0.0000
vn 0.2784 0.9605 -0.0000
vn 0.2977 0.9547 -0.0000
vn 0.3203 0.9473 -0.0000
vn 0.3473 0.9377 -0.0000
vn 0.3803 0.9249 -0.0000
vn -0.2457 0.9693 -0.0000
vn -0.9659 -0.2588 -0.0000
vn -0.9659 -0.2589 -0.0000
vn -0.5253 0.8509 -0.0000
vn -0.5076 0.8616 -0.0000
vn -0.5409 0.8411 -0.0000
vn -0.5552 0.8317 -0.0000
vn -0.5683 0.8228 -0.0000
vn -0.5551 0.8318 -0.0000
vn -0.5806 0.8142 -0.0000
vn -0.5925 0.8056 -0.0000
vn -0.6041 0.7969 -0.0000
vn -0.6157 0.7880 -0.0000
vn -0.6276 0.7786 -0.0000
vn -0.6399 0.7684 -0.0000
vn -0.0426 0.9991 -0.0000
vn 0.5890 0.8081 -0.0000
vn 0.6094 0.7929 -0.0000
vn 0.6304 0.7763 -0.0000
vn 0.6520 0.7582 -0.0000
vn 0.6742 0.7385 -0.0000
vn 0.6969 0.7172 -0.0000
vn 0.6742 0.7386 -0.0000
vn 0.7200 0.6940 -0.0000
vn 0.7435 0.6688 -0.0000
vn 0.7671 0.6415 -0.0000
vn 0.7908 0.6121 -0.0000
vn 0.8143 0.5805 -0.0000
vn 0.8843 -0.4669 -0.0000
vn -0.3514 -0.9362 -0.0000
vn -0.6513 -0.7588 -0.0000
vn -0.6378 -0.7702 -0.0000
vn -0.6238 -0.7816 -0.0000
vn -0.6092 -0.7930 -0.0000
vn -0.5942 -0.8043 -0.0000
vn -0.5786 -0.8156 -0.0000
vn -0.5626 -0.8268 -0.0000
vn -0.5291 -0.8486 -0.0000
vn -0.5117 -0.8592 -0.0000
vn -0.4939 -0.8695 -0.0000
vn -0.5117 -0.8591 -0.0000
vn 0.2024 -0.9793 -0.0000
vn 0.7846 -0.6200 -0.0000
vn 0.7706 -0.6373 -0.0000
vn 0.7575 -0.6528 -0.0000
vn 0.7445 -0.6676 -0.0000
vn 0.7309 -0.6824 -0.0000
vn 0.7162 -0.6979 -0.0000
vn 0.7310 -0.6824 -0.0000
vn 0.6995 -0.7146 -0.0000
vn 0.6799 -0.7333 -0.0000
vn 0.6559 -0.7549 -0.0000
vn 0.6253 -0.7804 -0.0000
vn 0.5844 -0.8115 -0.0000
vn 0.9983 0.0578 -0.0000
vn 0.4806 0.8769 -0.0000
vn 0.9983 0.0577 -0.0000
vn 0.5187 0.8549 -0.0000
vn 0.5556 0.8314 -0.0000
vn 0.5914 0.8064 -0.0000
vn 0.6262 0.7796 -0.0000
vn 0.6602 0.7511 -0.0000
vn 0.6935 0.7205 -0.0000
vn 0.7262 0.6875 -0.0000
vn 0.7586 0.6516 -0.0000
vn 0.7907 0.6122 -0.0000
vn 0.8228 0.5684 -0.0000
vn 0.3903 0.9207 -0.0000
vn -0.9241 0.3821 -0.0000
vn -0.8251 -0.5650 -0.0000
vn -0.8182 -0.5749 -0.0000
vn -0.8116 -0.5842 -0.0000
vn -0.8052 -0.5930 -0.0000
vn -0.7990 -0.6014 -0.0000
vn -0.7929 -0.6093 -0.0000
vn -0.7871 -0.6168 -0.0000
vn -0.7815 -0.6239 -0.0000
vn -0.7762 -0.6305 -0.0000
vn -0.7710 -0.6368 -0.0000
vn -0.7660 -0.6428 -0.0000
vn -0.7710 -0.6369 -0.0000
vn -0.9071 0.4209 -0.0000
vn 0.1132 0.9936 -0.0000
vn -0.1181 0.9930 -0.0000
vn -0.9512 0.3087 -0.0000
vn -0.8622 -0.5065 -0.0000
vn -0.8069 -0.5907 -0.0000
vn -0.7468 -0.6650 -0.0000
vn -0.6846 -0.7289 -0.0000
vn -0.7469 -0.6650 -0.0000
vn -0.6222 -0.7828 -0.0000
vn -0.5612 -0.8277 -0.0000
vn -0.5027 -0.8645 -0.0000
vn -0.4471 -0.8945 -0.0000
vn -0.3949 -0.9187 -0.0000
vn -0.3458 -0.9383 -0.0000
vn -0.2999 -0.9540 -0.0000
vn 0.4107 -0.9118 -0.0000
vn 0.8943 -0.4474 -0.0000
vn 0.8768 -0.4808 -0.0000
vn 0.8615 -0.5077 -0.0000
vn 0.8480 -0.5300 -0.0000
vn 0.8358 -0.5491 -0.0000
vn 0.8245 -0.5659 -0.0000
vn 0.8138 -0.5812 -0.0000
vn 0.8033 -0.5956 -0.0000
vn 0.7927 -0.6096 -0.0000
vn 0.7816 -0.6237 -0.0000
vn 0.7694 -0.6387 -0.0000
vn 0.9507 0.3102 -0.0000
vn 0.2447 0.9696 -0.0000
vn 0.2647 0.9643 -0.0000
vn 0.2848 0.9586 -0.0000
vn 0.3051 0.9523 -0.0000
vn 0.3258 0.9454 -0.0000
vn 0.3468 0.9379 -0.0000
vn 0.3682 0.9297 -0.0000
vn 0.3900 0.9208 -0.0000
vn 0.3682 0.9298 -0.0000
vn 0.4123 0.9110 -0.0000
vn 0.4352 0.9003 -0.0000
vn 0.4586 0.8887 -0.0000
vn 0.9924 0.1232 -0.0000
vn 0.6650 -0.7469 -0.0000
vn 0.6513 -0.7588 -0.0000
vn 0.6384 -0.7697 -0.0000
vn 0.6261 -0.7798 -0.0000
vn 0.6140 -0.7893 -0.0000
vn 0.6019 -0.7986 -0.0000
vn 0.5897 -0.8076 -0.0000
vn 0.5771 -0.8166 -0.0000
vn 0.5640 -0.8258 -0.0000
vn 0.5500 -0.8352 -0.0000
vn 0.9998 -0.0187 -0.0000
vn 0.0353 0.9994 -0.0000
vn -0.5429 0.8398 -0.0000
vn -0.5261 0.8504 -0.0000
vn -0.5585 0.8295 -0.0000
vn -0.5733 0.8194 -0.0000
vn -0.5876 0.8092 -0.0000
vn -0.6016 0.7988 -0.0000
vn -0.6301 0.7765 -0.0000
vn -0.6450 0.7642 -0.0000
vn -0.6606 0.7507 -0.0000
vn -0.6775 0.7356 -0.0000
vn -0.0112 0.9999 -0.0000
vn 0.6817 0.7316 -0.0000
vn 0.7054 0.7088 -0.0000
vn 0.7287 0.6848 -0.0000
vn 0.7515 0.6598 -0.0000
vn 0.7736 0.6336 -0.0000
vn 0.7951 0.6065 -0.0000
vn 0.8157 0.5784 -0.0000
vn 0.8355 0.5494 -0.0000
vn 0.8544 0.5196 -0.0000
vn 0.8723 0.4890 -0.0000
vn 0.8891 0.4577 -0.0000
vn 0.8490 -0.5283 -0.0000
vn -0.3728 -0.9279 -0.0000
vn 0.8491 -0.5283 -0.0000
vn -0.6825 -0.7308 -0.0000
vn -0.6636 -0.7481 -0.0000
vn -0.6441 -0.7649 -0.0000
vn -0.6242 -0.7813 -0.0000
vn -0.6038 -0.7971 -0.0000
vn -0.5830 -0.8124 -0.0000
vn -0.5619 -0.8272 -0.0000
vn -0.5403 -0.8415 -0.0000
vn -0.5184 -0.8551 -0.0000
vn -0.4963 -0.8682 -0.0000
vn -0.4739 -0.8806 -0.0000
vn 0.2351 -0.9720 -0.0000
vn 0.8098 -0.5867 -0.0000
vn 0.7964 -0.6048 -0.0000
vn 0.7833 -0.6216 -0.0000
vn 0.7699 -0.6382 -0.0000
vn 0.7555 -0.6551 -0.0000
vn 0.7396 -0.6730 -0.0000
vn 0.7214 -0.6925 -0.0000
vn 0.6999 -0.7142 -0.0000
vn 0.6738 -0.7390 -0.0000
vn 0.6409 -0.7676 -0.0000
vn 0.6737 -0.7390 -0.0000
vn 0.5982 -0.8014 -0.0000
vn 0.9971 0.0762 -0.0000
vn 0.4642 0.8857 -0.0000
vn 0.9971 0.0761 -0.0000
vn 0.5067 0.8621 -0.0000
vn 0.5479 0.8365 -0.0000
vn 0.5880 0.8089 -0.0000
vn 0.6269 0.7791 -0.0000
vn 0.6648 0.7470 -0.0000
vn 0.7017 0.7125 -0.0000
vn 0.7377 0.6751 -0.0000
vn 0.7730 0.6344 -0.0000
vn 0.8076 0.5898 -0.0000
vn 0.8414 0.5404 -0.0000
vn 0.4070 0.9134 -0.0000
vn -0.9163 0.4006 -0.0000
vn -0.8487 -0.5288 -0.0000
vn -0.9163 0.4005 -0.0000
vn -0.8452 -0.5345 -0.0000
vn -0.8409 -0.5412 -0.0000
vn -0.8358 -0.5491 -0.0000
vn -0.8299 -0.5579 -0.0000
vn -0.8232 -0.5677 -0.0000
vn -0.8157 -0.5784 -0.0000
vn -0.8074 -0.5900 -0.0000
vn -0.7982 -0.6023 -0.0000
vn -0.7882 -0.6154 -0.0000
vn -0.7773 -0.6291 -0.0000
vn -0.9045 0.4266 -0.0000
vn -0.0974 0.9952 -0.0000
vn -0.9260 0.3776 -0.0000
vn -0.9102 -0.4142 -0.0000
vn -0.8613 -0.5081 -0.0000
vn -0.8030 -0.5959 -0.0000
vn -0.7376 -0.6752 -0.0000
vn -0.6679 -0.7443 -0.0000
vn -0.5965 -0.8026 -0.0000
vn -0.5259 -0.8505 -0.0000
vn -0.4580 -0.8890 -0.0000
vn -0.3939 -0.9192 -0.0000
vn -0.3343 -0.9425 -0.0000
vn -0.2795 -0.9601 -0.0000
vn 0.4319 -0.9019 -0.0000
vn 0.9044 -0.4267 -0.0000
vn 0.8889 -0.4581 -0.0000
vn 0.8754 -0.4834 -0.0000
vn 0.8634 -0.5046 -0.0000
vn 0.8524 -0.5228 -0.0000
vn 0.8422 -0.5391 -0.0000
vn 0.8324 -0.5542 -0.0000
vn 0.8227 -0.5685 -0.0000
vn 0.8127 -0.5827 -0.0000
vn 0.8020 -0.5973 -0.0000
vn 0.7900 -0.6131 -0.0000
vn 0.9407 0.3392 -0.0000
vn 0.2206 0.9754 -0.0000
vn 0.2488 0.9686 -0.0000
vn 0.2775 0.9607 -0.0000
vn 0.3067 0.9518 -0.0000
vn 0.3365 0.9417 -0.0000
vn 0.3670 0.9302 -0.0000
vn 0.3981 0.9173 -0.0000
vn 0.4299 0.9029 -0.0000
vn 0.4623 0.8867 -0.0000
vn 0.4954 0.8686 -0.0000
vn 0.5291 0.8486 -0.0000
vn 0.9958 0.0911 -0.0000
vn 0.6830 -0.7305 -0.0000
vn 0.9958 0.0912 -0.0000
vn 0.6711 -0.7413 -0.0000
vn 0.6598 -0.7514 -0.0000
vn 0.6488 -0.7610 -0.0000
vn 0.6377 -0.7703 -0.0000
vn 0.6264 -0.7795 -0.0000
vn 0.6147 -0.7887 -0.0000
vn 0.6023 -0.7982 -0.0000
vn 0.5890 -0.8082 -0.0000
vn 0.5743 -0.8186 -0.0000
vn 1.0000 -0.0074 -0.0000
vn 0.0262 0.9997 -0.0000
vt 0.485255 0.000000
vt 0.490617 0.000000
vt 0.487936 0.000000
vt 0.319035 0.000000
vt 0.324397 0.000000
vt 0.321716 0.000000
vt 0.493298 0.000000
vt 0.316354 0.000000
vt 0.482574 0.000000
vt 0.495979 0.000000
vt 0.313673 0.000000
vt 0.498660 0.000000
vt 0.310992 0.000000
vt 0.501341 0.000000
vt 0.479893 0.000000
vt 0.308311 0.000000
vt 0.504021 0.000000
vt 0.305630 0.000000
vt 0.506702 0.000000
vt 0.302949 0.000000
vt 0.509383 0.000000
vt 0.477212 0.000000
vt 0.300268 0.000000
vt 0.512064 0.000000
vt 0.297587 0.000000
vt 0.000000 0.000000
vt 0.514745 0.000000
vt 0.294906 0.000000
vt 0.002681 0.000000
vt 0.517426 0.000000
vt 0.005362 0.000000
vt 0.474531 0.000000
vt 0.292225 0.000000
vt 0.008043 0.000000
vt 0.520107 0.000000
vt 0.010724 0.000000
vt 0.289544 0.000000
vt 0.013405 0.000000
vt 0.286863 0.000000
vt 0.016086 0.000000
vt 0.522788 0.000000
vt 0.018767 0.000000
vt 0.284182 0.000000
vt 0.525469 0.000000
vt 0.530831 0.000000
vt 0.528150 0.000000
vt 0.021448 0.000000
vt 0.471850 0.000000
vt 0.281501 0.000000
vt 0.024129 0.000000
vt 0.026810 0.000000
vt 0.278820 0.000000
vt 0.029491 0.000000
vt 0.225201 0.000000
vt 0.032172 0.000000
vt 0.276139 0.000000
vt 0.273458 0.000000
vt 0.469169 0.000000
vt 0.533512 0.000000
vt 0.270777 0.000000
vt 0.268097 0.000000
vt 0.227882 0.000000
vt 0.222520 0.000000
vt 0.230563 0.000000
vt 0.265416 0.000000
vt 0.233244 0.000000
vt 0.235925 0.000000
vt 0.238606 0.000000
vt 0.262735 0.000000
vt 0.466488 0.000000
vt 0.388740 0.000000
vt 0.241287 0.000000
vt 0.243968 0.000000
vt 0.260054 0.000000
vt 0.246649 0.000000
vt 0.249330 0.000000
vt 0.252011 0.000000
vt 0.257373 0.000000
vt 0.254692 0.000000
vt 0.463807 0.000000
vt 0.391421 0.000000
vt 0.394102 0.000000
vt 0.386059 0.000000
vt 0.536193 0.000000
vt 0.396783 0.000000
vt 0.461126 0.000000
vt 0.383378 0.000000
vt 0.399464 0.000000
vt 0.380697 0.000000
vt 0.458445 0.000000
vt 0.402145 0.000000
vt 0.378016 0.000000
vt 0.404826 0.000000
vt 0.455764 0.000000
vt 0.538874 0.000000
vt 0.375335 0.000000
vt 0.407507 0.000000
vt 0.659517 0.000000
vt 0.327078 0.000000
vt 0.662198 0.000000
vt 0.372654 0.000000
vt 0.410188 0.000000
vt 0.329759 0.000000
vt 0.453083 0.000000
vt 0.450402 0.000000
vt 0.332440 0.000000
vt 0.447721 0.000000
vt 0.412869 0.000000
vt 0.369973 0.000000
vt 0.335121 0.000000
vt 0.445040 0.000000
vt 0.442359 0.000000
vt 0.337802 0.000000
vt 0.415550 0.000000
vt 0.439678 0.000000
vt 0.367292 0.000000
vt 0.340483 0.000000
vt 0.436997 0.000000
vt 0.541555 0.000000
vt 0.418231 0.000000
vt 0.434316 0.000000
vt 0.343164 0.000000
vt 0.364611 0.000000
vt 0.656836 0.000000
vt 0.431635 0.000000
vt 0.420912 0.000000
vt 0.345845 0.000000
vt 0.654155 0.000000
vt 0.428954 0.000000
vt 0.361930 0.000000
vt 0.348525 0.000000
vt 0.651475 0.000000
vt 0.426273 0.000000
vt 0.423593 0.000000
vt 0.648794 0.000000
vt 0.351206 0.000000
vt 0.359249 0.000000
vt 0.646113 0.000000
vt 0.353887 0.000000
vt 0.356568 0.000000
vt 0.643432 0.000000
vt 0.544236 0.000000
vt 0.640751 0.000000
vt 0.217158 0.000000
vt 0.219839 0.000000
vt 0.034853 0.000000
vt 0.037534 0.000000
vt 0.638070 0.000000
vt 0.635389 0.000000
vt 0.632708 0.000000
vt 0.630027 0.000000
vt 0.546917 0.000000
vt 0.627346 0.000000
vt 0.624665 0.000000
vt 0.621984 0.000000
vt 0.619303 0.000000
vt 0.549598 0.000000
vt 0.616622 0.000000
vt 0.214477 0.000000
vt 0.211796 0.000000
vt 0.040214 0.000000
vt 0.042895 0.000000
vt 0.613941 0.000000
vt 0.823056 0.000000
vt 0.828418 0.000000
vt 0.825737 0.000000
vt 0.611260 0.000000
vt 0.552279 0.000000
vt 0.608579 0.000000
vt 0.831099 0.000000
vt 0.045576 0.000000
vt 0.605898 0.000000
vt 0.833780 0.000000
vt 0.820375 0.000000
vt 0.209115 0.000000
vt 0.603217 0.000000
vt 0.048257 0.000000
vt 0.836461 0.000000
vt 0.600536 0.000000
vt 0.554960 0.000000
vt 0.839142 0.000000
vt 0.597855 0.000000
vt 0.050938 0.000000
vt 0.595174 0.000000
vt 0.841823 0.000000
vt 0.592493 0.000000
vt 0.817694 0.000000
vt 0.844504 0.000000
vt 0.589812 0.000000
vt 0.053619 0.000000
vt 0.206434 0.000000
vt 0.557641 0.000000
vt 0.587131 0.000000
vt 0.847185 0.000000
vt 0.584450 0.000000
vt 0.849866 0.000000
vt 0.581769 0.000000
vt 0.056300 0.000000
vt 0.852547 0.000000
vt 0.579088 0.000000
vt 0.815013 0.000000
vt 0.560322 0.000000
vt 0.576407 0.000000
vt 0.855228 0.000000
vt 0.573727 0.000000
vt 0.058981 0.000000
vt 0.857909 0.000000
vt 0.203753 0.000000
vt 0.109920 0.000000
vt 0.571046 0.000000
vt 0.860590 0.000000
vt 0.568365 0.000000
vt 0.565684 0.000000
vt 0.563003 0.000000
vt 0.863271 0.000000
vt 0.868633 0.000000
vt 0.865952 0.000000
vt 0.812332 0.000000
vt 0.061662 0.000000
vt 0.117962 0.000000
vt 0.112601 0.000000
vt 0.107239 0.000000
vt 0.104558 0.000000
vt 0.064343 0.000000
vt 0.201072 0.000000
vt 0.726542 0.000000
vt 0.871314 0.000000
vt 0.120643 0.000000
vt 0.115281 0.000000
vt 0.809651 0.000000
vt 0.101877 0.000000
vt 0.067024 0.000000
vt 0.099196 0.000000
vt 0.123324 0.000000
vt 0.806971 0.000000
vt 0.729223 0.000000
vt 0.069705 0.000000
vt 0.198391 0.000000
vt 0.096515 0.000000
vt 0.072386 0.000000
vt 0.731903 0.000000
vt 0.723861 0.000000
vt 0.093834 0.000000
vt 0.804290 0.000000
vt 0.075067 0.000000
vt 0.126005 0.000000
vt 0.195710 0.000000
vt 0.091153 0.000000
vt 0.088472 0.000000
vt 0.085791 0.000000
vt 0.083110 0.000000
vt 0.080429 0.000000
vt 0.077748 0.000000
vt 0.734584 0.000000
vt 0.721180 0.000000
vt 0.873995 0.000000
vt 0.801609 0.000000
vt 0.737265 0.000000
vt 0.128686 0.000000
vt 0.718499 0.000000
vt 0.193029 0.000000
vt 0.739946 0.000000
vt 0.798928 0.000000
vt 0.715818 0.000000
vt 0.131367 0.000000
vt 0.742627 0.000000
vt 0.713137 0.000000
vt 0.190349 0.000000
vt 0.796247 0.000000
vt 0.745308 0.000000
vt 0.876676 0.000000
vt 0.710456 0.000000
vt 0.134048 0.000000
vt 0.747989 0.000000
vt 0.793566 0.000000
vt 0.997319 0.000000
vt 0.664879 0.000000
vt 1.000000 0.000000
vt 0.187668 0.000000
vt 0.667560 0.000000
vt 0.707775 0.000000
vt 0.750670 0.000000
vt 0.670241 0.000000
vt 0.136729 0.000000
vt 0.790885 0.000000
vt 0.672922 0.000000
vt 0.788204 0.000000
vt 0.705094 0.000000
vt 0.753351 0.000000
vt 0.785523 0.000000
vt 0.184987 0.000000
vt 0.675603 0.000000
vt 0.782842 0.000000
vt 0.780161 0.000000
vt 0.678284 0.000000
vt 0.756032 0.000000
vt 0.702413 0.000000
vt 0.777480 0.000000
vt 0.994638 0.000000
vt 0.139410 0.000000
vt 0.879357 0.000000
vt 0.680965 0.000000
vt 0.774799 0.000000
vt 0.991957 0.000000
vt 0.758713 0.000000
vt 0.772118 0.000000
vt 0.182306 0.000000
vt 0.683646 0.000000
vt 0.699732 0.000000
vt 0.769437 0.000000
vt 0.989276 0.000000
vt 0.686327 0.000000
vt 0.766756 0.000000
vt 0.764075 0.000000
vt 0.761394 0.000000
vt 0.986595 0.000000
vt 0.142091 0.000000
vt 0.697051 0.000000
vt 0.689008 0.000000
vt 0.179625 0.000000
vt 0.983914 0.000000
vt 0.176944 0.000000
vt 0.691689 0.000000
vt 0.981233 0.000000
vt 0.694370 0.000000
vt 0.174263 0.000000
vt 0.144772 0.000000
vt 0.171582 0.000000
vt 0.978552 0.000000
vt 0.882038 0.000000
vt 0.168901 0.000000
vt 0.975871 0.000000
vt 0.166220 0.000000
vt 0.973190 0.000000
vt 0.163539 0.000000
vt 0.147453 0.000000
vt 0.160858 0.000000
vt 0.970509 0.000000
vt 0.158177 0.000000
vt 0.967828 0.000000
vt 0.155496 0.000000
vt 0.152815 0.000000
vt 0.150134 0.000000
vt 0.965147 0.000000
vt 0.962466 0.000000
vt 0.884718 0.000000
vt 0.959786 0.000000
vt 0.957105 0.000000
vt 0.887399 0.000000
vt 0.954424 0.000000
vt 0.951743 0.000000
vt 0.949062 0.000000
vt 0.890080 0.000000
vt 0.946381 0.000000
vt 0.943700 0.000000
vt 0.941019 0.000000
vt 0.892761 0.000000
vt 0.938338 0.000000
vt 0.935657 0.000000
vt 0.932976 0.000000
vt 0.930295 0.000000
vt 0.895442 0.000000
vt 0.927614 0.000000
vt 0.924933 0.000000
vt 0.922252 0.000000
vt 0.919571 0.000000
vt 0.916890 0.000000
vt 0.898123 0.000000
vt 0.914209 0.000000
vt 0.911528 0.000000
vt 0.908847 0.000000
vt 0.906166 0.000000
vt 0.903485 0.000000
vt 0.900804 0.000000
vt 0.143236 0.000000
vt 0.148541 0.000000
vt 0.145889 0.000000
vt 0.151194 0.000000
vt 0.063660 0.000000
vt 0.066313 0.000000
vt 0.002653 0.000000
vt 0.005305 0.000000
vt 0.007958 0.000000
vt 0.061008 0.000000
vt 0.010610 0.000000
vt 0.058355 0.000000
vt 0.140584 0.000000
vt 0.137931 0.000000
vt 0.612732 0.000000
vt 0.615385 0.000000
vt 0.610080 0.000000
vt 0.618037 0.000000
vt 0.153846 0.000000
vt 0.156499 0.000000
vt 0.013263 0.000000
vt 0.055703 0.000000
vt 0.015915 0.000000
vt 0.053050 0.000000
vt 0.018568 0.000000
vt 0.050398 0.000000
vt 0.021220 0.000000
vt 0.047745 0.000000
vt 0.132626 0.000000
vt 0.074271 0.000000
vt 0.135279 0.000000
vt 0.159151 0.000000
vt 0.071618 0.000000
vt 0.084881 0.000000
vt 0.095491 0.000000
vt 0.092838 0.000000
vt 0.161804 0.000000
vt 0.023873 0.000000
vt 0.045093 0.000000
vt 0.026525 0.000000
vt 0.042440 0.000000
vt 0.029178 0.000000
vt 0.039788 0.000000
vt 0.037135 0.000000
vt 0.034483 0.000000
vt 0.031830 0.000000
vt 0.076923 0.000000
vt 0.068966 0.000000
vt 0.087533 0.000000
vt 0.082228 0.000000
vt 0.079576 0.000000
vt 0.098143 0.000000
vt 0.090186 0.000000
vt 0.129973 0.000000
vt 0.127321 0.000000
vt 0.164456 0.000000
vt 0.167109 0.000000
vt 0.169761 0.000000
vt 0.124668 0.000000
vt 0.172414 0.000000
vt 0.122016 0.000000
vt 0.175066 0.000000
vt 0.119363 0.000000
vt 0.177719 0.000000
vt 0.116711 0.000000
vt 0.180371 0.000000
vt 0.114058 0.000000
vt 0.183024 0.000000
vt 0.111406 0.000000
vt 0.185676 0.000000
vt 0.108753 0.000000
vt 0.188329 0.000000
vt 0.106101 0.000000
vt 0.190981 0.000000
vt 0.103448 0.000000
vt 0.193634 0.000000
vt 0.100796 0.000000
vt 0.196286 0.000000
vt 0.607427 0.000000
vt 0.602122 0.000000
vt 0.604775 0.000000
vt 0.198939 0.000000
vt 0.201592 0.000000
vt 0.992042 0.000000
vt 0.997347 0.000000
vt 0.994695 0.000000
vt 0.989390 0.000000
vt 0.599469 0.000000
vt 0.596817 0.000000
vt 0.655172 0.000000
vt 0.657825 0.000000
vt 0.652520 0.000000
vt 0.649867 0.000000
vt 0.204244 0.000000
vt 0.206897 0.000000
vt 0.647215 0.000000
vt 0.660477 0.000000
vt 0.644562 0.000000
vt 0.663130 0.000000
vt 0.209549 0.000000
vt 0.594164 0.000000
vt 0.641910 0.000000
vt 0.665783 0.000000
vt 0.986737 0.000000
vt 0.639257 0.000000
vt 0.668435 0.000000
vt 0.212202 0.000000
vt 0.636605 0.000000
vt 0.671088 0.000000
vt 0.591512 0.000000
vt 0.633952 0.000000
vt 0.673740 0.000000
vt 0.631300 0.000000
vt 0.214854 0.000000
vt 0.676393 0.000000
vt 0.588859 0.000000
vt 0.628647 0.000000
vt 0.679045 0.000000
vt 0.625995 0.000000
vt 0.681698 0.000000
vt 0.217507 0.000000
vt 0.623342 0.000000
vt 0.586207 0.000000
vt 0.684350 0.000000
vt 0.620690 0.000000
vt 0.687003 0.000000
vt 0.220159 0.000000
vt 0.583554 0.000000
vt 0.270557 0.000000
vt 0.692308 0.000000
vt 0.273210 0.000000
vt 0.267905 0.000000
vt 0.222812 0.000000
vt 0.580902 0.000000
vt 0.265252 0.000000
vt 0.225464 0.000000
vt 0.578249 0.000000
vt 0.262599 0.000000
vt 0.575597 0.000000
vt 0.228117 0.000000
vt 0.259947 0.000000
vt 0.572944 0.000000
vt 0.694960 0.000000
vt 0.230769 0.000000
vt 0.503979 0.000000
vt 0.697613 0.000000
vt 0.689655 0.000000
vt 0.257294 0.000000
vt 0.570292 0.000000
vt 0.233422 0.000000
vt 0.506631 0.000000
vt 0.501326 0.000000
vt 0.254642 0.000000
vt 0.567639 0.000000
vt 0.509284 0.000000
vt 0.236074 0.000000
vt 0.564987 0.000000
vt 0.251989 0.000000
vt 0.511936 0.000000
vt 0.562334 0.000000
vt 0.559682 0.000000
vt 0.249337 0.000000
vt 0.246684 0.000000
vt 0.244032 0.000000
vt 0.241379 0.000000
vt 0.238727 0.000000
vt 0.514589 0.000000
vt 0.557029 0.000000
vt 0.517241 0.000000
vt 0.554377 0.000000
vt 0.519894 0.000000
vt 0.551724 0.000000
vt 0.522546 0.000000
vt 0.549072 0.000000
vt 0.525199 0.000000
vt 0.546419 0.000000
vt 0.527851 0.000000
vt 0.543767 0.000000
vt 0.530504 0.000000
vt 0.541114 0.000000
vt 0.533157 0.000000
vt 0.538462 0.000000
vt 0.535809 0.000000
vt 0.275862 0.000000
vt 0.371353 0.000000
vt 0.376658 0.000000
vt 0.374005 0.000000
vt 0.379310 0.000000
vt 0.381963 0.000000
vt 0.278515 0.000000
vt 0.384615 0.000000
vt 0.387268 0.000000
vt 0.389920 0.000000
vt 0.392573 0.000000
vt 0.395225 0.000000
vt 0.368700 0.000000
vt 0.397878 0.000000
vt 0.400531 0.000000
vt 0.403183 0.000000
vt 0.405836 0.000000
vt 0.408488 0.000000
vt 0.366048 0.000000
vt 0.363395 0.000000
vt 0.411141 0.000000
vt 0.281167 0.000000
vt 0.498674 0.000000
vt 0.360743 0.000000
vt 0.283820 0.000000
vt 0.286472 0.000000
vt 0.358090 0.000000
vt 0.413793 0.000000
vt 0.289125 0.000000
vt 0.496021 0.000000
vt 0.355438 0.000000
vt 0.291777 0.000000
vt 0.352785 0.000000
vt 0.294430 0.000000
vt 0.297082 0.000000
vt 0.350133 0.000000
vt 0.299735 0.000000
vt 0.347480 0.000000
vt 0.302387 0.000000
vt 0.416446 0.000000
vt 0.305040 0.000000
vt 0.344828 0.000000
vt 0.307692 0.000000
vt 0.493369 0.000000
vt 0.342175 0.000000
vt 0.310345 0.000000
vt 0.312997 0.000000
vt 0.315650 0.000000
vt 0.318302 0.000000
vt 0.320955 0.000000
vt 0.323607 0.000000
vt 0.326260 0.000000
vt 0.328912 0.000000
vt 0.331565 0.000000
vt 0.334218 0.000000
vt 0.336870 0.000000
vt 0.339523 0.000000
vt 0.419098 0.000000
vt 0.490716 0.000000
vt 0.984085 0.000000
vt 0.981432 0.000000
vt 0.700265 0.000000
vt 0.702918 0.000000
vt 0.978780 0.000000
vt 0.488064 0.000000
vt 0.421751 0.000000
vt 0.705570 0.000000
vt 0.708223 0.000000
vt 0.976127 0.000000
vt 0.710875 0.000000
vt 0.485411 0.000000
vt 0.424403 0.000000
vt 0.713528 0.000000
vt 0.973475 0.000000
vt 0.482759 0.000000
vt 0.716180 0.000000
vt 0.427056 0.000000
vt 0.718833 0.000000
vt 0.970822 0.000000
vt 0.480106 0.000000
vt 0.429708 0.000000
vt 0.721485 0.000000
vt 0.477454 0.000000
vt 0.432361 0.000000
vt 0.474801 0.000000
vt 0.724138 0.000000
vt 0.968170 0.000000
vt 0.435013 0.000000
vt 0.472149 0.000000
vt 0.437666 0.000000
vt 0.469496 0.000000
vt 0.466844 0.000000
vt 0.464191 0.000000
vt 0.461538 0.000000
vt 0.458886 0.000000
vt 0.456233 0.000000
vt 0.453581 0.000000
vt 0.450928 0.000000
vt 0.448276 0.000000
vt 0.445623 0.000000
vt 0.442971 0.000000
vt 0.440318 0.000000
vt 0.726790 0.000000
vt 0.729443 0.000000
vt 0.965517 0.000000
vt 0.920424 0.000000
vt 0.732095 0.000000
vt 0.962865 0.000000
vt 0.923077 0.000000
vt 0.917772 0.000000
vt 0.915119 0.000000
vt 0.925729 0.000000
vt 0.734748 0.000000
vt 0.912467 0.000000
vt 0.928382 0.000000
vt 0.909814 0.000000
vt 0.737401 0.000000
vt 0.907162 0.000000
vt 0.931035 0.000000
vt 0.960212 0.000000
vt 0.904509 0.000000
vt 0.740053 0.000000
vt 0.933687 0.000000
vt 0.790451 0.000000
vt 0.795756 0.000000
vt 0.793103 0.000000
vt 0.901857 0.000000
vt 0.787798 0.000000
vt 0.742706 0.000000
vt 0.785146 0.000000
vt 0.798409 0.000000
vt 0.957560 0.000000
vt 0.899204 0.000000
vt 0.745358 0.000000
vt 0.782493 0.000000
vt 0.936339 0.000000
vt 0.779841 0.000000
vt 0.748011 0.000000
vt 0.801061 0.000000
vt 0.777188 0.000000
vt 0.896552 0.000000
vt 0.774536 0.000000
vt 0.750663 0.000000
vt 0.771883 0.000000
vt 0.753316 0.000000
vt 0.769231 0.000000
vt 0.755968 0.000000
vt 0.766578 0.000000
vt 0.758621 0.000000
vt 0.763926 0.000000
vt 0.803714 0.000000
vt 0.761273 0.000000
vt 0.954907 0.000000
vt 0.938992 0.000000
vt 0.893899 0.000000
vt 0.806366 0.000000
vt 0.891247 0.000000
vt 0.941645 0.000000
vt 0.952255 0.000000
vt 0.949602 0.000000
vt 0.946950 0.000000
vt 0.944297 0.000000
vt 0.809019 0.000000
vt 0.888594 0.000000
vt 0.885942 0.000000
vt 0.811671 0.000000
vt 0.814324 0.000000
vt 0.883289 0.000000
vt 0.816976 0.000000
vt 0.880637 0.000000
vt 0.819629 0.000000
vt 0.877984 0.000000
vt 0.822281 0.000000
vt 0.875332 0.000000
vt 0.824934 0.000000
vt 0.872679 0.000000
vt 0.827586 0.000000
vt 0.870027 0.000000
vt 0.830239 0.000000
vt 0.832891 0.000000
vt 0.835544 0.000000
vt 0.867374 0.000000
vt 0.838196 0.000000
vt 0.840849 0.000000
vt 0.864721 0.000000
vt 0.843501 0.000000
vt 0.846154 0.000000
vt 0.862069 0.000000
vt 0.848806 0.000000
vt 0.851459 0.000000
vt 0.859416 0.000000
vt 0.854111 0.000000
vt 0.856764 0.000000
vt 0.160000 0.000000
vt 0.186667 0.000000
vt 0.173333 0.000000
vt 0.200000 0.000000
vt 0.213333 0.000000
vt 0.226667 0.000000
vt 0.146667 0.000000
vt 0.240000 0.000000
vt 0.133333 0.000000
vt 0.253333 0.000000
vt 0.120000 0.000000
vt 0.266667 0.000000
vt 0.106667 0.000000
vt 0.280000 0.000000
vt 0.093333 0.000000
vt 0.293333 0.000000
vt 0.080000 0.000000
vt 0.480000 0.000000
vt 0.506667 0.000000
vt 0.493333 0.000000
vt 0.306667 0.000000
vt 0.066667 0.000000
vt 0.320000 0.000000
vt 0.053333 0.000000
vt 0.466667 0.000000
vt 0.333333 0.000000
vt 0.040000 0.000000
vt 0.026667 0.000000
vt 0.013333 0.000000
vt 0.453333 0.000000
vt 0.520000 0.000000
vt 0.440000 0.000000
vt 0.533333 0.000000
vt 0.426667 0.000000
vt 0.546667 0.000000
vt 0.413333 0.000000
vt 0.560000 0.000000
vt 0.400000 0.000000
vt 0.573333 0.000000
vt 0.386667 0.000000
vt 0.586667 0.000000
vt 0.373333 0.000000
vt 0.600000 0.000000
vt 0.360000 0.000000
vt 0.613333 0.000000
vt 0.346667 0.000000
vt 0.626667 0.000000
vt 0.640000 0.000000
vt 0.986667 0.000000
vt 0.973333 0.000000
vt 0.653333 0.000000
vt 0.960000 0.000000
vt 0.946667 0.000000
vt 0.666667 0.000000
vt 0.933333 0.000000
vt 0.920000 0.000000
vt 0.680000 0.000000
vt 0.906667 0.000000
vt 0.693333 0.000000
vt 0.893333 0.000000
vt 0.706667 0.000000
vt 0.880000 0.000000
vt 0.720000 0.000000
vt 0.866667 0.000000
vt 0.853333 0.000000
vt 0.733333 0.000000
vt 0.840000 0.000000
vt 0.826667 0.000000
vt 0.746667 0.000000
vt 0.760000 0.000000
vt 0.773333 0.000000
vt 0.786667 0.000000
vt 0.800000 0.000000
vt 0.813333 0.000000
vt 0.821918 0.000000
vt 0.849315 0.000000
vt 0.835616 0.000000
vt 0.301370 0.000000
vt 0.328767 0.000000
vt 0.315068 0.000000
vt 0.863014 0.000000
vt 0.287671 0.000000
vt 0.876712 0.000000
vt 0.273973 0.000000
vt 0.890411 0.000000
vt 0.260274 0.000000
vt 0.904110 0.000000
vt 0.246575 0.000000
vt 0.917808 0.000000
vt 0.232877 0.000000
vt 0.931507 0.000000
vt 0.219178 0.000000
vt 0.945205 0.000000
vt 0.205479 0.000000
vt 0.958904 0.000000
vt 0.191781 0.000000
vt 0.972603 0.000000
vt 0.178082 0.000000
vt 0.986301 0.000000
vt 0.164384 0.000000
vt 0.150685 0.000000
vt 0.013699 0.000000
vt 0.027397 0.000000
vt 0.041096 0.000000
vt 0.054795 0.000000
vt 0.068493 0.000000
vt 0.082192 0.000000
vt 0.095890 0.000000
vt 0.109589 0.000000
vt 0.123288 0.000000
vt 0.136986 0.000000
vt 0.808219 0.000000
vt 0.794521 0.000000
vt 0.780822 0.000000
vt 0.767123 0.000000
vt 0.753425 0.000000
vt 0.739726 0.000000
vt 0.726027 0.000000
vt 0.712329 0.000000
vt 0.698630 0.000000
vt 0.684932 0.000000
vt 0.671233 0.000000
vt 0.657534 0.000000
vt 0.616438 0.000000
vt 0.602740 0.000000
vt 0.589041 0.000000
vt 0.575342 0.000000
vt 0.561644 0.000000
vt 0.547945 0.000000
vt 0.534247 0.000000
vt 0.520548 0.000000
vt 0.493151 0.000000
vt 0.479452 0.000000
vt 0.465753 0.000000
vt 0.452055 0.000000
vt 0.438356 0.000000
vt 0.424658 0.000000
vt 0.410959 0.000000
vt 0.397260 0.000000
vt 0.643836 0.000000
vt 0.630137 0.000000
vt 0.506849 0.000000
vt 0.383562 0.000000
vt 0.369863 0.000000
vt 0.356164 0.000000
vt 0.342466 0.000000
vt 0.871287 0.000000
vt 0.891089 0.000000
vt 0.881188 0.000000
vt 0.900990 0.000000
vt 0.910891 0.000000
vt 0.920792 0.000000
vt 0.930693 0.000000
vt 0.940594 0.000000
vt 0.861386 0.000000
vt 0.950495 0.000000
vt 0.851485 0.000000
vt 0.960396 0.000000
vt 0.841584 0.000000
vt 0.970297 0.000000
vt 0.831683 0.000000
vt 0.980198 0.000000
vt 0.821782 0.000000
vt 0.990099 0.000000
vt 0.811881 0.000000
vt 0.801980 0.000000
vt 0.792079 0.000000
vt 0.782178 0.000000
vt 0.772277 0.000000
vt 0.762376 0.000000
vt 0.752475 0.000000
vt 0.613861 0.000000
vt 0.633663 0.000000
vt 0.623762 0.000000
vt 0.099010 0.000000
vt 0.118812 0.000000
vt 0.108911 0.000000
vt 0.643564 0.000000
vt 0.653465 0.000000
vt 0.663366 0.000000
vt 0.089109 0.000000
vt 0.673267 0.000000
vt 0.683168 0.000000
vt 0.693069 0.000000
vt 0.603960 0.000000
vt 0.079208 0.000000
vt 0.594059 0.000000
vt 0.702970 0.000000
vt 0.584158 0.000000
vt 0.128713 0.000000
vt 0.712871 0.000000
vt 0.574257 0.000000
vt 0.722772 0.000000
vt 0.564356 0.000000
vt 0.069307 0.000000
vt 0.732673 0.000000
vt 0.554455 0.000000
vt 0.138614 0.000000
vt 0.742574 0.000000
vt 0.544554 0.000000
vt 0.534653 0.000000
vt 0.524752 0.000000
vt 0.514852 0.000000
vt 0.504951 0.000000
vt 0.495050 0.000000
vt 0.059406 0.000000
vt 0.148515 0.000000
vt 0.049505 0.000000
vt 0.158416 0.000000
vt 0.039604 0.000000
vt 0.168317 0.000000
vt 0.029703 0.000000
vt 0.178218 0.000000
vt 0.019802 0.000000
vt 0.188119 0.000000
vt 0.009901 0.000000
vt 0.198020 0.000000
vt 0.207921 0.000000
vt 0.485149 0.000000
vt 0.217822 0.000000
vt 0.475248 0.000000
vt 0.465347 0.000000
vt 0.227723 0.000000
vt 0.455446 0.000000
vt 0.445545 0.000000
vt 0.237624 0.000000
vt 0.435644 0.000000
vt 0.425743 0.000000
vt 0.415842 0.000000
vt 0.247525 0.000000
vt 0.405941 0.000000
vt 0.257426 0.000000
vt 0.396040 0.000000
vt 0.386139 0.000000
vt 0.267327 0.000000
vt 0.376238 0.000000
vt 0.366337 0.000000
vt 0.277228 0.000000
vt 0.356436 0.000000
vt 0.287129 0.000000
vt 0.297030 0.000000
vt 0.306931 0.000000
vt 0.316832 0.000000
vt 0.326733 0.000000
vt 0.336634 0.000000
vt 0.346535 0.000000
vt 0.135802 0.000000
vt 0.148148 0.000000
vt 0.141975 0.000000
vt 0.129630 0.000000
vt 0.123457 0.000000
vt 0.117284 0.000000
vt 0.111111 0.000000
vt 0.104938 0.000000
vt 0.098765 0.000000
vt 0.092593 0.000000
vt 0.086420 0.000000
vt 0.080247 0.000000
vt 0.074074 0.000000
vt 0.067901 0.000000
vt 0.061728 0.000000
vt 0.055556 0.000000
vt 0.049383 0.000000
vt 0.043210 0.000000
vt 0.037037 0.000000
vt 0.030864 0.000000
vt 0.024691 0.000000
vt 0.018519 0.000000
vt 0.012346 0.000000
vt 0.006173 0.000000
vt 0.679012 0.000000
vt 0.672840 0.000000
vt 0.660494 0.000000
vt 0.654321 0.000000
vt 0.648148 0.000000
vt 0.641975 0.000000
vt 0.635802 0.000000
vt 0.629630 0.000000
vt 0.623457 0.000000
vt 0.617284 0.000000
vt 0.611111 0.000000
vt 0.604938 0.000000
vt 0.598765 0.000000
vt 0.592593 0.000000
vt 0.586420 0.000000
vt 0.580247 0.000000
vt 0.574074 0.000000
vt 0.567901 0.000000
vt 0.561728 0.000000
vt 0.555556 0.000000
vt 0.549383 0.000000
vt 0.524691 0.000000
vt 0.179012 0.000000
vt 0.172840 0.000000
vt 0.166667 0.000000
vt 0.160494 0.000000
vt 0.154321 0.000000
vt 0.185185 0.000000
vt 0.191358 0.000000
vt 0.197531 0.000000
vt 0.203704 0.000000
vt 0.209877 0.000000
vt 0.216049 0.000000
vt 0.543210 0.000000
vt 0.530864 0.000000
vt 0.518519 0.000000
vt 0.222222 0.000000
vt 0.537037 0.000000
vt 0.228395 0.000000
vt 0.512346 0.000000
vt 0.234568 0.000000
vt 0.506173 0.000000
vt 0.240741 0.000000
vt 0.500000 0.000000
vt 0.246914 0.000000
vt 0.919753 0.000000
vt 0.932099 0.000000
vt 0.925926 0.000000
vt 0.493827 0.000000
vt 0.938272 0.000000
vt 0.253086 0.000000
vt 0.944444 0.000000
vt 0.913580 0.000000
vt 0.950617 0.000000
vt 0.907407 0.000000
vt 0.487654 0.000000
vt 0.259259 0.000000
vt 0.956790 0.000000
vt 0.759259 0.000000
vt 0.771605 0.000000
vt 0.765432 0.000000
vt 0.901235 0.000000
vt 0.777778 0.000000
vt 0.962963 0.000000
vt 0.895062 0.000000
vt 0.783951 0.000000
vt 0.481481 0.000000
vt 0.753086 0.000000
vt 0.969136 0.000000
vt 0.265432 0.000000
vt 0.888889 0.000000
vt 0.790123 0.000000
vt 0.746914 0.000000
vt 0.975309 0.000000
vt 0.882716 0.000000
vt 0.796296 0.000000
vt 0.740741 0.000000
vt 0.981481 0.000000
vt 0.876543 0.000000
vt 0.475309 0.000000
vt 0.802469 0.000000
vt 0.271605 0.000000
vt 0.734568 0.000000
vt 0.870370 0.000000
vt 0.987654 0.000000
vt 0.808642 0.000000
vt 0.728395 0.000000
vt 0.864198 0.000000
vt 0.993827 0.000000
vt 0.722222 0.000000
vt 0.814815 0.000000
vt 0.469136 0.000000
vt 0.858025 0.000000
vt 0.277778 0.000000
vt 0.716049 0.000000
vt 0.820988 0.000000
vt 0.851852 0.000000
vt 0.845679 0.000000
vt 0.709877 0.000000
vt 0.827160 0.000000
vt 0.703704 0.000000
vt 0.833333 0.000000
vt 0.462963 0.000000
vt 0.283951 0.000000
vt 0.697531 0.000000
vt 0.839506 0.000000
vt 0.691358 0.000000
vt 0.685185 0.000000
vt 0.290123 0.000000
vt 0.456790 0.000000
vt 0.296296 0.000000
vt 0.450617 0.000000
vt 0.302469 0.000000
vt 0.444444 0.000000
vt 0.308642 0.000000
vt 0.438272 0.000000
vt 0.314815 0.000000
vt 0.432099 0.000000
vt 0.320988 0.000000
vt 0.327161 0.000000
vt 0.425926 0.000000
vt 0.419753 0.000000
vt 0.339506 0.000000
vt 0.345679 0.000000
vt 0.413580 0.000000
vt 0.351852 0.000000
vt 0.358025 0.000000
vt 0.364198 0.000000
vt 0.370370 0.000000
vt 0.407407 0.000000
vt 0.376543 0.000000
vt 0.401235 0.000000
vt 0.395062 0.000000
vt 0.388889 0.000000
vt 0.382716 0.000000
vt 0.571429 0.000000
vt 0.714286 0.000000
vt 0.642857 0.000000
vt 0.428571 0.000000
vt 0.357143 0.000000
vt 0.785714 0.000000
vt 0.928571 0.000000
vt 0.857143 0.000000
vt 0.142857 0.000000
vt 0.071429 0.000000
vt 0.285714 0.000000
vt 0.214286 0.000000
vt 0.066667 1.000000
vt 0.000000 1.000000
vt 0.133333 1.000000
vt 0.200000 1.000000
vt 0.266667 1.000000
vt 0.400000 1.000000
vt 0.333333 1.000000
vt 0.466667 1.000000
vt 0.533333 1.000000
vt 0.666667 1.000000
vt 0.600000 1.000000
vt 0.733333 1.000000
vt 0.866667 1.000000
vt 0.800000 1.000000
vt 0.933333 1.000000
vt 1.000000 1.000000
vt 0.009009 1.000000
vt 0.018018 1.000000
vt 0.009009 0.000000
vt 0.027027 1.000000
vt 0.018018 0.000000
vt 0.036036 0.000000
vt 0.027027 0.000000
vt 0.045045 1.000000
vt 0.036036 1.000000
vt 0.054054 1.000000
vt 0.045045 0.000000
vt 0.063063 1.000000
vt 0.054054 0.000000
vt 0.072072 1.000000
vt 0.063063 0.000000
vt 0.081081 1.000000
vt 0.072072 0.000000
vt 0.090090 1.000000
vt 0.081081 0.000000
vt 0.099099 1.000000
vt 0.090090 0.000000
vt 0.108108 1.000000
vt 0.099099 0.000000
vt 0.117117 1.000000
vt 0.108108 0.000000
vt 0.126126 1.000000
vt 0.117117 0.000000
vt 0.135135 1.000000
vt 0.126126 0.000000
vt 0.144144 1.000000
vt 0.135135 0.000000
vt 0.153153 1.000000
vt 0.144144 0.000000
vt 0.162162 1.000000
vt 0.153153 0.000000
vt 0.171171 1.000000
vt 0.162162 0.000000
vt 0.180180 1.000000
vt 0.171171 0.000000
vt 0.189189 1.000000
vt 0.180180 0.000000
vt 0.198198 1.000000
vt 0.189189 0.000000
vt 0.207207 1.000000
vt 0.198198 0.000000
vt 0.216216 1.000000
vt 0.207207 0.000000
vt 0.225225 1.000000
vt 0.216216 0.000000
vt 0.234234 1.000000
vt 0.225225 0.000000
vt 0.243243 1.000000
vt 0.234234 0.000000
vt 0.252252 1.000000
vt 0.243243 0.000000
vt 0.261261 1.000000
vt 0.252252 0.000000
vt 0.270270 1.000000
vt 0.261261 0.000000
vt 0.279279 1.000000
vt 0.270270 0.000000
vt 0.288288 1.000000
vt 0.279279 0.000000
vt 0.297297 1.000000
vt 0.288288 0.000000
vt 0.306306 1.000000
vt 0.297297 0.000000
vt 0.315315 1.000000
vt 0.306306 0.000000
vt 0.324324 1.000000
vt 0.315315 0.000000
vt 0.324324 0.000000
vt 0.342342 1.000000
vt 0.351351 1.000000
vt 0.342342 0.000000
vt 0.360360 1.000000
vt 0.351351 0.000000
vt 0.369369 1.000000
vt 0.360360 0.000000
vt 0.378378 1.000000
vt 0.369369 0.000000
vt 0.387387 1.000000
vt 0.378378 0.000000
vt 0.396396 0.000000
vt 0.387387 0.000000
vt 0.405405 1.000000
vt 0.396396 1.000000
vt 0.414414 1.000000
vt 0.405405 0.000000
vt 0.423423 0.000000
vt 0.414414 0.000000
vt 0.432432 1.000000
vt 0.423423 1.000000
vt 0.441441 1.000000
vt 0.432432 0.000000
vt 0.450450 1.000000
vt 0.441441 0.000000
vt 0.459459 1.000000
vt 0.450450 0.000000
vt 0.468468 1.000000
vt 0.459459 0.000000
vt 0.477477 1.000000
vt 0.468468 0.000000
vt 0.486486 1.000000
vt 0.477477 0.000000
vt 0.495495 1.000000
vt 0.486486 0.000000
vt 0.504505 1.000000
vt 0.495495 0.000000
vt 0.513514 1.000000
vt 0.504505 0.000000
vt 0.522523 1.000000
vt 0.513514 0.000000
vt 0.531532 1.000000
vt 0.522523 0.000000
vt 0.540541 1.000000
vt 0.531532 0.000000
vt 0.549550 1.000000
vt 0.540541 0.000000
vt 0.558559 1.000000
vt 0.549550 0.000000
vt 0.567568 1.000000
vt 0.558559 0.000000
vt 0.576577 1.000000
vt 0.567568 0.000000
vt 0.585586 0.000000
vt 0.576577 0.000000
vt 0.594595 1.000000
vt 0.585586 1.000000
vt 0.603604 1.000000
vt 0.594595 0.000000
vt 0.612613 1.000000
vt 0.603604 0.000000
vt 0.621622 0.000000
vt 0.612613 0.000000
vt 0.630631 1.000000
vt 0.621622 1.000000
vt 0.639640 0.000000
vt 0.630631 0.000000
vt 0.648649 1.000000
vt 0.639640 1.000000
vt 0.657658 0.000000
vt 0.648649 0.000000
vt 0.657658 1.000000
vt 0.675676 0.000000
vt 0.684685 1.000000
vt 0.675676 1.000000
vt 0.693694 0.000000
vt 0.684685 0.000000
vt 0.702703 1.000000
vt 0.693694 1.000000
vt 0.711712 1.000000
vt 0.702703 0.000000
vt 0.720721 0.000000
vt 0.711712 0.000000
vt 0.729730 1.000000
vt 0.720721 1.000000
vt 0.738739 1.000000
vt 0.729730 0.000000
vt 0.747748 0.000000
vt 0.738739 0.000000
vt 0.756757 1.000000
vt 0.747748 1.000000
vt 0.765766 1.000000
vt 0.756757 0.000000
vt 0.774775 1.000000
vt 0.765766 0.000000
vt 0.783784 1.000000
vt 0.774775 0.000000
vt 0.792793 1.000000
vt 0.783784 0.000000
vt 0.801802 1.000000
vt 0.792793 0.000000
vt 0.810811 1.000000
vt 0.801802 0.000000
vt 0.819820 1.000000
vt 0.810811 0.000000
vt 0.828829 1.000000
vt 0.819820 0.000000
vt 0.837838 1.000000
vt 0.828829 0.000000
vt 0.846847 1.000000
vt 0.837838 0.000000
vt 0.855856 1.000000
vt 0.846847 0.000000
vt 0.864865 1.000000
vt 0.855856 0.000000
vt 0.873874 1.000000
vt 0.864865 0.000000
vt 0.882883 0.000000
vt 0.873874 0.000000
vt 0.891892 1.000000
vt 0.882883 1.000000
vt 0.900901 1.000000
vt 0.891892 0.000000
vt 0.909910 1.000000
vt 0.900901 0.000000
vt 0.918919 1.000000
vt 0.909910 0.000000
vt 0.927928 1.000000
vt 0.918919 0.000000
vt 0.936937 1.000000
vt 0.927928 0.000000
vt 0.945946 1.000000
vt 0.936937 0.000000
vt 0.954955 1.000000
vt 0.945946 0.000000
vt 0.963964 1.000000
vt 0.954955 0.000000
vt 0.972973 1.000000
vt 0.963964 0.000000
vt 0.981982 1.000000
vt 0.972973 0.000000
vt 0.990991 1.000000
vt 0.981982 0.000000
vt 0.990991 0.000000
vt 0.038462 1.000000
vt 0.076923 1.000000
vt 0.038462 0.000000
vt 0.115385 1.000000
vt 0.153846 1.000000
vt 0.115385 0.000000
vt 0.192308 1.000000
vt 0.192308 0.000000
vt 0.269231 1.000000
vt 0.230769 1.000000
vt 0.307692 1.000000
vt 0.269231 0.000000
vt 0.346154 1.000000
vt 0.384615 1.000000
vt 0.346154 0.000000
vt 0.423077 1.000000
vt 0.461538 1.000000
vt 0.423077 0.000000
vt 0.538462 1.000000
vt 0.500000 1.000000
vt 0.576923 1.000000
vt 0.615385 1.000000
vt 0.576923 0.000000
vt 0.653846 1.000000
vt 0.692308 1.000000
vt 0.653846 0.000000
vt 0.730769 1.000000
vt 0.769231 1.000000
vt 0.730769 0.000000
vt 0.807692 1.000000
vt 0.846154 1.000000
vt 0.807692 0.000000
vt 0.884615 1.000000
vt 0.923077 1.000000
vt 0.884615 0.000000
vt 0.961538 0.000000
vt 0.961538 1.000000
vt 0.020000 1.000000
vt 0.040000 1.000000
vt 0.020000 0.000000
vt 0.060000 0.000000
vt 0.080000 1.000000
vt 0.060000 1.000000
vt 0.100000 0.000000
vt 0.120000 1.000000
vt 0.100000 1.000000
vt 0.140000 1.000000
vt 0.140000 0.000000
vt 0.180000 1.000000
vt 0.160000 1.000000
vt 0.180000 0.000000
vt 0.220000 0.000000
vt 0.240000 1.000000
vt 0.220000 1.000000
vt 0.260000 1.000000
vt 0.260000 0.000000
vt 0.300000 1.000000
vt 0.280000 1.000000
vt 0.320000 1.000000
vt 0.300000 0.000000
vt 0.340000 0.000000
vt 0.360000 1.000000
vt 0.340000 1.000000
vt 0.380000 1.000000
vt 0.380000 0.000000
vt 0.420000 1.000000
vt 0.440000 1.000000
vt 0.420000 0.000000
vt 0.460000 1.000000
vt 0.480000 1.000000
vt 0.460000 0.000000
vt 0.520000 1.000000
vt 0.540000 1.000000
vt 0.560000 1.000000
vt 0.540000 0.000000
vt 0.580000 1.000000
vt 0.580000 0.000000
vt 0.620000 1.000000
vt 0.640000 1.000000
vt 0.620000 0.000000
vt 0.660000 1.000000
vt 0.680000 1.000000
vt 0.660000 0.000000
vt 0.700000 1.000000
vt 0.720000 1.000000
vt 0.700000 0.000000
vt 0.740000 0.000000
vt 0.760000 1.000000
vt 0.740000 1.000000
vt 0.780000 1.000000
vt 0.780000 0.000000
vt 0.820000 1.000000
vt 0.820000 0.000000
vt 0.860000 1.000000
vt 0.840000 1.000000
vt 0.880000 1.000000
vt 0.860000 0.000000
vt 0.900000 1.000000
vt 0.920000 1.000000
vt 0.900000 0.000000
vt 0.940000 1.000000
vt 0.960000 1.000000
vt 0.940000 0.000000
vt 0.980000 0.000000
vt 0.980000 1.000000
vt 0.013514 1.000000
vt 0.013514 0.000000
vt 0.040541 1.000000
vt 0.040541 0.000000
vt 0.067568 1.000000
vt 0.067568 0.000000
vt 0.094595 1.000000
vt 0.094595 0.000000
vt 0.121622 1.000000
vt 0.121622 0.000000
vt 0.148649 1.000000
vt 0.148649 0.000000
vt 0.175676 1.000000
vt 0.175676 0.000000
vt 0.202703 1.000000
vt 0.202703 0.000000
vt 0.229730 1.000000
vt 0.229730 0.000000
vt 0.256757 1.000000
vt 0.256757 0.000000
vt 0.283784 1.000000
vt 0.283784 0.000000
vt 0.310811 1.000000
vt 0.310811 0.000000
vt 0.337838 1.000000
vt 0.337838 0.000000
vt 0.364865 1.000000
vt 0.364865 0.000000
vt 0.391892 1.000000
vt 0.391892 0.000000
vt 0.418919 1.000000
vt 0.418919 0.000000
vt 0.445946 1.000000
vt 0.445946 0.000000
vt 0.472973 1.000000
vt 0.472973 0.000000
vt 0.527027 1.000000
vt 0.527027 0.000000
vt 0.554054 1.000000
vt 0.554054 0.000000
vt 0.581081 1.000000
vt 0.581081 0.000000
vt 0.608108 1.000000
vt 0.608108 0.000000
vt 0.635135 1.000000
vt 0.635135 0.000000
vt 0.662162 1.000000
vt 0.662162 0.000000
vt 0.689189 1.000000
vt 0.689189 0.000000
vt 0.716216 1.000000
vt 0.716216 0.000000
vt 0.743243 1.000000
vt 0.743243 0.000000
vt 0.770270 1.000000
vt 0.770270 0.000000
vt 0.797297 1.000000
vt 0.797297 0.000000
vt 0.824324 1.000000
vt 0.824324 0.000000
vt 0.851351 1.000000
vt 0.851351 0.000000
vt 0.878378 1.000000
vt 0.878378 0.000000
vt 0.905405 1.000000
vt 0.905405 0.000000
vt 0.932432 1.000000
vt 0.932432 0.000000
vt 0.959459 1.000000
vt 0.959459 0.000000
vt 0.986486 1.000000
vt 0.986486 0.000000
vt 0.250000 0.000000
vt 0.250000 1.000000
vt 0.750000 1.000000
vt 0.750000 0.000000
vt 0.005208 1.000000
vt 0.010417 1.000000
vt 0.005208 0.000000
vt 0.015625 1.000000
vt 0.010417 0.000000
vt 0.020833 1.000000
vt 0.015625 0.000000
vt 0.026042 1.000000
vt 0.020833 0.000000
vt 0.031250 1.000000
vt 0.026042 0.000000
vt 0.036458 1.000000
vt 0.031250 0.000000
vt 0.041667 1.000000
vt 0.036458 0.000000
vt 0.046875 1.000000
vt 0.041667 0.000000
vt 0.052083 1.000000
vt 0.046875 0.000000
vt 0.057292 0.000000
vt 0.052083 0.000000
vt 0.062500 1.000000
vt 0.057292 1.000000
vt 0.067708 0.000000
vt 0.062500 0.000000
vt 0.072917 1.000000
vt 0.067708 1.000000
vt 0.078125 1.000000
vt 0.072917 0.000000
vt 0.083333 1.000000
vt 0.078125 0.000000
vt 0.088542 0.000000
vt 0.083333 0.000000
vt 0.093750 1.000000
vt 0.088542 1.000000
vt 0.098958 1.000000
vt 0.093750 0.000000
vt 0.104167 1.000000
vt 0.098958 0.000000
vt 0.109375 1.000000
vt 0.104167 0.000000
vt 0.114583 1.000000
vt 0.109375 0.000000
vt 0.119792 1.000000
vt 0.114583 0.000000
vt 0.125000 1.000000
vt 0.119792 0.000000
vt 0.130208 1.000000
vt 0.125000 0.000000
vt 0.135417 1.000000
vt 0.130208 0.000000
vt 0.140625 1.000000
vt 0.135417 0.000000
vt 0.145833 1.000000
vt 0.140625 0.000000
vt 0.151042 1.000000
vt 0.145833 0.000000
vt 0.156250 1.000000
vt 0.151042 0.000000
vt 0.161458 1.000000
vt 0.156250 0.000000
vt 0.166667 1.000000
vt 0.161458 0.000000
vt 0.171875 1.000000
vt 0.177083 1.000000
vt 0.171875 0.000000
vt 0.182292 1.000000
vt 0.177083 0.000000
vt 0.187500 1.000000
vt 0.182292 0.000000
vt 0.192708 1.000000
vt 0.187500 0.000000
vt 0.197917 1.000000
vt 0.192708 0.000000
vt 0.203125 1.000000
vt 0.197917 0.000000
vt 0.208333 0.000000
vt 0.203125 0.000000
vt 0.213542 1.000000
vt 0.208333 1.000000
vt 0.218750 1.000000
vt 0.213542 0.000000
vt 0.223958 0.000000
vt 0.218750 0.000000
vt 0.229167 1.000000
vt 0.223958 1.000000
vt 0.234375 1.000000
vt 0.229167 0.000000
vt 0.239583 0.000000
vt 0.234375 0.000000
vt 0.244792 1.000000
vt 0.239583 1.000000
vt 0.244792 0.000000
vt 0.255208 1.000000
vt 0.260417 1.000000
vt 0.255208 0.000000
vt 0.265625 1.000000
vt 0.260417 0.000000
vt 0.270833 1.000000
vt 0.265625 0.000000
vt 0.276042 1.000000
vt 0.270833 0.000000
vt 0.281250 1.000000
vt 0.276042 0.000000
vt 0.286458 0.000000
vt 0.281250 0.000000
vt 0.291667 1.000000
vt 0.286458 1.000000
vt 0.296875 1.000000
vt 0.291667 0.000000
vt 0.302083 1.000000
vt 0.296875 0.000000
vt 0.307292 1.000000
vt 0.302083 0.000000
vt 0.312500 1.000000
vt 0.307292 0.000000
vt 0.317708 1.000000
vt 0.312500 0.000000
vt 0.322917 1.000000
vt 0.317708 0.000000
vt 0.328125 1.000000
vt 0.322917 0.000000
vt 0.328125 0.000000
vt 0.338542 1.000000
vt 0.343750 1.000000
vt 0.338542 0.000000
vt 0.348958 1.000000
vt 0.343750 0.000000
vt 0.354167 1.000000
vt 0.348958 0.000000
vt 0.359375 1.000000
vt 0.354167 0.000000
vt 0.364583 1.000000
vt 0.359375 0.000000
vt 0.369792 1.000000
vt 0.364583 0.000000
vt 0.375000 1.000000
vt 0.369792 0.000000
vt 0.380208 1.000000
vt 0.375000 0.000000
vt 0.385417 1.000000
vt 0.380208 0.000000
vt 0.390625 1.000000
vt 0.385417 0.000000
vt 0.395833 1.000000
vt 0.390625 0.000000
vt 0.401042 1.000000
vt 0.395833 0.000000
vt 0.406250 1.000000
vt 0.401042 0.000000
vt 0.411458 1.000000
vt 0.406250 0.000000
vt 0.416667 1.000000
vt 0.411458 0.000000
vt 0.421875 1.000000
vt 0.416667 0.000000
vt 0.427083 1.000000
vt 0.421875 0.000000
vt 0.432292 1.000000
vt 0.427083 0.000000
vt 0.437500 1.000000
vt 0.432292 0.000000
vt 0.442708 1.000000
vt 0.437500 0.000000
vt 0.447917 1.000000
vt 0.442708 0.000000
vt 0.453125 1.000000
vt 0.447917 0.000000
vt 0.458333 1.000000
vt 0.453125 0.000000
vt 0.463542 1.000000
vt 0.458333 0.000000
vt 0.468750 1.000000
vt 0.463542 0.000000
vt 0.473958 1.000000
vt 0.468750 0.000000
vt 0.479167 1.000000
vt 0.473958 0.000000
vt 0.484375 1.000000
vt 0.479167 0.000000
vt 0.489583 1.000000
vt 0.484375 0.000000
vt 0.494792 1.000000
vt 0.489583 0.000000
vt 0.494792 0.000000
vt 0.505208 1.000000
vt 0.510417 1.000000
vt 0.505208 0.000000
vt 0.515625 1.000000
vt 0.510417 0.000000
vt 0.520833 1.000000
vt 0.515625 0.000000
vt 0.526042 1.000000
vt 0.520833 0.000000
vt 0.531250 0.000000
vt 0.526042 0.000000
vt 0.536458 1.000000
vt 0.531250 1.000000
vt 0.541667 1.000000
vt 0.536458 0.000000
vt 0.546875 1.000000
vt 0.541667 0.000000
vt 0.552083 1.000000
vt 0.546875 0.000000
vt 0.557292 1.000000
vt 0.552083 0.000000
vt 0.562500 1.000000
vt 0.557292 0.000000
vt 0.567708 1.000000
vt 0.562500 0.000000
vt 0.572917 1.000000
vt 0.567708 0.000000
vt 0.578125 1.000000
vt 0.572917 0.000000
vt 0.583333 1.000000
vt 0.578125 0.000000
vt 0.588542 1.000000
vt 0.583333 0.000000
vt 0.593750 1.000000
vt 0.588542 0.000000
vt 0.598958 1.000000
vt 0.593750 0.000000
vt 0.604167 1.000000
vt 0.598958 0.000000
vt 0.609375 1.000000
vt 0.604167 0.000000
vt 0.614583 1.000000
vt 0.609375 0.000000
vt 0.619792 1.000000
vt 0.614583 0.000000
vt 0.625000 1.000000
vt 0.619792 0.000000
vt 0.630208 1.000000
vt 0.625000 0.000000
vt 0.635417 1.000000
vt 0.630208 0.000000
vt 0.640625 1.000000
vt 0.635417 0.000000
vt 0.645833 1.000000
vt 0.640625 0.000000
vt 0.651042 1.000000
vt 0.645833 0.000000
vt 0.656250 1.000000
vt 0.651042 0.000000
vt 0.661458 1.000000
vt 0.656250 0.000000
vt 0.661458 0.000000
vt 0.671875 1.000000
vt 0.677083 1.000000
vt 0.671875 0.000000
vt 0.682292 1.000000
vt 0.677083 0.000000
vt 0.687500 1.000000
vt 0.682292 0.000000
vt 0.692708 1.000000
vt 0.687500 0.000000
vt 0.697917 1.000000
vt 0.692708 0.000000
vt 0.703125 1.000000
vt 0.697917 0.000000
vt 0.708333 1.000000
vt 0.703125 0.000000
vt 0.713542 1.000000
vt 0.708333 0.000000
vt 0.718750 1.000000
vt 0.713542 0.000000
vt 0.723958 1.000000
vt 0.718750 0.000000
vt 0.729167 1.000000
vt 0.723958 0.000000
vt 0.734375 1.000000
vt 0.729167 0.000000
vt 0.739583 1.000000
vt 0.734375 0.000000
vt 0.744792 1.000000
vt 0.739583 0.000000
vt 0.744792 0.000000
vt 0.755208 1.000000
vt 0.760417 0.000000
vt 0.755208 0.000000
vt 0.765625 1.000000
vt 0.760417 1.000000
vt 0.770833 1.000000
vt 0.765625 0.000000
vt 0.776042 1.000000
vt 0.770833 0.000000
vt 0.781250 1.000000
vt 0.776042 0.000000
vt 0.786458 1.000000
vt 0.781250 0.000000
vt 0.791667 0.000000
vt 0.786458 0.000000
vt 0.796875 1.000000
vt 0.791667 1.000000
vt 0.802083 1.000000
vt 0.796875 0.000000
vt 0.807292 1.000000
vt 0.802083 0.000000
vt 0.812500 1.000000
vt 0.807292 0.000000
vt 0.817708 1.000000
vt 0.812500 0.000000
vt 0.822917 1.000000
vt 0.817708 0.000000
vt 0.828125 1.000000
vt 0.822917 0.000000
vt 0.833333 1.000000
vt 0.828125 0.000000
vt 0.838542 1.000000
vt 0.843750 1.000000
vt 0.838542 0.000000
vt 0.848958 1.000000
vt 0.843750 0.000000
vt 0.854167 1.000000
vt 0.848958 0.000000
vt 0.859375 1.000000
vt 0.854167 0.000000
vt 0.864583 1.000000
vt 0.859375 0.000000
vt 0.869792 1.000000
vt 0.864583 0.000000
vt 0.875000 1.000000
vt 0.869792 0.000000
vt 0.880208 0.000000
vt 0.875000 0.000000
vt 0.885417 1.000000
vt 0.880208 1.000000
vt 0.890625 1.000000
vt 0.885417 0.000000
vt 0.895833 1.000000
vt 0.890625 0.000000
vt 0.901042 1.000000
vt 0.895833 0.000000
vt 0.906250 1.000000
vt 0.901042 0.000000
vt 0.911458 1.000000
vt 0.906250 0.000000
vt 0.916667 1.000000
vt 0.911458 0.000000
vt 0.921875 1.000000
vt 0.916667 0.000000
vt 0.927083 1.000000
vt 0.921875 0.000000
vt 0.932292 1.000000
vt 0.927083 0.000000
vt 0.937500 1.000000
vt 0.932292 0.000000
vt 0.942708 1.000000
vt 0.937500 0.000000
vt 0.947917 1.000000
vt 0.942708 0.000000
vt 0.953125 0.000000
vt 0.947917 0.000000
vt 0.958333 1.000000
vt 0.953125 1.000000
vt 0.963542 1.000000
vt 0.958333 0.000000
vt 0.968750 1.000000
vt 0.963542 0.000000
vt 0.973958 1.000000
vt 0.968750 0.000000
vt 0.979167 1.000000
vt 0.973958 0.000000
vt 0.984375 1.000000
vt 0.979167 0.000000
vt 0.989583 0.000000
vt 0.984375 0.000000
vt 0.994792 1.000000
vt 0.989583 1.000000
vt 0.994792 0.000000
vt 0.008772 1.000000
vt 0.017544 1.000000
vt 0.008772 0.000000
vt 0.026316 1.000000
vt 0.017544 0.000000
vt 0.035088 1.000000
vt 0.026316 0.000000
vt 0.043860 1.000000
vt 0.035088 0.000000
vt 0.052632 1.000000
vt 0.043860 0.000000
vt 0.061404 1.000000
vt 0.052632 0.000000
vt 0.070175 1.000000
vt 0.061404 0.000000
vt 0.078947 1.000000
vt 0.070175 0.000000
vt 0.087719 1.000000
vt 0.078947 0.000000
vt 0.096491 1.000000
vt 0.087719 0.000000
vt 0.105263 1.000000
vt 0.096491 0.000000
vt 0.114035 1.000000
vt 0.105263 0.000000
vt 0.122807 1.000000
vt 0.114035 0.000000
vt 0.131579 1.000000
vt 0.122807 0.000000
vt 0.140351 1.000000
vt 0.131579 0.000000
vt 0.149123 1.000000
vt 0.140351 0.000000
vt 0.157895 1.000000
vt 0.149123 0.000000
vt 0.157895 0.000000
vt 0.175439 1.000000
vt 0.184211 1.000000
vt 0.175439 0.000000
vt 0.192982 1.000000
vt 0.184211 0.000000
vt 0.201754 1.000000
vt 0.192982 0.000000
vt 0.210526 1.000000
vt 0.201754 0.000000
vt 0.219298 1.000000
vt 0.210526 0.000000
vt 0.228070 1.000000
vt 0.219298 0.000000
vt 0.236842 1.000000
vt 0.228070 0.000000
vt 0.245614 1.000000
vt 0.236842 0.000000
vt 0.254386 1.000000
vt 0.245614 0.000000
vt 0.263158 1.000000
vt 0.254386 0.000000
vt 0.271930 1.000000
vt 0.263158 0.000000
vt 0.280702 1.000000
vt 0.271930 0.000000
vt 0.289474 1.000000
vt 0.280702 0.000000
vt 0.298246 1.000000
vt 0.289474 0.000000
vt 0.307018 1.000000
vt 0.298246 0.000000
vt 0.315789 1.000000
vt 0.307018 0.000000
vt 0.324561 1.000000
vt 0.315789 0.000000
vt 0.324561 0.000000
vt 0.342105 1.000000
vt 0.350877 1.000000
vt 0.342105 0.000000
vt 0.359649 1.000000
vt 0.350877 0.000000
vt 0.368421 1.000000
vt 0.359649 0.000000
vt 0.377193 1.000000
vt 0.368421 0.000000
vt 0.385965 1.000000
vt 0.377193 0.000000
vt 0.394737 1.000000
vt 0.385965 0.000000
vt 0.403509 1.000000
vt 0.394737 0.000000
vt 0.412281 1.000000
vt 0.403509 0.000000
vt 0.421053 1.000000
vt 0.412281 0.000000
vt 0.429825 1.000000
vt 0.421053 0.000000
vt 0.438596 1.000000
vt 0.429825 0.000000
vt 0.447368 1.000000
vt 0.438596 0.000000
vt 0.456140 1.000000
vt 0.447368 0.000000
vt 0.464912 1.000000
vt 0.456140 0.000000
vt 0.473684 1.000000
vt 0.464912 0.000000
vt 0.482456 1.000000
vt 0.473684 0.000000
vt 0.491228 1.000000
vt 0.482456 0.000000
vt 0.491228 0.000000
vt 0.508772 1.000000
vt 0.517544 1.000000
vt 0.508772 0.000000
vt 0.526316 1.000000
vt 0.517544 0.000000
vt 0.535088 1.000000
vt 0.526316 0.000000
vt 0.543860 1.000000
vt 0.535088 0.000000
vt 0.552632 1.000000
vt 0.543860 0.000000
vt 0.561404 1.000000
vt 0.552632 0.000000
vt 0.570175 1.000000
vt 0.561404 0.000000
vt 0.578947 1.000000
vt 0.570175 0.000000
vt 0.587719 1.000000
vt 0.578947 0.000000
vt 0.596491 1.000000
vt 0.587719 0.000000
vt 0.605263 1.000000
vt 0.596491 0.000000
vt 0.614035 1.000000
vt 0.605263 0.000000
vt 0.622807 1.000000
vt 0.614035 0.000000
vt 0.631579 1.000000
vt 0.622807 0.000000
vt 0.640351 0.000000
vt 0.631579 0.000000
vt 0.649123 1.000000
vt 0.640351 1.000000
vt 0.657895 1.000000
vt 0.649123 0.000000
vt 0.657895 0.000000
vt 0.675439 1.000000
vt 0.684211 1.000000
vt 0.675439 0.000000
vt 0.692982 1.000000
vt 0.684211 0.000000
vt 0.701754 1.000000
vt 0.692982 0.000000
vt 0.710526 1.000000
vt 0.701754 0.000000
vt 0.719298 1.000000
vt 0.710526 0.000000
vt 0.728070 1.000000
vt 0.719298 0.000000
vt 0.736842 1.000000
vt 0.728070 0.000000
vt 0.745614 1.000000
vt 0.736842 0.000000
vt 0.754386 1.000000
vt 0.745614 0.000000
vt 0.763158 1.000000
vt 0.754386 0.000000
vt 0.771930 1.000000
vt 0.763158 0.000000
vt 0.780702 1.000000
vt 0.771930 0.000000
vt 0.789474 1.000000
vt 0.780702 0.000000
vt 0.798246 1.000000
vt 0.789474 0.000000
vt 0.807018 1.000000
vt 0.798246 0.000000
vt 0.815789 1.000000
vt 0.807018 0.000000
vt 0.824561 1.000000
vt 0.815789 0.000000
vt 0.824561 0.000000
vt 0.842105 0.000000
vt 0.850877 1.000000
vt 0.842105 1.000000
vt 0.859649 1.000000
vt 0.850877 0.000000
vt 0.868421 1.000000
vt 0.859649 0.000000
vt 0.877193 1.000000
vt 0.868421 0.000000
vt 0.885965 1.000000
vt 0.877193 0.000000
vt 0.894737 1.000000
vt 0.885965 0.000000
vt 0.903509 1.000000
vt 0.894737 0.000000
vt 0.912281 0.000000
vt 0.903509 0.000000
vt 0.921053 1.000000
vt 0.912281 1.000000
vt 0.929825 1.000000
vt 0.921053 0.000000
vt 0.938596 1.000000
vt 0.929825 0.000000
vt 0.947368 1.000000
vt 0.938596 0.000000
vt 0.956140 1.000000
vt 0.947368 0.000000
vt 0.964912 1.000000
vt 0.956140 0.000000
vt 0.973684 0.000000
vt 0.964912 0.000000
vt 0.982456 1.000000
vt 0.973684 1.000000
vt 0.991228 1.000000
vt 0.982456 0.000000
vt 0.991228 0.000000
vt 0.008197 1.000000
vt 0.016393 1.000000
vt 0.008197 0.000000
vt 0.024590 1.000000
vt 0.016393 0.000000
vt 0.032787 1.000000
vt 0.024590 0.000000
vt 0.040984 1.000000
vt 0.032787 0.000000
vt 0.049180 1.000000
vt 0.040984 0.000000
vt 0.057377 1.000000
vt 0.049180 0.000000
vt 0.065574 1.000000
vt 0.057377 0.000000
vt 0.073770 1.000000
vt 0.065574 0.000000
vt 0.081967 1.000000
vt 0.073770 0.000000
vt 0.090164 1.000000
vt 0.081967 0.000000
vt 0.098361 1.000000
vt 0.090164 0.000000
vt 0.106557 1.000000
vt 0.098361 0.000000
vt 0.114754 1.000000
vt 0.106557 0.000000
vt 0.122951 1.000000
vt 0.114754 0.000000
vt 0.131148 1.000000
vt 0.122951 0.000000
vt 0.139344 1.000000
vt 0.131148 0.000000
vt 0.147541 1.000000
vt 0.139344 0.000000
vt 0.155738 1.000000
vt 0.147541 0.000000
vt 0.163934 1.000000
vt 0.155738 0.000000
vt 0.172131 1.000000
vt 0.163934 0.000000
vt 0.180328 1.000000
vt 0.172131 0.000000
vt 0.188525 1.000000
vt 0.180328 0.000000
vt 0.196721 1.000000
vt 0.188525 0.000000
vt 0.204918 0.000000
vt 0.196721 0.000000
vt 0.213115 1.000000
vt 0.204918 1.000000
vt 0.221311 0.000000
vt 0.213115 0.000000
vt 0.229508 1.000000
vt 0.221311 1.000000
vt 0.237705 1.000000
vt 0.229508 0.000000
vt 0.245902 0.000000
vt 0.237705 0.000000
vt 0.254098 1.000000
vt 0.245902 1.000000
vt 0.262295 1.000000
vt 0.254098 0.000000
vt 0.270492 1.000000
vt 0.262295 0.000000
vt 0.278689 1.000000
vt 0.270492 0.000000
vt 0.286885 1.000000
vt 0.278689 0.000000
vt 0.295082 1.000000
vt 0.286885 0.000000
vt 0.303279 1.000000
vt 0.295082 0.000000
vt 0.311475 0.000000
vt 0.303279 0.000000
vt 0.319672 1.000000
vt 0.311475 1.000000
vt 0.327869 1.000000
vt 0.319672 0.000000
vt 0.336066 1.000000
vt 0.327869 0.000000
vt 0.344262 1.000000
vt 0.336066 0.000000
vt 0.352459 1.000000
vt 0.344262 0.000000
vt 0.360656 0.000000
vt 0.352459 0.000000
vt 0.360656 1.000000
vt 0.368852 0.000000
vt 0.377049 1.000000
vt 0.368852 1.000000
vt 0.385246 1.000000
vt 0.377049 0.000000
vt 0.393443 1.000000
vt 0.385246 0.000000
vt 0.401639 1.000000
vt 0.393443 0.000000
vt 0.409836 1.000000
vt 0.401639 0.000000
vt 0.418033 1.000000
vt 0.409836 0.000000
vt 0.426230 1.000000
vt 0.418033 0.000000
vt 0.434426 1.000000
vt 0.426230 0.000000
vt 0.442623 1.000000
vt 0.434426 0.000000
vt 0.450820 1.000000
vt 0.442623 0.000000
vt 0.459016 1.000000
vt 0.450820 0.000000
vt 0.467213 1.000000
vt 0.459016 0.000000
vt 0.475410 1.000000
vt 0.467213 0.000000
vt 0.483607 1.000000
vt 0.475410 0.000000
vt 0.491803 1.000000
vt 0.483607 0.000000
vt 0.491803 0.000000
vt 0.508197 1.000000
vt 0.516393 1.000000
vt 0.508197 0.000000
vt 0.524590 1.000000
vt 0.516393 0.000000
vt 0.532787 1.000000
vt 0.524590 0.000000
vt 0.540984 1.000000
vt 0.532787 0.000000
vt 0.549180 1.000000
vt 0.540984 0.000000
vt 0.557377 0.000000
vt 0.549180 0.000000
vt 0.565574 1.000000
vt 0.557377 1.000000
vt 0.573770 1.000000
vt 0.565574 0.000000
vt 0.581967 1.000000
vt 0.573770 0.000000
vt 0.590164 0.000000
vt 0.581967 0.000000
vt 0.598361 1.000000
vt 0.590164 1.000000
vt 0.606557 1.000000
vt 0.598361 0.000000
vt 0.614754 0.000000
vt 0.606557 0.000000
vt 0.622951 1.000000
vt 0.614754 1.000000
vt 0.631148 1.000000
vt 0.622951 0.000000
vt 0.639344 0.000000
vt 0.631148 0.000000
vt 0.647541 1.000000
vt 0.639344 1.000000
vt 0.655738 1.000000
vt 0.647541 0.000000
vt 0.663934 1.000000
vt 0.655738 0.000000
vt 0.672131 0.000000
vt 0.663934 0.000000
vt 0.680328 1.000000
vt 0.672131 1.000000
vt 0.688525 0.000000
vt 0.680328 0.000000
vt 0.696721 1.000000
vt 0.688525 1.000000
vt 0.704918 1.000000
vt 0.696721 0.000000
vt 0.713115 1.000000
vt 0.704918 0.000000
vt 0.721311 1.000000
vt 0.713115 0.000000
vt 0.729508 1.000000
vt 0.721311 0.000000
vt 0.737705 1.000000
vt 0.729508 0.000000
vt 0.745902 1.000000
vt 0.737705 0.000000
vt 0.754098 1.000000
vt 0.745902 0.000000
vt 0.762295 1.000000
vt 0.754098 0.000000
vt 0.770492 1.000000
vt 0.762295 0.000000
vt 0.778689 1.000000
vt 0.770492 0.000000
vt 0.786885 1.000000
vt 0.778689 0.000000
vt 0.795082 1.000000
vt 0.786885 0.000000
vt 0.803279 1.000000
vt 0.795082 0.000000
vt 0.811475 1.000000
vt 0.803279 0.000000
vt 0.819672 1.000000
vt 0.811475 0.000000
vt 0.827869 1.000000
vt 0.819672 0.000000
vt 0.836066 1.000000
vt 0.827869 0.000000
vt 0.844262 1.000000
vt 0.836066 0.000000
vt 0.852459 1.000000
vt 0.844262 0.000000
vt 0.860656 1.000000
vt 0.852459 0.000000
vt 0.868852 1.000000
vt 0.860656 0.000000
vt 0.877049 1.000000
vt 0.868852 0.000000
vt 0.885246 1.000000
vt 0.877049 0.000000
vt 0.893443 1.000000
vt 0.885246 0.000000
vt 0.901639 0.000000
vt 0.893443 0.000000
vt 0.909836 1.000000
vt 0.901639 1.000000
vt 0.918033 1.000000
vt 0.909836 0.000000
vt 0.926230 1.000000
vt 0.918033 0.000000
vt 0.934426 1.000000
vt 0.926230 0.000000
vt 0.942623 1.000000
vt 0.934426 0.000000
vt 0.950820 1.000000
vt 0.942623 0.000000
vt 0.959016 1.000000
vt 0.950820 0.000000
vt 0.967213 1.000000
vt 0.959016 0.000000
vt 0.975410 1.000000
vt 0.967213 0.000000
vt 0.983607 1.000000
vt 0.975410 0.000000
vt 0.991803 1.000000
vt 0.983607 0.000000
vt 0.991803 0.000000
vt 0.007937 1.000000
vt 0.015873 1.000000
vt 0.007937 0.000000
vt 0.023810 1.000000
vt 0.015873 0.000000
vt 0.031746 1.000000
vt 0.023810 0.000000
vt 0.039683 1.000000
vt 0.031746 0.000000
vt 0.047619 1.000000
vt 0.039683 0.000000
vt 0.055556 1.000000
vt 0.047619 0.000000
vt 0.063492 1.000000
vt 0.071429 1.000000
vt 0.063492 0.000000
vt 0.079365 1.000000
vt 0.087302 1.000000
vt 0.079365 0.000000
vt 0.095238 1.000000
vt 0.087302 0.000000
vt 0.103175 1.000000
vt 0.095238 0.000000
vt 0.111111 1.000000
vt 0.103175 0.000000
vt 0.119048 1.000000
vt 0.126984 0.000000
vt 0.119048 0.000000
vt 0.134921 1.000000
vt 0.126984 1.000000
vt 0.142857 1.000000
vt 0.134921 0.000000
vt 0.150794 1.000000
vt 0.158730 1.000000
vt 0.150794 0.000000
vt 0.158730 0.000000
vt 0.174603 1.000000
vt 0.182540 0.000000
vt 0.174603 0.000000
vt 0.190476 1.000000
vt 0.182540 1.000000
vt 0.198413 1.000000
vt 0.190476 0.000000
vt 0.206349 1.000000
vt 0.198413 0.000000
vt 0.214286 1.000000
vt 0.206349 0.000000
vt 0.222222 1.000000
vt 0.230159 1.000000
vt 0.238095 1.000000
vt 0.230159 0.000000
vt 0.246032 1.000000
vt 0.238095 0.000000
vt 0.253968 1.000000
vt 0.246032 0.000000
vt 0.261905 1.000000
vt 0.253968 0.000000
vt 0.269841 1.000000
vt 0.261905 0.000000
vt 0.277778 1.000000
vt 0.269841 0.000000
vt 0.285714 1.000000
vt 0.293651 1.000000
vt 0.301587 1.000000
vt 0.293651 0.000000
vt 0.309524 1.000000
vt 0.301587 0.000000
vt 0.317460 1.000000
vt 0.309524 0.000000
vt 0.325397 0.000000
vt 0.317460 0.000000
vt 0.325397 1.000000
vt 0.341270 1.000000
vt 0.349206 1.000000
vt 0.341270 0.000000
vt 0.357143 1.000000
vt 0.349206 0.000000
vt 0.365079 1.000000
vt 0.373016 1.000000
vt 0.365079 0.000000
vt 0.380952 1.000000
vt 0.373016 0.000000
vt 0.388889 1.000000
vt 0.380952 0.000000
vt 0.396825 1.000000
vt 0.404762 1.000000
vt 0.396825 0.000000
vt 0.412698 0.000000
vt 0.404762 0.000000
vt 0.420635 1.000000
vt 0.412698 1.000000
vt 0.428571 1.000000
vt 0.420635 0.000000
vt 0.436508 1.000000
vt 0.436508 0.000000
vt 0.452381 1.000000
vt 0.444444 1.000000
vt 0.460317 1.000000
vt 0.452381 0.000000
vt 0.468254 1.000000
vt 0.460317 0.000000
vt 0.476190 1.000000
vt 0.468254 0.000000
vt 0.484127 1.000000
vt 0.476190 0.000000
vt 0.492063 1.000000
vt 0.484127 0.000000
vt 0.492063 0.000000
vt 0.507937 1.000000
vt 0.515873 1.000000
vt 0.507937 0.000000
vt 0.523810 1.000000
vt 0.515873 0.000000
vt 0.531746 1.000000
vt 0.523810 0.000000
vt 0.539683 1.000000
vt 0.531746 0.000000
vt 0.547619 1.000000
vt 0.539683 0.000000
vt 0.555556 1.000000
vt 0.547619 0.000000
vt 0.563492 1.000000
vt 0.571429 1.000000
vt 0.563492 0.000000
vt 0.579365 1.000000
vt 0.587302 1.000000
vt 0.579365 0.000000
vt 0.595238 1.000000
vt 0.587302 0.000000
vt 0.603175 1.000000
vt 0.595238 0.000000
vt 0.611111 1.000000
vt 0.603175 0.000000
vt 0.619048 1.000000
vt 0.626984 1.000000
vt 0.619048 0.000000
vt 0.634921 1.000000
vt 0.626984 0.000000
vt 0.642857 1.000000
vt 0.634921 0.000000
vt 0.650794 1.000000
vt 0.658730 1.000000
vt 0.650794 0.000000
vt 0.658730 0.000000
vt 0.674603 0.000000
vt 0.682540 1.000000
vt 0.674603 1.000000
vt 0.690476 0.000000
vt 0.682540 0.000000
vt 0.698413 1.000000
vt 0.690476 1.000000
vt 0.706349 1.000000
vt 0.698413 0.000000
vt 0.714286 1.000000
vt 0.706349 0.000000
vt 0.722222 1.000000
vt 0.730159 1.000000
vt 0.738095 1.000000
vt 0.730159 0.000000
vt 0.746032 1.000000
vt 0.738095 0.000000
vt 0.753968 1.000000
vt 0.746032 0.000000
vt 0.761905 1.000000
vt 0.753968 0.000000
vt 0.769841 1.000000
vt 0.761905 0.000000
vt 0.769841 0.000000
vt 0.785714 1.000000
vt 0.777778 1.000000
vt 0.793651 1.000000
vt 0.801587 1.000000
vt 0.793651 0.000000
vt 0.809524 1.000000
vt 0.801587 0.000000
vt 0.817460 1.000000
vt 0.809524 0.000000
vt 0.825397 1.000000
vt 0.817460 0.000000
vt 0.825397 0.000000
vt 0.841270 1.000000
vt 0.849206 1.000000
vt 0.841270 0.000000
vt 0.857143 1.000000
vt 0.849206 0.000000
vt 0.865079 1.000000
vt 0.873016 1.000000
vt 0.865079 0.000000
vt 0.880952 0.000000
vt 0.873016 0.000000
vt 0.888889 1.000000
vt 0.880952 1.000000
vt 0.896825 1.000000
vt 0.904762 1.000000
vt 0.896825 0.000000
vt 0.912698 1.000000
vt 0.904762 0.000000
vt 0.920635 1.000000
vt 0.912698 0.000000
vt 0.928571 1.000000
vt 0.920635 0.000000
vt 0.936508 1.000000
vt 0.944444 1.000000
vt 0.936508 0.000000
vt 0.952381 1.000000
vt 0.960317 1.000000
vt 0.952381 0.000000
vt 0.968254 1.000000
vt 0.960317 0.000000
vt 0.976190 1.000000
vt 0.968254 0.000000
vt 0.984127 1.000000
vt 0.976190 0.000000
vt 0.992063 0.000000
vt 0.984127 0.000000
vt 0.992063 1.000000
s 0
usemtl マテリアル.008
f 182/1/1 184/2/1 183/3/1
f 120/4/1 122/5/1 121/6/1
f 182/1/1 185/7/1 184/2/1
f 119/8/1 122/5/1 120/4/1
f 181/9/1 185/7/1 182/1/1
f 181/9/1 186/10/1 185/7/1
f 118/11/1 122/5/1 119/8/1
f 181/9/1 187/12/1 186/10/1
f 117/13/1 122/5/1 118/11/1
f 181/9/1 188/14/1 187/12/1
f 180/15/1 188/14/1 181/9/1
f 116/16/1 122/5/1 117/13/1
f 180/15/1 189/17/1 188/14/1
f 115/18/1 122/5/1 116/16/1
f 180/15/1 190/19/1 189/17/1
f 114/20/1 122/5/1 115/18/1
f 180/15/1 191/21/1 190/19/1
f 179/22/1 191/21/1 180/15/1
f 113/23/1 122/5/1 114/20/1
f 179/22/1 192/24/1 191/21/1
f 112/25/1 122/5/1 113/23/1
f 112/25/1 1/26/1 122/5/1
f 179/22/1 193/27/1 192/24/1
f 111/28/1 1/26/1 112/25/1
f 111/28/1 2/29/1 1/26/1
f 179/22/1 194/30/1 193/27/1
f 111/28/1 3/31/1 2/29/1
f 178/32/1 194/30/1 179/22/1
f 110/33/1 3/31/1 111/28/1
f 110/33/1 4/34/1 3/31/1
f 178/32/1 195/35/1 194/30/1
f 110/33/1 5/36/1 4/34/1
f 109/37/1 5/36/1 110/33/1
f 109/37/1 6/38/1 5/36/1
f 108/39/1 6/38/1 109/37/1
f 108/39/1 7/40/1 6/38/1
f 178/32/1 196/41/1 195/35/1
f 108/39/1 8/42/1 7/40/1
f 107/43/1 8/42/1 108/39/1
f 197/44/1 199/45/1 198/46/1
f 107/43/1 9/47/1 8/42/1
f 177/48/1 196/41/1 178/32/1
f 177/48/1 197/44/1 196/41/1
f 177/48/1 199/45/1 197/44/1
f 106/49/1 9/47/1 107/43/1
f 106/49/1 10/50/1 9/47/1
f 106/49/1 11/51/1 10/50/1
f 105/52/1 11/51/1 106/49/1
f 105/52/1 12/53/1 11/51/1
f 105/52/1 85/54/1 12/53/1
f 85/54/1 13/55/1 12/53/1
f 104/56/1 85/54/1 105/52/1
f 103/57/1 85/54/1 104/56/1
f 176/58/1 199/45/1 177/48/1
f 176/58/1 200/59/1 199/45/1
f 102/60/1 85/54/1 103/57/1
f 101/61/1 85/54/1 102/60/1
f 101/61/1 86/62/1 85/54/1
f 84/63/1 13/55/1 85/54/1
f 101/61/1 87/64/1 86/62/1
f 100/65/1 87/64/1 101/61/1
f 100/65/1 88/66/1 87/64/1
f 100/65/1 89/67/1 88/66/1
f 100/65/1 90/68/1 89/67/1
f 99/69/1 90/68/1 100/65/1
f 175/70/1 146/71/1 176/58/1
f 146/71/1 200/59/1 176/58/1
f 99/69/1 91/72/1 90/68/1
f 99/69/1 92/73/1 91/72/1
f 98/74/1 92/73/1 99/69/1
f 98/74/1 93/75/1 92/73/1
f 98/74/1 94/76/1 93/75/1
f 98/74/1 95/77/1 94/76/1
f 97/78/1 95/77/1 98/74/1
f 97/78/1 96/79/1 95/77/1
f 174/80/1 147/81/1 175/70/1
f 147/81/1 146/71/1 175/70/1
f 174/80/1 148/82/1 147/81/1
f 145/83/1 200/59/1 146/71/1
f 145/83/1 201/84/1 200/59/1
f 174/80/1 149/85/1 148/82/1
f 173/86/1 149/85/1 174/80/1
f 144/87/1 201/84/1 145/83/1
f 173/86/1 150/88/1 149/85/1
f 143/89/1 201/84/1 144/87/1
f 172/90/1 150/88/1 173/86/1
f 172/90/1 151/91/1 150/88/1
f 142/92/1 201/84/1 143/89/1
f 172/90/1 152/93/1 151/91/1
f 171/94/1 152/93/1 172/90/1
f 142/92/1 202/95/1 201/84/1
f 141/96/1 202/95/1 142/92/1
f 171/94/1 153/97/1 152/93/1
f 247/98/1 123/99/1 248/100/1
f 140/101/1 202/95/1 141/96/1
f 171/94/1 154/102/1 153/97/1
f 247/98/1 124/103/1 123/99/1
f 170/104/1 154/102/1 171/94/1
f 169/105/1 154/102/1 170/104/1
f 247/98/1 125/106/1 124/103/1
f 168/107/1 154/102/1 169/105/1
f 168/107/1 155/108/1 154/102/1
f 139/109/1 202/95/1 140/101/1
f 247/98/1 126/110/1 125/106/1
f 167/111/1 155/108/1 168/107/1
f 166/112/1 155/108/1 167/111/1
f 247/98/1 127/113/1 126/110/1
f 166/112/1 156/114/1 155/108/1
f 165/115/1 156/114/1 166/112/1
f 138/116/1 202/95/1 139/109/1
f 247/98/1 128/117/1 127/113/1
f 164/118/1 156/114/1 165/115/1
f 138/116/1 203/119/1 202/95/1
f 164/118/1 157/120/1 156/114/1
f 163/121/1 157/120/1 164/118/1
f 247/98/1 129/122/1 128/117/1
f 137/123/1 203/119/1 138/116/1
f 246/124/1 129/122/1 247/98/1
f 162/125/1 157/120/1 163/121/1
f 162/125/1 158/126/1 157/120/1
f 246/124/1 130/127/1 129/122/1
f 245/128/1 130/127/1 246/124/1
f 161/129/1 158/126/1 162/125/1
f 136/130/1 203/119/1 137/123/1
f 245/128/1 131/131/1 130/127/1
f 244/132/1 131/131/1 245/128/1
f 160/133/1 158/126/1 161/129/1
f 160/133/1 159/134/1 158/126/1
f 243/135/1 131/131/1 244/132/1
f 243/135/1 132/136/1 131/131/1
f 135/137/1 203/119/1 136/130/1
f 242/138/1 132/136/1 243/135/1
f 242/138/1 133/139/1 132/136/1
f 134/140/1 203/119/1 135/137/1
f 241/141/1 133/139/1 242/138/1
f 134/140/1 204/142/1 203/119/1
f 241/141/1 134/140/1 133/139/1
f 240/143/1 134/140/1 241/141/1
f 82/144/1 84/63/1 83/145/1
f 82/144/1 13/55/1 84/63/1
f 82/144/1 14/146/1 13/55/1
f 82/144/1 15/147/1 14/146/1
f 240/143/1 204/142/1 134/140/1
f 239/148/1 204/142/1 240/143/1
f 238/149/1 204/142/1 239/148/1
f 237/150/1 204/142/1 238/149/1
f 236/151/1 204/142/1 237/150/1
f 236/151/1 205/152/1 204/142/1
f 235/153/1 205/152/1 236/151/1
f 234/154/1 205/152/1 235/153/1
f 233/155/1 205/152/1 234/154/1
f 232/156/1 205/152/1 233/155/1
f 232/156/1 206/157/1 205/152/1
f 231/158/1 206/157/1 232/156/1
f 81/159/2 15/147/2 82/144/2
f 80/160/1 16/161/1 81/159/1
f 16/161/2 15/147/2 81/159/2
f 80/160/1 17/162/1 16/161/1
f 230/163/1 206/157/1 231/158/1
f 308/164/1 310/165/1 309/166/1
f 229/167/1 206/157/1 230/163/1
f 229/167/1 207/168/1 206/157/1
f 228/169/1 207/168/1 229/167/1
f 308/164/1 311/170/1 310/165/1
f 80/160/1 18/171/1 17/162/1
f 227/172/1 207/168/1 228/169/1
f 308/164/1 312/173/1 311/170/1
f 307/174/1 312/173/1 308/164/1
f 79/175/1 18/171/1 80/160/1
f 226/176/1 207/168/1 227/172/1
f 79/175/1 19/177/1 18/171/1
f 307/174/1 313/178/1 312/173/1
f 225/179/1 207/168/1 226/176/1
f 225/179/1 208/180/1 207/168/1
f 307/174/1 314/181/1 313/178/1
f 224/182/1 208/180/1 225/179/1
f 79/175/1 20/183/1 19/177/1
f 223/184/1 208/180/1 224/182/1
f 307/174/1 315/185/1 314/181/1
f 222/186/1 208/180/1 223/184/1
f 306/187/1 315/185/1 307/174/1
f 306/187/1 316/188/1 315/185/1
f 221/189/1 208/180/1 222/186/1
f 79/175/1 21/190/1 20/183/1
f 78/191/1 21/190/1 79/175/1
f 221/189/1 209/192/1 208/180/1
f 220/193/1 209/192/1 221/189/1
f 306/187/1 317/194/1 316/188/1
f 219/195/1 209/192/1 220/193/1
f 306/187/1 318/196/1 317/194/1
f 218/197/1 209/192/1 219/195/1
f 78/191/1 22/198/1 21/190/1
f 306/187/1 319/199/1 318/196/1
f 217/200/1 209/192/1 218/197/1
f 305/201/1 319/199/1 306/187/1
f 217/200/1 210/202/1 209/192/1
f 216/203/1 210/202/1 217/200/1
f 305/201/1 320/204/1 319/199/1
f 215/205/1 210/202/1 216/203/1
f 78/191/1 23/206/1 22/198/1
f 305/201/1 321/207/1 320/204/1
f 77/208/1 42/209/1 78/191/1
f 42/209/1 23/206/1 78/191/1
f 214/210/1 210/202/1 215/205/1
f 305/201/1 322/211/1 321/207/1
f 213/212/1 210/202/1 214/210/1
f 213/212/1 212/213/1 210/202/1
f 212/213/1 211/214/1 210/202/1
f 323/215/1 325/216/1 324/217/1
f 305/201/1 323/215/1 322/211/1
f 305/201/1 325/216/1 323/215/1
f 304/218/1 325/216/1 305/201/1
f 42/209/1 24/219/1 23/206/1
f 77/208/1 45/220/1 42/209/1
f 45/220/1 43/221/1 42/209/1
f 41/222/1 24/219/1 42/209/1
f 40/223/1 24/219/1 41/222/1
f 40/223/1 25/224/1 24/219/1
f 76/225/1 45/220/1 77/208/1
f 304/218/1 272/226/1 325/216/1
f 272/226/1 326/227/1 325/216/1
f 76/225/1 46/228/1 45/220/1
f 44/229/1 43/221/1 45/220/1
f 303/230/1 272/226/1 304/218/1
f 39/231/1 25/224/1 40/223/1
f 39/231/1 26/232/1 25/224/1
f 38/233/1 26/232/1 39/231/1
f 76/225/1 47/234/1 46/228/1
f 302/235/1 273/236/1 303/230/1
f 273/236/1 272/226/1 303/230/1
f 38/233/1 27/237/1 26/232/1
f 75/238/1 47/234/1 76/225/1
f 37/239/1 27/237/1 38/233/1
f 37/239/1 28/240/1 27/237/1
f 302/235/1 274/241/1 273/236/1
f 271/242/1 326/227/1 272/226/1
f 36/243/1 28/240/1 37/239/1
f 301/244/1 274/241/1 302/235/1
f 36/243/1 29/245/1 28/240/1
f 75/238/1 48/246/1 47/234/1
f 74/247/1 48/246/1 75/238/1
f 35/248/1 29/245/1 36/243/1
f 35/248/1 34/249/1 29/245/1
f 34/249/1 33/250/1 29/245/1
f 33/250/1 32/251/1 29/245/1
f 32/251/1 31/252/1 29/245/1
f 31/252/1 30/253/1 29/245/1
f 301/244/1 275/254/1 274/241/1
f 270/255/1 326/227/1 271/242/1
f 270/255/1 327/256/1 326/227/1
f 300/257/1 275/254/1 301/244/1
f 300/257/1 276/258/1 275/254/1
f 74/247/1 49/259/1 48/246/1
f 269/260/1 327/256/1 270/255/1
f 73/261/1 49/259/1 74/247/1
f 300/257/1 277/262/1 276/258/1
f 299/263/1 277/262/1 300/257/1
f 268/264/1 327/256/1 269/260/1
f 73/261/1 50/265/1 49/259/1
f 299/263/1 278/266/1 277/262/1
f 267/267/1 327/256/1 268/264/1
f 72/268/1 50/265/1 73/261/1
f 298/269/1 278/266/1 299/263/1
f 298/269/1 279/270/1 278/266/1
f 267/267/1 328/271/1 327/256/1
f 266/272/1 328/271/1 267/267/1
f 72/268/1 51/273/1 50/265/1
f 298/269/1 280/274/1 279/270/1
f 297/275/1 280/274/1 298/269/1
f 373/276/1 249/277/1 374/278/1
f 71/279/1 51/273/1 72/268/1
f 373/276/1 250/280/1 249/277/1
f 265/281/1 328/271/1 266/272/1
f 297/275/1 281/282/1 280/274/1
f 373/276/1 251/283/1 250/280/1
f 71/279/1 52/284/1 51/273/1
f 296/285/1 281/282/1 297/275/1
f 373/276/1 252/286/1 251/283/1
f 295/287/1 281/282/1 296/285/1
f 264/288/1 328/271/1 265/281/1
f 295/287/1 282/289/1 281/282/1
f 294/290/1 282/289/1 295/287/1
f 70/291/1 52/284/1 71/279/1
f 373/276/1 253/292/1 252/286/1
f 293/293/1 282/289/1 294/290/1
f 292/294/1 282/289/1 293/293/1
f 373/276/1 254/295/1 253/292/1
f 292/294/1 283/296/1 282/289/1
f 263/297/1 328/271/1 264/288/1
f 291/298/1 283/296/1 292/294/1
f 372/299/1 254/295/1 373/276/1
f 70/291/1 53/300/1 52/284/1
f 263/297/1 329/301/1 328/271/1
f 372/299/1 255/302/1 254/295/1
f 290/303/1 283/296/1 291/298/1
f 371/304/1 255/302/1 372/299/1
f 290/303/1 284/305/1 283/296/1
f 289/306/1 284/305/1 290/303/1
f 69/307/1 53/300/1 70/291/1
f 371/304/1 256/308/1 255/302/1
f 262/309/1 329/301/1 263/297/1
f 288/310/1 284/305/1 289/306/1
f 370/311/1 256/308/1 371/304/1
f 370/311/1 257/312/1 256/308/1
f 287/313/1 284/305/1 288/310/1
f 287/313/1 286/314/1 284/305/1
f 286/314/1 285/315/1 284/305/1
f 369/316/1 257/312/1 370/311/1
f 69/307/1 54/317/1 53/300/1
f 261/318/1 329/301/1 262/309/1
f 369/316/1 258/319/1 257/312/1
f 68/320/1 54/317/1 69/307/1
f 368/321/1 258/319/1 369/316/1
f 67/322/1 54/317/1 68/320/1
f 368/321/1 259/323/1 258/319/1
f 367/324/1 259/323/1 368/321/1
f 260/325/1 329/301/1 261/318/1
f 66/326/1 54/317/1 67/322/1
f 367/324/1 260/325/1 259/323/1
f 66/326/1 55/327/1 54/317/1
f 65/328/1 55/327/1 66/326/1
f 366/329/1 260/325/1 367/324/1
f 366/329/1 329/301/1 260/325/1
f 366/329/1 330/330/1 329/301/1
f 64/331/1 55/327/1 65/328/1
f 365/332/1 330/330/1 366/329/1
f 63/333/1 55/327/1 64/331/1
f 364/334/1 330/330/1 365/332/1
f 62/335/1 55/327/1 63/333/1
f 62/335/1 56/336/1 55/327/1
f 61/337/1 56/336/1 62/335/1
f 363/338/1 330/330/1 364/334/1
f 60/339/1 56/336/1 61/337/1
f 362/340/1 330/330/1 363/338/1
f 59/341/1 56/336/1 60/339/1
f 59/341/1 58/342/1 56/336/1
f 58/342/1 57/343/1 56/336/1
f 361/344/1 330/330/1 362/340/1
f 360/345/1 330/330/1 361/344/1
f 360/345/1 331/346/1 330/330/1
f 359/347/1 331/346/1 360/345/1
f 358/348/1 331/346/1 359/347/1
f 358/348/1 332/349/1 331/346/1
f 357/350/1 332/349/1 358/348/1
f 356/351/1 332/349/1 357/350/1
f 355/352/1 332/349/1 356/351/1
f 355/352/1 333/353/1 332/349/1
f 354/354/1 333/353/1 355/352/1
f 353/355/1 333/353/1 354/354/1
f 352/356/1 333/353/1 353/355/1
f 352/356/1 334/357/1 333/353/1
f 351/358/1 334/357/1 352/356/1
f 350/359/1 334/357/1 351/358/1
f 349/360/1 334/357/1 350/359/1
f 348/361/1 334/357/1 349/360/1
f 348/361/1 335/362/1 334/357/1
f 347/363/1 335/362/1 348/361/1
f 346/364/1 335/362/1 347/363/1
f 345/365/1 335/362/1 346/364/1
f 344/366/1 335/362/1 345/365/1
f 343/367/1 335/362/1 344/366/1
f 343/367/1 336/368/1 335/362/1
f 342/369/1 336/368/1 343/367/1
f 341/370/1 336/368/1 342/369/1
f 340/371/1 336/368/1 341/370/1
f 340/371/1 339/372/1 336/368/1
f 339/372/1 338/373/1 336/368/1
f 338/373/1 337/374/1 336/368/1
f 429/375/1 431/376/1 430/377/1
f 429/375/1 432/378/1 431/376/1
f 399/379/1 375/26/1 400/380/1
f 399/379/1 376/381/1 375/26/1
f 399/379/1 377/382/1 376/381/1
f 399/379/1 378/383/1 377/382/1
f 398/384/1 378/383/1 399/379/1
f 398/384/1 379/385/1 378/383/1
f 397/386/1 379/385/1 398/384/1
f 428/387/2 432/378/2 429/375/2
f 427/388/1 606/389/1 428/387/1
f 606/389/2 432/378/2 428/387/2
f 427/388/1 607/390/1 606/389/1
f 605/391/2 432/378/2 606/389/2
f 608/392/1 433/393/1 605/391/1
f 433/393/2 432/378/2 605/391/2
f 608/392/1 434/394/1 433/393/1
f 397/386/1 380/395/1 379/385/1
f 396/396/1 380/395/1 397/386/1
f 396/396/1 381/397/1 380/395/1
f 395/398/1 381/397/1 396/396/1
f 395/398/1 382/399/1 381/397/1
f 394/400/1 382/399/1 395/398/1
f 394/400/1 383/401/1 382/399/1
f 393/402/1 383/401/1 394/400/1
f 425/403/1 403/404/1 426/405/1
f 403/404/1 427/388/1 426/405/1
f 403/404/1 607/390/1 427/388/1
f 403/404/1 608/392/1 607/390/1
f 403/404/1 434/394/1 608/392/1
f 403/404/1 435/406/1 434/394/1
f 403/404/1 402/407/1 435/406/1
f 402/407/1 407/408/1 435/406/1
f 407/408/1 411/409/1 435/406/1
f 411/409/1 410/410/1 435/406/1
f 410/410/1 436/411/1 435/406/1
f 393/402/1 384/412/1 383/401/1
f 392/413/1 384/412/1 393/402/1
f 392/413/1 385/414/1 384/412/1
f 391/415/1 385/414/1 392/413/1
f 391/415/1 386/416/1 385/414/1
f 390/417/1 386/416/1 391/415/1
f 390/417/1 389/418/1 386/416/1
f 389/418/1 388/419/1 386/416/1
f 388/419/1 387/420/1 386/416/1
f 425/403/1 404/421/1 403/404/1
f 401/422/1 407/408/1 402/407/1
f 401/422/1 408/423/1 407/408/1
f 406/424/2 411/409/2 407/408/2
f 405/425/1 411/409/1 406/424/1
f 405/425/1 412/426/1 411/409/1
f 409/427/1 436/411/1 410/410/1
f 425/403/1 401/422/1 404/421/1
f 425/403/1 408/423/1 401/422/1
f 425/403/1 405/425/1 408/423/1
f 425/403/1 412/426/1 405/425/1
f 425/403/1 409/427/1 412/426/1
f 425/403/1 436/411/1 409/427/1
f 424/428/2 436/411/2 425/403/2
f 423/429/1 437/430/1 424/428/1
f 437/430/2 436/411/2 424/428/2
f 423/429/1 438/431/1 437/430/1
f 423/429/1 439/432/1 438/431/1
f 422/433/1 439/432/1 423/429/1
f 422/433/1 440/434/1 439/432/1
f 421/435/1 440/434/1 422/433/1
f 421/435/1 441/436/1 440/434/1
f 420/437/1 441/436/1 421/435/1
f 420/437/1 442/438/1 441/436/1
f 419/439/1 442/438/1 420/437/1
f 419/439/1 443/440/1 442/438/1
f 418/441/1 443/440/1 419/439/1
f 418/441/1 444/442/1 443/440/1
f 417/443/1 444/442/1 418/441/1
f 417/443/1 445/444/1 444/442/1
f 416/445/1 445/444/1 417/443/1
f 416/445/1 446/446/1 445/444/1
f 415/447/1 446/446/1 416/445/1
f 415/447/1 447/448/1 446/446/1
f 414/449/1 447/448/1 415/447/1
f 414/449/1 448/450/1 447/448/1
f 413/451/1 448/450/1 414/449/1
f 413/451/1 449/452/1 448/450/1
f 604/453/1 449/452/1 413/451/1
f 602/454/1 604/453/1 603/455/1
f 602/454/1 449/452/1 604/453/1
f 602/454/1 450/456/1 449/452/1
f 602/454/1 451/457/1 450/456/1
f 749/458/1 751/459/1 750/460/1
f 749/458/1 748/461/1 751/459/1
f 748/461/1 752/278/1 751/459/1
f 601/462/2 451/457/2 602/454/2
f 600/463/1 622/464/1 601/462/1
f 622/464/2 451/457/2 601/462/2
f 600/463/1 623/465/1 622/464/1
f 621/466/3 451/457/3 622/464/3
f 620/467/1 452/468/1 621/466/1
f 452/468/2 451/457/2 621/466/2
f 620/467/1 453/469/1 452/468/1
f 619/470/1 453/469/1 620/467/1
f 600/463/1 624/471/1 623/465/1
f 618/472/1 453/469/1 619/470/1
f 600/463/1 625/473/1 624/471/1
f 618/472/1 454/474/1 453/469/1
f 599/475/1 625/473/1 600/463/1
f 617/476/1 454/474/1 618/472/1
f 599/475/1 626/477/1 625/473/1
f 747/478/1 752/278/1 748/461/1
f 616/479/1 454/474/1 617/476/1
f 599/475/1 627/480/1 626/477/1
f 616/479/1 455/481/1 454/474/1
f 615/482/1 455/481/1 616/479/1
f 599/475/1 628/483/1 627/480/1
f 598/484/1 628/483/1 599/475/1
f 614/485/1 455/481/1 615/482/1
f 598/484/1 629/486/1 628/483/1
f 613/487/1 455/481/1 614/485/1
f 613/487/1 456/488/1 455/481/1
f 598/484/1 630/489/1 629/486/1
f 597/490/1 630/489/1 598/484/1
f 612/491/1 456/488/1 613/487/1
f 597/490/1 631/492/1 630/489/1
f 611/493/1 456/488/1 612/491/1
f 597/490/1 632/494/1 631/492/1
f 611/493/1 457/495/1 456/488/1
f 610/496/1 457/495/1 611/493/1
f 596/497/1 632/494/1 597/490/1
f 596/497/1 633/498/1 632/494/1
f 609/499/1 457/495/1 610/496/1
f 596/497/1 634/500/1 633/498/1
f 609/499/1 458/501/1 457/495/1
f 596/497/1 609/499/1 634/500/1
f 596/497/1 458/501/1 609/499/1
f 595/502/1 477/503/1 596/497/1
f 477/503/4 458/501/4 596/497/4
f 595/502/1 636/504/1 477/503/1
f 636/504/1 478/505/1 477/503/1
f 476/506/1 458/501/1 477/503/1
f 476/506/1 459/507/1 458/501/1
f 594/508/1 636/504/1 595/502/1
f 475/509/1 459/507/1 476/506/1
f 475/509/1 460/510/1 459/507/1
f 593/511/1 636/504/1 594/508/1
f 474/512/1 460/510/1 475/509/1
f 592/513/1 636/504/1 593/511/1
f 474/512/1 461/514/1 460/510/1
f 473/515/1 461/514/1 474/512/1
f 591/516/1 637/517/1 592/513/1
f 637/517/1 636/504/1 592/513/1
f 473/515/1 462/518/1 461/514/1
f 591/516/1 565/519/1 637/517/1
f 565/519/1 638/520/1 637/517/1
f 635/521/1 478/505/1 636/504/1
f 472/522/1 462/518/1 473/515/1
f 590/523/1 565/519/1 591/516/1
f 472/522/1 463/524/1 462/518/1
f 590/523/1 566/525/1 565/519/1
f 564/526/1 638/520/1 565/519/1
f 471/527/1 463/524/1 472/522/1
f 589/528/1 566/525/1 590/523/1
f 589/528/1 567/529/1 566/525/1
f 471/527/1 464/530/1 463/524/1
f 588/531/1 567/529/1 589/528/1
f 470/532/1 464/530/1 471/527/1
f 588/531/1 568/533/1 567/529/1
f 587/534/1 568/533/1 588/531/1
f 586/535/1 568/533/1 587/534/1
f 470/532/1 469/536/1 464/530/1
f 469/536/1 468/537/1 464/530/1
f 468/537/1 467/538/1 464/530/1
f 467/538/1 466/539/1 464/530/1
f 466/539/1 465/540/1 464/530/1
f 586/535/1 569/541/1 568/533/1
f 585/542/1 569/541/1 586/535/1
f 585/542/1 570/543/1 569/541/1
f 584/544/1 570/543/1 585/542/1
f 584/544/1 571/545/1 570/543/1
f 583/546/1 571/545/1 584/544/1
f 583/546/1 572/547/1 571/545/1
f 582/548/1 572/547/1 583/546/1
f 582/548/1 573/549/1 572/547/1
f 581/550/1 573/549/1 582/548/1
f 581/550/1 574/551/1 573/549/1
f 580/552/1 574/551/1 581/550/1
f 580/552/1 575/553/1 574/551/1
f 579/554/1 575/553/1 580/552/1
f 579/554/1 576/555/1 575/553/1
f 578/556/1 576/555/1 579/554/1
f 578/556/1 577/557/1 576/555/1
f 564/526/1 479/558/1 638/520/1
f 479/558/1 635/521/1 638/520/1
f 479/558/1 478/505/1 635/521/1
f 515/559/1 517/560/1 516/561/1
f 515/559/1 518/562/1 517/560/1
f 515/559/1 519/563/1 518/562/1
f 564/526/1 480/564/1 479/558/1
f 515/559/1 520/565/1 519/563/1
f 515/559/1 521/566/1 520/565/1
f 515/559/1 522/567/1 521/566/1
f 515/559/1 523/568/1 522/567/1
f 515/559/1 524/569/1 523/568/1
f 514/570/1 524/569/1 515/559/1
f 514/570/1 525/571/1 524/569/1
f 514/570/1 526/572/1 525/571/1
f 514/570/1 527/573/1 526/572/1
f 514/570/1 528/574/1 527/573/1
f 514/570/1 529/575/1 528/574/1
f 513/576/1 529/575/1 514/570/1
f 512/577/1 529/575/1 513/576/1
f 512/577/1 530/578/1 529/575/1
f 564/526/1 481/579/1 480/564/1
f 563/580/1 481/579/1 564/526/1
f 511/581/1 530/578/1 512/577/1
f 563/580/1 482/582/1 481/579/1
f 563/580/1 483/583/1 482/582/1
f 510/584/1 530/578/1 511/581/1
f 510/584/1 531/585/1 530/578/1
f 563/580/1 484/586/1 483/583/1
f 562/587/1 484/586/1 563/580/1
f 509/588/1 531/585/1 510/584/1
f 562/587/1 485/589/1 484/586/1
f 508/590/1 531/585/1 509/588/1
f 562/587/1 486/591/1 485/589/1
f 562/587/1 487/592/1 486/591/1
f 507/593/1 531/585/1 508/590/1
f 562/587/1 488/594/1 487/592/1
f 506/595/1 531/585/1 507/593/1
f 562/587/1 489/596/1 488/594/1
f 506/595/1 532/597/1 531/585/1
f 562/587/1 490/598/1 489/596/1
f 505/599/1 532/597/1 506/595/1
f 562/587/1 491/600/1 490/598/1
f 561/601/1 491/600/1 562/587/1
f 504/602/1 532/597/1 505/599/1
f 561/601/1 492/603/1 491/600/1
f 561/601/1 493/604/1 492/603/1
f 561/601/1 494/605/1 493/604/1
f 561/601/1 495/606/1 494/605/1
f 561/601/1 496/607/1 495/606/1
f 561/601/1 497/608/1 496/607/1
f 561/601/1 498/609/1 497/608/1
f 561/601/1 499/610/1 498/609/1
f 561/601/1 500/611/1 499/610/1
f 561/601/1 501/612/1 500/611/1
f 561/601/1 502/613/1 501/612/1
f 561/601/1 503/614/1 502/613/1
f 561/601/1 504/602/1 503/614/1
f 561/601/1 532/597/1 504/602/1
f 561/601/1 533/615/1 532/597/1
f 560/616/1 533/615/1 561/601/1
f 746/617/1 752/278/1 747/478/1
f 745/618/1 752/278/1 746/617/1
f 745/618/1 639/619/1 752/278/1
f 745/618/1 640/620/1 639/619/1
f 744/621/1 640/620/1 745/618/1
f 559/622/1 533/615/1 560/616/1
f 559/622/1 534/623/1 533/615/1
f 744/621/1 641/624/1 640/620/1
f 744/621/1 642/625/1 641/624/1
f 743/626/1 642/625/1 744/621/1
f 743/626/1 643/627/1 642/625/1
f 558/628/1 534/623/1 559/622/1
f 558/628/1 535/629/1 534/623/1
f 743/626/1 644/630/1 643/627/1
f 742/631/1 644/630/1 743/626/1
f 557/632/1 535/629/1 558/628/1
f 742/631/1 645/633/1 644/630/1
f 557/632/1 536/634/1 535/629/1
f 742/631/1 646/635/1 645/633/1
f 741/636/1 646/635/1 742/631/1
f 556/637/1 536/634/1 557/632/1
f 556/637/1 537/638/1 536/634/1
f 741/636/1 647/639/1 646/635/1
f 555/640/1 537/638/1 556/637/1
f 555/640/1 538/641/1 537/638/1
f 554/642/1 538/641/1 555/640/1
f 741/636/1 648/643/1 647/639/1
f 740/644/1 648/643/1 741/636/1
f 554/642/1 539/645/1 538/641/1
f 553/646/1 539/645/1 554/642/1
f 553/646/1 540/647/1 539/645/1
f 552/648/1 540/647/1 553/646/1
f 551/649/2 540/647/2 552/648/2
f 550/650/2 540/647/2 551/649/2
f 549/651/2 540/647/2 550/650/2
f 548/652/2 540/647/2 549/651/2
f 547/653/2 540/647/2 548/652/2
f 546/654/2 540/647/2 547/653/2
f 545/655/2 540/647/2 546/654/2
f 544/656/2 540/647/2 545/655/2
f 543/657/2 540/647/2 544/656/2
f 542/658/2 540/647/2 543/657/2
f 541/659/2 540/647/2 542/658/2
f 740/644/1 649/660/1 648/643/1
f 740/644/1 650/661/1 649/660/1
f 739/662/1 650/661/1 740/644/1
f 739/662/1 722/663/1 650/661/1
f 722/663/1 651/664/1 650/661/1
f 738/665/1 722/663/1 739/662/1
f 738/665/1 723/666/1 722/663/1
f 721/667/1 651/664/1 722/663/1
f 720/668/1 651/664/1 721/667/1
f 738/665/1 724/669/1 723/666/1
f 720/668/1 652/670/1 651/664/1
f 719/671/1 652/670/1 720/668/1
f 738/665/1 725/672/1 724/669/1
f 718/673/1 652/670/1 719/671/1
f 718/673/1 653/674/1 652/670/1
f 717/675/1 653/674/1 718/673/1
f 738/665/1 726/676/1 725/672/1
f 737/677/1 726/676/1 738/665/1
f 716/678/1 653/674/1 717/675/1
f 716/678/1 654/679/1 653/674/1
f 737/677/1 727/680/1 726/676/1
f 673/681/1 675/682/1 674/683/1
f 715/684/1 654/679/1 716/678/1
f 672/685/1 675/682/1 673/681/1
f 715/684/1 655/686/1 654/679/1
f 671/687/1 675/682/1 672/685/1
f 671/687/1 676/688/1 675/682/1
f 736/689/1 727/680/1 737/677/1
f 714/690/1 655/686/1 715/684/1
f 714/690/1 656/691/1 655/686/1
f 670/692/1 676/688/1 671/687/1
f 736/689/1 728/693/1 727/680/1
f 669/694/1 676/688/1 670/692/1
f 714/690/1 657/695/1 656/691/1
f 669/694/1 677/696/1 676/688/1
f 668/697/1 677/696/1 669/694/1
f 713/698/1 657/695/1 714/690/1
f 667/699/1 677/696/1 668/697/1
f 713/698/1 658/700/1 657/695/1
f 666/701/1 677/696/1 667/699/1
f 713/698/1 659/702/1 658/700/1
f 665/703/1 677/696/1 666/701/1
f 713/698/1 660/704/1 659/702/1
f 664/705/1 677/696/1 665/703/1
f 713/698/1 661/706/1 660/704/1
f 663/707/1 677/696/1 664/705/1
f 663/707/1 678/708/1 677/696/1
f 662/709/1 678/708/1 663/707/1
f 713/698/1 662/709/1 661/706/1
f 713/698/1 678/708/1 662/709/1
f 735/710/1 728/693/1 736/689/1
f 735/710/1 729/711/1 728/693/1
f 712/712/1 678/708/1 713/698/1
f 712/712/1 679/713/1 678/708/1
f 711/714/1 679/713/1 712/712/1
f 735/710/1 730/715/1 729/711/1
f 734/716/1 733/717/1 735/710/1
f 733/717/1 732/718/1 735/710/1
f 732/718/1 731/719/1 735/710/1
f 731/719/1 730/715/1 735/710/1
f 711/714/1 680/720/1 679/713/1
f 710/721/1 680/720/1 711/714/1
f 709/722/1 680/720/1 710/721/1
f 709/722/1 681/723/1 680/720/1
f 709/722/1 682/724/1 681/723/1
f 708/725/1 682/724/1 709/722/1
f 708/725/1 683/726/1 682/724/1
f 707/727/1 683/726/1 708/725/1
f 707/727/1 684/728/1 683/726/1
f 706/729/1 684/728/1 707/727/1
f 706/729/1 685/730/1 684/728/1
f 705/731/1 685/730/1 706/729/1
f 705/731/1 686/732/1 685/730/1
f 704/733/1 686/732/1 705/731/1
f 704/733/1 687/734/1 686/732/1
f 703/735/1 687/734/1 704/733/1
f 703/735/1 688/736/1 687/734/1
f 703/735/1 689/737/1 688/736/1
f 703/735/1 690/738/1 689/737/1
f 702/739/1 690/738/1 703/735/1
f 702/739/1 691/740/1 690/738/1
f 702/739/1 692/741/1 691/740/1
f 701/742/1 692/741/1 702/739/1
f 701/742/1 693/743/1 692/741/1
f 701/742/1 694/744/1 693/743/1
f 700/745/1 694/744/1 701/742/1
f 700/745/1 695/746/1 694/744/1
f 700/745/1 696/747/1 695/746/1
f 699/748/1 696/747/1 700/745/1
f 699/748/1 697/749/1 696/747/1
f 698/750/1 697/749/1 699/748/1
f 765/751/1 767/752/1 766/753/1
f 765/751/1 768/754/1 767/752/1
f 765/751/1 769/755/1 768/754/1
f 765/751/1 770/756/1 769/755/1
f 764/757/1 770/756/1 765/751/1
f 764/757/1 771/758/1 770/756/1
f 763/759/1 771/758/1 764/757/1
f 763/759/1 772/760/1 771/758/1
f 762/761/1 772/760/1 763/759/1
f 762/761/1 773/762/1 772/760/1
f 761/763/1 773/762/1 762/761/1
f 761/763/1 774/764/1 773/762/1
f 760/765/1 774/764/1 761/763/1
f 760/765/1 775/766/1 774/764/1
f 759/767/1 775/766/1 760/765/1
f 789/768/1 791/769/1 790/770/1
f 759/767/1 776/771/1 775/766/1
f 758/772/1 776/771/1 759/767/1
f 758/772/1 777/773/1 776/771/1
f 757/774/1 777/773/1 758/772/1
f 788/775/1 791/769/1 789/768/1
f 757/774/1 778/776/1 777/773/1
f 756/777/1 778/776/1 757/774/1
f 756/777/1 755/778/1 778/776/1
f 755/778/1 754/779/1 778/776/1
f 754/779/1 753/26/1 778/776/1
f 787/780/1 791/769/1 788/775/1
f 787/780/1 792/781/1 791/769/1
f 786/782/1 792/781/1 787/780/1
f 786/782/1 793/783/1 792/781/1
f 785/784/1 793/783/1 786/782/1
f 785/784/1 794/785/1 793/783/1
f 784/786/1 794/785/1 785/784/1
f 784/786/1 795/787/1 794/785/1
f 783/788/1 795/787/1 784/786/1
f 783/788/1 796/789/1 795/787/1
f 782/790/1 796/789/1 783/788/1
f 782/790/1 797/791/1 796/789/1
f 781/792/1 797/791/1 782/790/1
f 781/792/1 798/793/1 797/791/1
f 780/794/1 798/793/1 781/792/1
f 780/794/1 799/795/1 798/793/1
f 779/796/1 799/795/1 780/794/1
f 779/796/1 800/797/1 799/795/1
f 828/278/1 800/797/1 779/796/1
f 828/278/1 801/798/1 800/797/1
f 827/799/1 801/798/1 828/278/1
f 826/800/1 801/798/1 827/799/1
f 826/800/1 802/801/1 801/798/1
f 825/802/1 802/801/1 826/800/1
f 824/803/1 802/801/1 825/802/1
f 824/803/1 803/804/1 802/801/1
f 823/805/1 803/804/1 824/803/1
f 822/806/1 803/804/1 823/805/1
f 822/806/1 804/807/1 803/804/1
f 821/808/1 804/807/1 822/806/1
f 821/808/1 805/809/1 804/807/1
f 820/810/1 805/809/1 821/808/1
f 820/810/1 806/811/1 805/809/1
f 819/812/1 806/811/1 820/810/1
f 819/812/1 807/813/1 806/811/1
f 818/814/1 807/813/1 819/812/1
f 817/815/1 807/813/1 818/814/1
f 817/815/1 808/816/1 807/813/1
f 816/817/1 808/816/1 817/815/1
f 815/818/1 808/816/1 816/817/1
f 815/818/1 809/819/1 808/816/1
f 815/818/1 810/820/1 809/819/1
f 815/818/1 811/821/1 810/820/1
f 815/818/1 812/822/1 811/821/1
f 815/818/1 813/823/1 812/822/1
f 815/818/1 814/824/1 813/823/1
f 889/825/1 891/826/1 890/827/1
f 851/828/1 853/829/1 852/830/1
f 889/825/1 892/831/1 891/826/1
f 850/832/1 853/829/1 851/828/1
f 889/825/1 893/833/1 892/831/1
f 849/834/1 853/829/1 850/832/1
f 889/825/1 894/835/1 893/833/1
f 848/836/1 853/829/1 849/834/1
f 889/825/1 895/837/1 894/835/1
f 847/838/1 853/829/1 848/836/1
f 889/825/1 896/839/1 895/837/1
f 846/840/1 853/829/1 847/838/1
f 889/825/1 897/841/1 896/839/1
f 845/842/1 853/829/1 846/840/1
f 889/825/1 898/843/1 897/841/1
f 844/844/1 853/829/1 845/842/1
f 889/825/1 899/845/1 898/843/1
f 843/846/1 853/829/1 844/844/1
f 889/825/1 900/847/1 899/845/1
f 842/848/1 853/829/1 843/846/1
f 889/825/1 901/849/1 900/847/1
f 841/850/1 853/829/1 842/848/1
f 889/825/1 902/278/1 901/849/1
f 840/851/1 853/829/1 841/850/1
f 889/825/1 829/26/1 902/278/1
f 889/825/1 830/852/1 829/26/1
f 889/825/1 831/853/1 830/852/1
f 889/825/1 832/854/1 831/853/1
f 889/825/1 833/855/1 832/854/1
f 889/825/1 834/856/1 833/855/1
f 889/825/1 835/857/1 834/856/1
f 889/825/1 836/858/1 835/857/1
f 889/825/1 837/859/1 836/858/1
f 889/825/1 838/860/1 837/859/1
f 889/825/1 839/861/1 838/860/1
f 889/825/1 840/851/1 839/861/1
f 889/825/1 888/862/1 840/851/1
f 888/862/1 887/863/1 840/851/1
f 887/863/1 886/864/1 840/851/1
f 886/864/1 885/865/1 840/851/1
f 885/865/1 884/866/1 840/851/1
f 884/866/1 883/867/1 840/851/1
f 883/867/1 882/868/1 840/851/1
f 882/868/1 881/869/1 840/851/1
f 881/869/1 880/870/1 840/851/1
f 880/870/1 879/871/1 840/851/1
f 879/871/1 878/872/1 840/851/1
f 878/872/1 877/873/1 840/851/1
f 877/873/1 874/874/1 840/851/1
f 874/874/1 873/875/1 840/851/1
f 873/875/1 872/876/1 840/851/1
f 872/876/1 871/877/1 840/851/1
f 871/877/1 870/878/1 840/851/1
f 870/878/1 869/879/1 840/851/1
f 869/879/1 868/880/1 840/851/1
f 868/880/1 867/881/1 840/851/1
f 867/881/1 865/882/1 840/851/1
f 865/882/1 864/883/1 840/851/1
f 864/883/1 863/884/1 840/851/1
f 863/884/1 862/885/1 840/851/1
f 862/885/1 861/886/1 840/851/1
f 861/886/1 860/887/1 840/851/1
f 860/887/1 859/888/1 840/851/1
f 859/888/1 858/889/1 840/851/1
f 858/889/1 853/829/1 840/851/1
f 876/890/2 874/874/2 877/873/2
f 875/891/2 874/874/2 876/890/2
f 866/892/2 865/882/2 867/881/2
f 857/893/1 853/829/1 858/889/1
f 856/894/1 853/829/1 857/893/1
f 855/895/1 853/829/1 856/894/1
f 854/896/1 853/829/1 855/895/1
f 991/897/1 993/898/1 992/899/1
f 991/897/1 994/900/1 993/898/1
f 991/897/1 995/901/1 994/900/1
f 991/897/1 996/902/1 995/901/1
f 991/897/1 997/903/1 996/902/1
f 991/897/1 998/904/1 997/903/1
f 990/905/1 998/904/1 991/897/1
f 990/905/1 999/906/1 998/904/1
f 989/907/1 999/906/1 990/905/1
f 989/907/1 1000/908/1 999/906/1
f 988/909/1 1000/908/1 989/907/1
f 988/909/1 1001/910/1 1000/908/1
f 987/911/1 1001/910/1 988/909/1
f 987/911/1 1002/912/1 1001/910/1
f 986/913/1 1002/912/1 987/911/1
f 986/913/1 1003/914/1 1002/912/1
f 985/915/1 1003/914/1 986/913/1
f 985/915/1 1004/278/1 1003/914/1
f 984/916/1 1004/278/1 985/915/1
f 984/916/1 983/917/1 1004/278/1
f 983/917/1 982/918/1 1004/278/1
f 982/918/1 981/919/1 1004/278/1
f 981/919/1 980/920/1 1004/278/1
f 980/920/1 979/921/1 1004/278/1
f 965/922/1 967/923/1 966/924/1
f 913/925/1 915/926/1 914/927/1
f 965/922/1 968/928/1 967/923/1
f 965/922/1 969/929/1 968/928/1
f 965/922/1 970/930/1 969/929/1
f 912/931/1 915/926/1 913/925/1
f 965/922/1 971/932/1 970/930/1
f 965/922/1 972/933/1 971/932/1
f 965/922/1 973/934/1 972/933/1
f 964/935/1 973/934/1 965/922/1
f 911/936/1 915/926/1 912/931/1
f 963/937/1 973/934/1 964/935/1
f 963/937/1 974/938/1 973/934/1
f 962/939/1 974/938/1 963/937/1
f 911/936/1 916/940/1 915/926/1
f 962/939/1 975/941/1 974/938/1
f 961/942/1 975/941/1 962/939/1
f 961/942/1 976/943/1 975/941/1
f 960/944/1 976/943/1 961/942/1
f 910/945/1 916/940/1 911/936/1
f 960/944/1 977/946/1 976/943/1
f 959/947/1 977/946/1 960/944/1
f 910/945/1 917/948/1 916/940/1
f 959/947/1 978/949/1 977/946/1
f 958/950/1 978/949/1 959/947/1
f 958/950/1 957/951/1 978/949/1
f 957/951/1 956/952/1 978/949/1
f 956/952/1 955/953/1 978/949/1
f 955/953/1 954/954/1 978/949/1
f 954/954/1 953/955/1 978/949/1
f 909/956/1 917/948/1 910/945/1
f 909/956/1 918/957/1 917/948/1
f 908/958/1 918/957/1 909/956/1
f 908/958/1 919/959/1 918/957/1
f 907/960/1 919/959/1 908/958/1
f 907/960/1 920/961/1 919/959/1
f 906/962/1 920/961/1 907/960/1
f 906/962/1 921/963/1 920/961/1
f 905/964/1 921/963/1 906/962/1
f 905/964/1 922/965/1 921/963/1
f 904/966/1 922/965/1 905/964/1
f 904/966/1 923/967/1 922/965/1
f 903/26/1 923/967/1 904/966/1
f 903/26/1 924/968/1 923/967/1
f 952/969/1 924/968/1 903/26/1
f 952/969/1 925/970/1 924/968/1
f 951/971/1 925/970/1 952/969/1
f 950/972/1 925/970/1 951/971/1
f 950/972/1 926/973/1 925/970/1
f 949/974/1 926/973/1 950/972/1
f 948/975/1 926/973/1 949/974/1
f 948/975/1 927/976/1 926/973/1
f 947/977/1 927/976/1 948/975/1
f 946/978/1 927/976/1 947/977/1
f 945/979/1 927/976/1 946/978/1
f 945/979/1 928/980/1 927/976/1
f 944/981/1 928/980/1 945/979/1
f 944/981/1 929/982/1 928/980/1
f 943/983/1 929/982/1 944/981/1
f 942/984/1 929/982/1 943/983/1
f 942/984/1 930/985/1 929/982/1
f 941/986/1 930/985/1 942/984/1
f 940/987/1 930/985/1 941/986/1
f 940/987/1 931/988/1 930/985/1
f 939/989/1 931/988/1 940/987/1
f 939/989/1 932/990/1 931/988/1
f 939/989/1 933/991/1 932/990/1
f 939/989/1 934/992/1 933/991/1
f 939/989/1 935/993/1 934/992/1
f 939/989/1 936/994/1 935/993/1
f 939/989/1 937/995/1 936/994/1
f 939/989/1 938/996/1 937/995/1
f 1027/997/1 1029/998/1 1028/999/1
f 1026/1000/1 1029/998/1 1027/997/1
f 1025/1001/1 1029/998/1 1026/1000/1
f 1024/1002/1 1029/998/1 1025/1001/1
f 1023/1003/1 1029/998/1 1024/1002/1
f 1022/1004/1 1029/998/1 1023/1003/1
f 1021/1005/1 1029/998/1 1022/1004/1
f 1020/1006/1 1029/998/1 1021/1005/1
f 1019/1007/1 1029/998/1 1020/1006/1
f 1018/1008/1 1029/998/1 1019/1007/1
f 1017/1009/1 1029/998/1 1018/1008/1
f 1016/1010/1 1029/998/1 1017/1009/1
f 1015/1011/1 1029/998/1 1016/1010/1
f 1014/1012/1 1029/998/1 1015/1011/1
f 1013/1013/1 1029/998/1 1014/1012/1
f 1012/1014/1 1029/998/1 1013/1013/1
f 1011/1015/1 1029/998/1 1012/1014/1
f 1010/1016/1 1029/998/1 1011/1015/1
f 1009/1017/1 1029/998/1 1010/1016/1
f 1008/1018/1 1029/998/1 1009/1017/1
f 1007/1019/1 1029/998/1 1008/1018/1
f 1006/1020/1 1029/998/1 1007/1019/1
f 1005/26/1 1029/998/1 1006/1020/1
f 1115/1021/1 1029/998/1 1005/26/1
f 1114/1022/1 1029/998/1 1115/1021/1
f 1113/804/1 1029/998/1 1114/1022/1
f 1112/1023/1 1029/998/1 1113/804/1
f 1111/1024/1 1029/998/1 1112/1023/1
f 1110/1025/1 1029/998/1 1111/1024/1
f 1109/1026/1 1029/998/1 1110/1025/1
f 1108/1027/1 1029/998/1 1109/1026/1
f 1107/1028/1 1029/998/1 1108/1027/1
f 1106/1029/1 1029/998/1 1107/1028/1
f 1105/1030/1 1029/998/1 1106/1029/1
f 1104/1031/1 1029/998/1 1105/1030/1
f 1103/1032/1 1029/998/1 1104/1031/1
f 1102/1033/1 1101/1034/1 1103/1032/1
f 1101/1034/1 1100/1035/1 1103/1032/1
f 1100/1035/1 1099/1036/1 1103/1032/1
f 1099/1036/1 1098/1037/1 1103/1032/1
f 1098/1037/1 1097/1038/1 1103/1032/1
f 1097/1038/1 1096/1039/1 1103/1032/1
f 1096/1039/1 1095/1040/1 1103/1032/1
f 1095/1040/1 1094/1041/1 1103/1032/1
f 1094/1041/1 1090/1042/1 1103/1032/1
f 1090/1042/1 1034/1043/1 1103/1032/1
f 1034/1043/1 1033/1044/1 1103/1032/1
f 1033/1044/1 1032/1045/1 1103/1032/1
f 1032/1045/1 1031/1046/1 1103/1032/1
f 1031/1046/1 1030/1047/1 1103/1032/1
f 1030/1047/1 1029/998/1 1103/1032/1
f 1090/1042/1 1035/1048/1 1034/1043/1
f 1090/1042/1 1036/1049/1 1035/1048/1
f 1090/1042/1 1037/1050/1 1036/1049/1
f 1090/1042/1 1038/1051/1 1037/1050/1
f 1090/1042/1 1039/1052/1 1038/1051/1
f 1090/1042/1 1040/1053/1 1039/1052/1
f 1094/1041/1 1093/1054/1 1090/1042/1
f 1093/1054/1 1091/1055/1 1090/1042/1
f 1089/1056/1 1040/1053/1 1090/1042/1
f 1089/1056/1 1041/1057/1 1040/1053/1
f 1093/1054/5 1092/1058/5 1091/1055/5
f 1089/1056/1 1042/1059/1 1041/1057/1
f 1088/1060/1 1042/1059/1 1089/1056/1
f 1088/1060/1 1043/1061/1 1042/1059/1
f 1087/1062/1 1043/1061/1 1088/1060/1
f 1087/1062/1 1044/1063/1 1043/1061/1
f 1086/1064/1 1044/1063/1 1087/1062/1
f 1086/1064/1 1045/1065/1 1044/1063/1
f 1154/1066/1 1156/1067/1 1155/1068/1
f 1085/1069/1 1045/1065/1 1086/1064/1
f 1154/1066/1 1157/1070/1 1156/1067/1
f 1085/1069/1 1046/1071/1 1045/1065/1
f 1154/1066/1 1158/1072/1 1157/1070/1
f 1153/1073/1 1158/1072/1 1154/1066/1
f 1153/1073/1 1159/1074/1 1158/1072/1
f 1152/1075/1 1159/1074/1 1153/1073/1
f 1084/1076/1 1046/1071/1 1085/1069/1
f 1084/1076/1 1047/1077/1 1046/1071/1
f 1152/1075/1 1160/1078/1 1159/1074/1
f 1128/1079/1 1130/1080/1 1129/1081/1
f 1151/1082/1 1160/1078/1 1152/1075/1
f 1128/1079/1 1131/1083/1 1130/1080/1
f 1151/1082/1 1161/1084/1 1160/1078/1
f 1150/1085/1 1161/1084/1 1151/1082/1
f 1128/1079/1 1132/1086/1 1131/1083/1
f 1083/1087/1 1047/1077/1 1084/1076/1
f 1127/1088/1 1132/1086/1 1128/1079/1
f 1150/1085/1 1162/1089/1 1161/1084/1
f 1083/1087/1 1048/1090/1 1047/1077/1
f 1149/1091/1 1162/1089/1 1150/1085/1
f 1127/1088/1 1133/1092/1 1132/1086/1
f 1126/1093/1 1133/1092/1 1127/1088/1
f 1149/1091/1 1163/1094/1 1162/1089/1
f 1148/1095/1 1163/1094/1 1149/1091/1
f 1126/1093/1 1134/1096/1 1133/1092/1
f 1125/1097/1 1134/1096/1 1126/1093/1
f 1148/1095/1 1164/1098/1 1163/1094/1
f 1147/1099/1 1164/1098/1 1148/1095/1
f 1082/1100/1 1048/1090/1 1083/1087/1
f 1125/1097/1 1135/1101/1 1134/1096/1
f 1082/1100/1 1049/1102/1 1048/1090/1
f 1124/1103/1 1135/1101/1 1125/1097/1
f 1146/1104/1 1164/1098/1 1147/1099/1
f 1146/1104/1 1165/1105/1 1164/1098/1
f 1124/1103/1 1136/1106/1 1135/1101/1
f 1123/1107/1 1136/1106/1 1124/1103/1
f 1145/1108/1 1165/1105/1 1146/1104/1
f 1145/1108/1 1166/1109/1 1165/1105/1
f 1122/1110/1 1136/1106/1 1123/1107/1
f 1122/1110/1 1137/1111/1 1136/1106/1
f 1081/1112/1 1049/1102/1 1082/1100/1
f 1144/1113/1 1166/1109/1 1145/1108/1
f 1144/1113/1 1167/278/1 1166/1109/1
f 1081/1112/1 1050/1114/1 1049/1102/1
f 1121/1115/1 1137/1111/1 1122/1110/1
f 1121/1115/1 1138/1116/1 1137/1111/1
f 1144/1113/1 1143/1117/1 1167/278/1
f 1143/1117/1 1142/1118/1 1167/278/1
f 1120/1119/1 1138/1116/1 1121/1115/1
f 1120/1119/1 1139/1120/1 1138/1116/1
f 1119/1121/1 1139/1120/1 1120/1119/1
f 1119/1121/1 1140/1122/1 1139/1120/1
f 1080/1123/1 1050/1114/1 1081/1112/1
f 1080/1123/1 1051/1124/1 1050/1114/1
f 1118/1125/1 1140/1122/1 1119/1121/1
f 1118/1125/1 1141/1126/1 1140/1122/1
f 1117/1127/1 1141/1126/1 1118/1125/1
f 1117/1127/1 1116/1128/1 1141/1126/1
f 1080/1123/1 1052/1129/1 1051/1124/1
f 1079/1130/1 1052/1129/1 1080/1123/1
f 1079/1130/1 1053/1131/1 1052/1129/1
f 1078/1132/1 1053/1131/1 1079/1130/1
f 1078/1132/1 1054/1133/1 1053/1131/1
f 1077/1134/1 1054/1133/1 1078/1132/1
f 1077/1134/1 1055/1135/1 1054/1133/1
f 1076/1136/1 1055/1135/1 1077/1134/1
f 1076/1136/1 1056/1137/1 1055/1135/1
f 1075/1138/1 1056/1137/1 1076/1136/1
f 1075/1138/1 1057/1139/1 1056/1137/1
f 1075/1138/1 1058/1140/1 1057/1139/1
f 1074/1141/1 1058/1140/1 1075/1138/1
f 1074/1141/1 1059/776/1 1058/1140/1
f 1073/1142/1 1059/776/1 1074/1141/1
f 1073/1142/1 1060/1143/1 1059/776/1
f 1073/1142/1 1061/1144/1 1060/1143/1
f 1072/1145/1 1061/1144/1 1073/1142/1
f 1072/1145/1 1062/1146/1 1061/1144/1
f 1072/1145/1 1063/1147/1 1062/1146/1
f 1072/1145/1 1064/1148/1 1063/1147/1
f 1072/1145/1 1065/1149/1 1064/1148/1
f 1071/1150/1 1065/1149/1 1072/1145/1
f 1071/1150/1 1066/1151/1 1065/1149/1
f 1070/1152/1 1066/1151/1 1071/1150/1
f 1069/1153/1 1066/1151/1 1070/1152/1
f 1068/1154/1 1066/1151/1 1069/1153/1
f 1067/1155/1 1066/1151/1 1068/1154/1
f 1176/1156/1 1178/1157/1 1177/1158/1
f 1176/1156/1 1174/1159/1 1178/1157/1
f 1174/1159/1 1173/1160/1 1178/1157/1
f 1173/1160/1 1179/1161/1 1178/1157/1
f 1179/1161/1 1181/1162/1 1180/1163/1
f 1179/1161/1 1170/1164/1 1181/1162/1
f 1170/1164/1 1169/1165/1 1181/1162/1
f 1169/1165/1 1182/278/1 1181/1162/1
f 1176/1156/1 1175/1064/1 1174/1159/1
f 1172/1166/1 1179/1161/1 1173/1160/1
f 1179/1161/1 1171/1167/1 1170/1164/1
f 1168/26/1 1182/278/1 1169/1165/1
f 1172/1166/1 1171/1167/1 1179/1161/1
f 1364/1/6 1365/3/6 1366/2/6
f 1302/4/6 1303/6/6 1304/5/6
f 1364/1/6 1366/2/6 1367/7/6
f 1301/8/6 1302/4/6 1304/5/6
f 1363/9/6 1364/1/6 1367/7/6
f 1363/9/6 1367/7/6 1368/10/6
f 1300/11/6 1301/8/6 1304/5/6
f 1363/9/6 1368/10/6 1369/12/6
f 1299/13/6 1300/11/6 1304/5/6
f 1363/9/6 1369/12/6 1370/14/6
f 1362/15/6 1363/9/6 1370/14/6
f 1298/16/6 1299/13/6 1304/5/6
f 1362/15/6 1370/14/6 1371/17/6
f 1297/18/6 1298/16/6 1304/5/6
f 1362/15/6 1371/17/6 1372/19/6
f 1296/20/6 1297/18/6 1304/5/6
f 1362/15/6 1372/19/6 1373/21/6
f 1361/22/6 1362/15/6 1373/21/6
f 1295/23/6 1296/20/6 1304/5/6
f 1361/22/6 1373/21/6 1374/24/6
f 1294/25/6 1295/23/6 1304/5/6
f 1294/25/6 1304/5/6 1183/26/6
f 1361/22/6 1374/24/6 1375/27/6
f 1293/28/6 1294/25/6 1183/26/6
f 1293/28/6 1183/26/6 1184/29/6
f 1361/22/6 1375/27/6 1376/30/6
f 1293/28/6 1184/29/6 1185/31/6
f 1360/32/6 1361/22/6 1376/30/6
f 1292/33/6 1293/28/6 1185/31/6
f 1292/33/6 1185/31/6 1186/34/6
f 1360/32/6 1376/30/6 1377/35/6
f 1292/33/6 1186/34/6 1187/36/6
f 1291/37/6 1292/33/6 1187/36/6
f 1291/37/6 1187/36/6 1188/38/6
f 1290/39/6 1291/37/6 1188/38/6
f 1290/39/6 1188/38/6 1189/40/6
f 1360/32/6 1377/35/6 1378/41/6
f 1290/39/6 1189/40/6 1190/42/6
f 1289/43/6 1290/39/6 1190/42/6
f 1379/44/6 1380/46/6 1381/45/6
f 1289/43/6 1190/42/6 1191/47/6
f 1359/48/6 1360/32/6 1378/41/6
f 1359/48/6 1378/41/6 1379/44/6
f 1359/48/6 1379/44/6 1381/45/6
f 1288/49/6 1289/43/6 1191/47/6
f 1288/49/6 1191/47/6 1192/50/6
f 1288/49/6 1192/50/6 1193/51/6
f 1287/52/6 1288/49/6 1193/51/6
f 1287/52/6 1193/51/6 1194/53/6
f 1287/52/6 1194/53/6 1267/54/6
f 1267/54/6 1194/53/6 1195/55/6
f 1286/56/6 1287/52/6 1267/54/6
f 1285/57/6 1286/56/6 1267/54/6
f 1358/58/6 1359/48/6 1381/45/6
f 1358/58/6 1381/45/6 1382/59/6
f 1284/60/6 1285/57/6 1267/54/6
f 1283/61/6 1284/60/6 1267/54/6
f 1283/61/6 1267/54/6 1268/62/6
f 1266/63/6 1267/54/6 1195/55/6
f 1283/61/6 1268/62/6 1269/64/6
f 1282/65/6 1283/61/6 1269/64/6
f 1282/65/6 1269/64/6 1270/66/6
f 1282/65/6 1270/66/6 1271/67/6
f 1282/65/6 1271/67/6 1272/68/6
f 1281/69/6 1282/65/6 1272/68/6
f 1357/70/6 1358/58/6 1328/71/6
f 1328/71/6 1358/58/6 1382/59/6
f 1281/69/6 1272/68/6 1273/72/6
f 1281/69/6 1273/72/6 1274/73/6
f 1280/74/6 1281/69/6 1274/73/6
f 1280/74/6 1274/73/6 1275/75/6
f 1280/74/6 1275/75/6 1276/76/6
f 1280/74/6 1276/76/6 1277/77/6
f 1279/78/6 1280/74/6 1277/77/6
f 1279/78/6 1277/77/6 1278/79/6
f 1356/80/6 1357/70/6 1329/81/6
f 1329/81/6 1357/70/6 1328/71/6
f 1356/80/6 1329/81/6 1330/82/6
f 1327/83/6 1328/71/6 1382/59/6
f 1327/83/6 1382/59/6 1383/84/6
f 1356/80/6 1330/82/6 1331/85/6
f 1355/86/6 1356/80/6 1331/85/6
f 1326/87/6 1327/83/6 1383/84/6
f 1355/86/6 1331/85/6 1332/88/6
f 1325/89/6 1326/87/6 1383/84/6
f 1354/90/6 1355/86/6 1332/88/6
f 1354/90/6 1332/88/6 1333/91/6
f 1324/92/6 1325/89/6 1383/84/6
f 1354/90/6 1333/91/6 1334/93/6
f 1353/94/6 1354/90/6 1334/93/6
f 1324/92/6 1383/84/6 1384/95/6
f 1323/96/6 1324/92/6 1384/95/6
f 1353/94/6 1334/93/6 1335/97/6
f 1429/98/6 1430/100/6 1305/99/6
f 1322/101/6 1323/96/6 1384/95/6
f 1353/94/6 1335/97/6 1336/102/6
f 1429/98/6 1305/99/6 1306/103/6
f 1352/104/6 1353/94/6 1336/102/6
f 1351/105/6 1352/104/6 1336/102/6
f 1429/98/6 1306/103/6 1307/106/6
f 1350/107/6 1351/105/6 1336/102/6
f 1350/107/6 1336/102/6 1337/108/6
f 1321/109/6 1322/101/6 1384/95/6
f 1429/98/6 1307/106/6 1308/110/6
f 1349/111/6 1350/107/6 1337/108/6
f 1348/112/6 1349/111/6 1337/108/6
f 1429/98/6 1308/110/6 1309/113/6
f 1348/112/6 1337/108/6 1338/114/6
f 1347/115/6 1348/112/6 1338/114/6
f 1320/116/6 1321/109/6 1384/95/6
f 1429/98/6 1309/113/6 1310/117/6
f 1346/118/6 1347/115/6 1338/114/6
f 1320/116/6 1384/95/6 1385/119/6
f 1346/118/6 1338/114/6 1339/120/6
f 1345/121/6 1346/118/6 1339/120/6
f 1429/98/6 1310/117/6 1311/122/6
f 1319/123/6 1320/116/6 1385/119/6
f 1428/124/6 1429/98/6 1311/122/6
f 1344/125/6 1345/121/6 1339/120/6
f 1344/125/6 1339/120/6 1340/126/6
f 1428/124/6 1311/122/6 1312/127/6
f 1427/128/6 1428/124/6 1312/127/6
f 1343/129/6 1344/125/6 1340/126/6
f 1318/130/6 1319/123/6 1385/119/6
f 1427/128/6 1312/127/6 1313/131/6
f 1426/132/6 1427/128/6 1313/131/6
f 1342/133/6 1343/129/6 1340/126/6
f 1342/133/6 1340/126/6 1341/134/6
f 1425/135/6 1426/132/6 1313/131/6
f 1425/135/6 1313/131/6 1314/136/6
f 1317/137/6 1318/130/6 1385/119/6
f 1424/138/6 1425/135/6 1314/136/6
f 1424/138/6 1314/136/6 1315/139/6
f 1316/140/6 1317/137/6 1385/119/6
f 1423/141/6 1424/138/6 1315/139/6
f 1316/140/6 1385/119/6 1386/142/6
f 1423/141/6 1315/139/6 1316/140/6
f 1422/143/6 1423/141/6 1316/140/6
f 1264/144/6 1265/145/6 1266/63/6
f 1264/144/6 1266/63/6 1195/55/6
f 1264/144/6 1195/55/6 1196/146/6
f 1264/144/6 1196/146/6 1197/147/6
f 1422/143/6 1316/140/6 1386/142/6
f 1421/148/6 1422/143/6 1386/142/6
f 1420/149/6 1421/148/6 1386/142/6
f 1419/150/6 1420/149/6 1386/142/6
f 1418/151/6 1419/150/6 1386/142/6
f 1418/151/6 1386/142/6 1387/152/6
f 1417/153/6 1418/151/6 1387/152/6
f 1416/154/6 1417/153/6 1387/152/6
f 1415/155/6 1416/154/6 1387/152/6
f 1414/156/6 1415/155/6 1387/152/6
f 1414/156/6 1387/152/6 1388/157/6
f 1413/158/6 1414/156/6 1388/157/6
f 1263/159/2 1264/144/2 1197/147/2
f 1262/160/6 1263/159/6 1198/161/6
f 1198/161/2 1263/159/2 1197/147/2
f 1262/160/6 1198/161/6 1199/162/6
f 1412/163/6 1413/158/6 1388/157/6
f 1490/164/6 1491/166/6 1492/165/6
f 1411/167/6 1412/163/6 1388/157/6
f 1411/167/6 1388/157/6 1389/168/6
f 1410/169/6 1411/167/6 1389/168/6
f 1490/164/6 1492/165/6 1493/170/6
f 1262/160/6 1199/162/6 1200/171/6
f 1409/172/6 1410/169/6 1389/168/6
f 1490/164/6 1493/170/6 1494/173/6
f 1489/174/6 1490/164/6 1494/173/6
f 1261/175/6 1262/160/6 1200/171/6
f 1408/176/6 1409/172/6 1389/168/6
f 1261/175/6 1200/171/6 1201/177/6
f 1489/174/6 1494/173/6 1495/178/6
f 1407/179/6 1408/176/6 1389/168/6
f 1407/179/6 1389/168/6 1390/180/6
f 1489/174/6 1495/178/6 1496/181/6
f 1406/182/6 1407/179/6 1390/180/6
f 1261/175/6 1201/177/6 1202/183/6
f 1405/184/6 1406/182/6 1390/180/6
f 1489/174/6 1496/181/6 1497/185/6
f 1404/186/6 1405/184/6 1390/180/6
f 1488/187/6 1489/174/6 1497/185/6
f 1488/187/6 1497/185/6 1498/188/6
f 1403/189/6 1404/186/6 1390/180/6
f 1261/175/6 1202/183/6 1203/190/6
f 1260/191/6 1261/175/6 1203/190/6
f 1403/189/6 1390/180/6 1391/192/6
f 1402/193/6 1403/189/6 1391/192/6
f 1488/187/6 1498/188/6 1499/194/6
f 1401/195/6 1402/193/6 1391/192/6
f 1488/187/6 1499/194/6 1500/196/6
f 1400/197/6 1401/195/6 1391/192/6
f 1260/191/6 1203/190/6 1204/198/6
f 1488/187/6 1500/196/6 1501/199/6
f 1399/200/6 1400/197/6 1391/192/6
f 1487/201/6 1488/187/6 1501/199/6
f 1399/200/6 1391/192/6 1392/202/6
f 1398/203/6 1399/200/6 1392/202/6
f 1487/201/6 1501/199/6 1502/204/6
f 1397/205/6 1398/203/6 1392/202/6
f 1260/191/6 1204/198/6 1205/206/6
f 1487/201/6 1502/204/6 1503/207/6
f 1259/208/6 1260/191/6 1224/209/6
f 1224/209/6 1260/191/6 1205/206/6
f 1396/210/6 1397/205/6 1392/202/6
f 1487/201/6 1503/207/6 1504/211/6
f 1395/212/6 1396/210/6 1392/202/6
f 1395/212/6 1392/202/6 1394/213/6
f 1394/213/6 1392/202/6 1393/214/6
f 1505/215/6 1506/217/6 1507/216/6
f 1487/201/6 1504/211/6 1505/215/6
f 1487/201/6 1505/215/6 1507/216/6
f 1486/218/6 1487/201/6 1507/216/6
f 1224/209/6 1205/206/6 1206/219/6
f 1259/208/6 1224/209/6 1227/220/6
f 1227/220/6 1224/209/6 1225/221/6
f 1223/222/6 1224/209/6 1206/219/6
f 1222/223/6 1223/222/6 1206/219/6
f 1222/223/6 1206/219/6 1207/224/6
f 1258/225/6 1259/208/6 1227/220/6
f 1486/218/6 1507/216/6 1454/226/6
f 1454/226/6 1507/216/6 1508/227/6
f 1258/225/6 1227/220/6 1228/228/6
f 1226/229/6 1227/220/6 1225/221/6
f 1485/230/6 1486/218/6 1454/226/6
f 1221/231/6 1222/223/6 1207/224/6
f 1221/231/6 1207/224/6 1208/232/6
f 1220/233/6 1221/231/6 1208/232/6
f 1258/225/6 1228/228/6 1229/234/6
f 1484/235/6 1485/230/6 1455/236/6
f 1455/236/6 1485/230/6 1454/226/6
f 1220/233/6 1208/232/6 1209/237/6
f 1257/238/6 1258/225/6 1229/234/6
f 1219/239/6 1220/233/6 1209/237/6
f 1219/239/6 1209/237/6 1210/240/6
f 1484/235/6 1455/236/6 1456/241/6
f 1453/242/6 1454/226/6 1508/227/6
f 1218/243/6 1219/239/6 1210/240/6
f 1483/244/6 1484/235/6 1456/241/6
f 1218/243/6 1210/240/6 1211/245/6
f 1257/238/6 1229/234/6 1230/246/6
f 1256/247/6 1257/238/6 1230/246/6
f 1217/248/6 1218/243/6 1211/245/6
f 1217/248/6 1211/245/6 1216/249/6
f 1216/249/6 1211/245/6 1215/250/6
f 1215/250/6 1211/245/6 1214/251/6
f 1214/251/6 1211/245/6 1213/252/6
f 1213/252/6 1211/245/6 1212/253/6
f 1483/244/6 1456/241/6 1457/254/6
f 1452/255/6 1453/242/6 1508/227/6
f 1452/255/6 1508/227/6 1509/256/6
f 1482/257/6 1483/244/6 1457/254/6
f 1482/257/6 1457/254/6 1458/258/6
f 1256/247/6 1230/246/6 1231/259/6
f 1451/260/6 1452/255/6 1509/256/6
f 1255/261/6 1256/247/6 1231/259/6
f 1482/257/6 1458/258/6 1459/262/6
f 1481/263/6 1482/257/6 1459/262/6
f 1450/264/6 1451/260/6 1509/256/6
f 1255/261/6 1231/259/6 1232/265/6
f 1481/263/6 1459/262/6 1460/266/6
f 1449/267/6 1450/264/6 1509/256/6
f 1254/268/6 1255/261/6 1232/265/6
f 1480/269/6 1481/263/6 1460/266/6
f 1480/269/6 1460/266/6 1461/270/6
f 1449/267/6 1509/256/6 1510/271/6
f 1448/272/6 1449/267/6 1510/271/6
f 1254/268/6 1232/265/6 1233/273/6
f 1480/269/6 1461/270/6 1462/274/6
f 1479/275/6 1480/269/6 1462/274/6
f 1555/276/6 1556/278/6 1431/277/6
f 1253/279/6 1254/268/6 1233/273/6
f 1555/276/6 1431/277/6 1432/280/6
f 1447/281/6 1448/272/6 1510/271/6
f 1479/275/6 1462/274/6 1463/282/6
f 1555/276/6 1432/280/6 1433/283/6
f 1253/279/6 1233/273/6 1234/284/6
f 1478/285/6 1479/275/6 1463/282/6
f 1555/276/6 1433/283/6 1434/286/6
f 1477/287/6 1478/285/6 1463/282/6
f 1446/288/6 1447/281/6 1510/271/6
f 1477/287/6 1463/282/6 1464/289/6
f 1476/290/6 1477/287/6 1464/289/6
f 1252/291/6 1253/279/6 1234/284/6
f 1555/276/6 1434/286/6 1435/292/6
f 1475/293/6 1476/290/6 1464/289/6
f 1474/294/6 1475/293/6 1464/289/6
f 1555/276/6 1435/292/6 1436/295/6
f 1474/294/6 1464/289/6 1465/296/6
f 1445/297/6 1446/288/6 1510/271/6
f 1473/298/6 1474/294/6 1465/296/6
f 1554/299/6 1555/276/6 1436/295/6
f 1252/291/6 1234/284/6 1235/300/6
f 1445/297/6 1510/271/6 1511/301/6
f 1554/299/6 1436/295/6 1437/302/6
f 1472/303/6 1473/298/6 1465/296/6
f 1553/304/6 1554/299/6 1437/302/6
f 1472/303/6 1465/296/6 1466/305/6
f 1471/306/6 1472/303/6 1466/305/6
f 1251/307/6 1252/291/6 1235/300/6
f 1553/304/6 1437/302/6 1438/308/6
f 1444/309/6 1445/297/6 1511/301/6
f 1470/310/6 1471/306/6 1466/305/6
f 1552/311/6 1553/304/6 1438/308/6
f 1552/311/6 1438/308/6 1439/312/6
f 1469/313/6 1470/310/6 1466/305/6
f 1469/313/6 1466/305/6 1468/314/6
f 1468/314/6 1466/305/6 1467/315/6
f 1551/316/6 1552/311/6 1439/312/6
f 1251/307/6 1235/300/6 1236/317/6
f 1443/318/6 1444/309/6 1511/301/6
f 1551/316/6 1439/312/6 1440/319/6
f 1250/320/6 1251/307/6 1236/317/6
f 1550/321/6 1551/316/6 1440/319/6
f 1249/322/6 1250/320/6 1236/317/6
f 1550/321/6 1440/319/6 1441/323/6
f 1549/324/6 1550/321/6 1441/323/6
f 1442/325/6 1443/318/6 1511/301/6
f 1248/326/6 1249/322/6 1236/317/6
f 1549/324/6 1441/323/6 1442/325/6
f 1248/326/6 1236/317/6 1237/327/6
f 1247/328/6 1248/326/6 1237/327/6
f 1548/329/6 1549/324/6 1442/325/6
f 1548/329/6 1442/325/6 1511/301/6
f 1548/329/6 1511/301/6 1512/330/6
f 1246/331/6 1247/328/6 1237/327/6
f 1547/332/6 1548/329/6 1512/330/6
f 1245/333/6 1246/331/6 1237/327/6
f 1546/334/6 1547/332/6 1512/330/6
f 1244/335/6 1245/333/6 1237/327/6
f 1244/335/6 1237/327/6 1238/336/6
f 1243/337/6 1244/335/6 1238/336/6
f 1545/338/6 1546/334/6 1512/330/6
f 1242/339/6 1243/337/6 1238/336/6
f 1544/340/6 1545/338/6 1512/330/6
f 1241/341/6 1242/339/6 1238/336/6
f 1241/341/6 1238/336/6 1240/342/6
f 1240/342/6 1238/336/6 1239/343/6
f 1543/344/6 1544/340/6 1512/330/6
f 1542/345/6 1543/344/6 1512/330/6
f 1542/345/6 1512/330/6 1513/346/6
f 1541/347/6 1542/345/6 1513/346/6
f 1540/348/6 1541/347/6 1513/346/6
f 1540/348/6 1513/346/6 1514/349/6
f 1539/350/6 1540/348/6 1514/349/6
f 1538/351/6 1539/350/6 1514/349/6
f 1537/352/6 1538/351/6 1514/349/6
f 1537/352/6 1514/349/6 1515/353/6
f 1536/354/6 1537/352/6 1515/353/6
f 1535/355/6 1536/354/6 1515/353/6
f 1534/356/6 1535/355/6 1515/353/6
f 1534/356/6 1515/353/6 1516/357/6
f 1533/358/6 1534/356/6 1516/357/6
f 1532/359/6 1533/358/6 1516/357/6
f 1531/360/6 1532/359/6 1516/357/6
f 1530/361/6 1531/360/6 1516/357/6
f 1530/361/6 1516/357/6 1517/362/6
f 1529/363/6 1530/361/6 1517/362/6
f 1528/364/6 1529/363/6 1517/362/6
f 1527/365/6 1528/364/6 1517/362/6
f 1526/366/6 1527/365/6 1517/362/6
f 1525/367/6 1526/366/6 1517/362/6
f 1525/367/6 1517/362/6 1518/368/6
f 1524/369/6 1525/367/6 1518/368/6
f 1523/370/6 1524/369/6 1518/368/6
f 1522/371/6 1523/370/6 1518/368/6
f 1522/371/6 1518/368/6 1521/372/6
f 1521/372/6 1518/368/6 1520/373/6
f 1520/373/6 1518/368/6 1519/374/6
f 1611/375/6 1612/377/6 1613/376/6
f 1611/375/6 1613/376/6 1614/378/6
f 1581/379/6 1582/380/6 1557/26/6
f 1581/379/6 1557/26/6 1558/381/6
f 1581/379/6 1558/381/6 1559/382/6
f 1581/379/6 1559/382/6 1560/383/6
f 1580/384/6 1581/379/6 1560/383/6
f 1580/384/6 1560/383/6 1561/385/6
f 1579/386/6 1580/384/6 1561/385/6
f 1610/387/3 1611/375/3 1614/378/3
f 1609/388/6 1610/387/6 1788/389/6
f 1788/389/2 1610/387/2 1614/378/2
f 1609/388/6 1788/389/6 1789/390/6
f 1787/391/3 1788/389/3 1614/378/3
f 1790/392/6 1787/391/6 1615/393/6
f 1615/393/2 1787/391/2 1614/378/2
f 1790/392/6 1615/393/6 1616/394/6
f 1579/386/6 1561/385/6 1562/395/6
f 1578/396/6 1579/386/6 1562/395/6
f 1578/396/6 1562/395/6 1563/397/6
f 1577/398/6 1578/396/6 1563/397/6
f 1577/398/6 1563/397/6 1564/399/6
f 1576/400/6 1577/398/6 1564/399/6
f 1576/400/6 1564/399/6 1565/401/6
f 1575/402/6 1576/400/6 1565/401/6
f 1607/403/6 1608/405/6 1585/404/6
f 1585/404/6 1608/405/6 1609/388/6
f 1585/404/6 1609/388/6 1789/390/6
f 1585/404/6 1789/390/6 1790/392/6
f 1585/404/6 1790/392/6 1616/394/6
f 1585/404/6 1616/394/6 1617/406/6
f 1585/404/6 1617/406/6 1584/407/6
f 1584/407/6 1617/406/6 1589/408/6
f 1589/408/6 1617/406/6 1593/409/6
f 1593/409/6 1617/406/6 1592/410/6
f 1592/410/6 1617/406/6 1618/411/6
f 1575/402/6 1565/401/6 1566/412/6
f 1574/413/6 1575/402/6 1566/412/6
f 1574/413/6 1566/412/6 1567/414/6
f 1573/415/6 1574/413/6 1567/414/6
f 1573/415/6 1567/414/6 1568/416/6
f 1572/417/6 1573/415/6 1568/416/6
f 1572/417/6 1568/416/6 1571/418/6
f 1571/418/6 1568/416/6 1570/419/6
f 1570/419/6 1568/416/6 1569/420/6
f 1607/403/6 1585/404/6 1586/421/6
f 1583/422/6 1584/407/6 1589/408/6
f 1583/422/6 1589/408/6 1590/423/6
f 1588/424/2 1589/408/2 1593/409/2
f 1587/425/6 1588/424/6 1593/409/6
f 1587/425/6 1593/409/6 1594/426/6
f 1591/427/6 1592/410/6 1618/411/6
f 1607/403/6 1586/421/6 1583/422/6
f 1607/403/6 1583/422/6 1590/423/6
f 1607/403/6 1590/423/6 1587/425/6
f 1607/403/6 1587/425/6 1594/426/6
f 1607/403/6 1594/426/6 1591/427/6
f 1607/403/6 1591/427/6 1618/411/6
f 1606/428/2 1607/403/2 1618/411/2
f 1605/429/6 1606/428/6 1619/430/6
f 1619/430/2 1606/428/2 1618/411/2
f 1605/429/6 1619/430/6 1620/431/6
f 1605/429/6 1620/431/6 1621/432/6
f 1604/433/6 1605/429/6 1621/432/6
f 1604/433/6 1621/432/6 1622/434/6
f 1603/435/6 1604/433/6 1622/434/6
f 1603/435/6 1622/434/6 1623/436/6
f 1602/437/6 1603/435/6 1623/436/6
f 1602/437/6 1623/436/6 1624/438/6
f 1601/439/6 1602/437/6 1624/438/6
f 1601/439/6 1624/438/6 1625/440/6
f 1600/441/6 1601/439/6 1625/440/6
f 1600/441/6 1625/440/6 1626/442/6
f 1599/443/6 1600/441/6 1626/442/6
f 1599/443/6 1626/442/6 1627/444/6
f 1598/445/6 1599/443/6 1627/444/6
f 1598/445/6 1627/444/6 1628/446/6
f 1597/447/6 1598/445/6 1628/446/6
f 1597/447/6 1628/446/6 1629/448/6
f 1596/449/6 1597/447/6 1629/448/6
f 1596/449/6 1629/448/6 1630/450/6
f 1595/451/6 1596/449/6 1630/450/6
f 1595/451/6 1630/450/6 1631/452/6
f 1786/453/6 1595/451/6 1631/452/6
f 1784/454/6 1785/455/6 1786/453/6
f 1784/454/6 1786/453/6 1631/452/6
f 1784/454/6 1631/452/6 1632/456/6
f 1784/454/6 1632/456/6 1633/457/6
f 1931/458/6 1932/460/6 1933/459/6
f 1931/458/6 1933/459/6 1930/461/6
f 1930/461/6 1933/459/6 1934/278/6
f 1783/462/2 1784/454/2 1633/457/2
f 1782/463/6 1783/462/6 1804/464/6
f 1804/464/2 1783/462/2 1633/457/2
f 1782/463/6 1804/464/6 1805/465/6
f 1803/466/3 1804/464/3 1633/457/3
f 1802/467/6 1803/466/6 1634/468/6
f 1634/468/2 1803/466/2 1633/457/2
f 1802/467/6 1634/468/6 1635/469/6
f 1801/470/6 1802/467/6 1635/469/6
f 1782/463/6 1805/465/6 1806/471/6
f 1800/472/6 1801/470/6 1635/469/6
f 1782/463/6 1806/471/6 1807/473/6
f 1800/472/6 1635/469/6 1636/474/6
f 1781/475/6 1782/463/6 1807/473/6
f 1799/476/6 1800/472/6 1636/474/6
f 1781/475/6 1807/473/6 1808/477/6
f 1929/478/6 1930/461/6 1934/278/6
f 1798/479/6 1799/476/6 1636/474/6
f 1781/475/6 1808/477/6 1809/480/6
f 1798/479/6 1636/474/6 1637/481/6
f 1797/482/6 1798/479/6 1637/481/6
f 1781/475/6 1809/480/6 1810/483/6
f 1780/484/6 1781/475/6 1810/483/6
f 1796/485/6 1797/482/6 1637/481/6
f 1780/484/6 1810/483/6 1811/486/6
f 1795/487/6 1796/485/6 1637/481/6
f 1795/487/6 1637/481/6 1638/488/6
f 1780/484/6 1811/486/6 1812/489/6
f 1779/490/6 1780/484/6 1812/489/6
f 1794/491/6 1795/487/6 1638/488/6
f 1779/490/6 1812/489/6 1813/492/6
f 1793/493/6 1794/491/6 1638/488/6
f 1779/490/6 1813/492/6 1814/494/6
f 1793/493/6 1638/488/6 1639/495/6
f 1792/496/6 1793/493/6 1639/495/6
f 1778/497/6 1779/490/6 1814/494/6
f 1778/497/6 1814/494/6 1815/498/6
f 1791/499/6 1792/496/6 1639/495/6
f 1778/497/6 1815/498/6 1816/500/6
f 1791/499/6 1639/495/6 1640/501/6
f 1778/497/6 1816/500/6 1791/499/6
f 1778/497/6 1791/499/6 1640/501/6
f 1777/502/6 1778/497/6 1659/503/6
f 1659/503/6 1778/497/6 1640/501/6
f 1777/502/6 1659/503/6 1818/504/6
f 1818/504/6 1659/503/6 1660/505/6
f 1658/506/6 1659/503/6 1640/501/6
f 1658/506/6 1640/501/6 1641/507/6
f 1776/508/6 1777/502/6 1818/504/6
f 1657/509/6 1658/506/6 1641/507/6
f 1657/509/6 1641/507/6 1642/510/6
f 1775/511/6 1776/508/6 1818/504/6
f 1656/512/6 1657/509/6 1642/510/6
f 1774/513/6 1775/511/6 1818/504/6
f 1656/512/6 1642/510/6 1643/514/6
f 1655/515/6 1656/512/6 1643/514/6
f 1773/516/6 1774/513/6 1819/517/6
f 1819/517/6 1774/513/6 1818/504/6
f 1655/515/6 1643/514/6 1644/518/6
f 1773/516/6 1819/517/6 1747/519/6
f 1747/519/6 1819/517/6 1820/520/6
f 1817/521/6 1818/504/6 1660/505/6
f 1654/522/6 1655/515/6 1644/518/6
f 1772/523/6 1773/516/6 1747/519/6
f 1654/522/6 1644/518/6 1645/524/6
f 1772/523/6 1747/519/6 1748/525/6
f 1746/526/6 1747/519/6 1820/520/6
f 1653/527/6 1654/522/6 1645/524/6
f 1771/528/6 1772/523/6 1748/525/6
f 1771/528/6 1748/525/6 1749/529/6
f 1653/527/6 1645/524/6 1646/530/6
f 1770/531/6 1771/528/6 1749/529/6
f 1652/532/6 1653/527/6 1646/530/6
f 1770/531/6 1749/529/6 1750/533/6
f 1769/534/6 1770/531/6 1750/533/6
f 1768/535/6 1769/534/6 1750/533/6
f 1652/532/6 1646/530/6 1651/536/6
f 1651/536/6 1646/530/6 1650/537/6
f 1650/537/6 1646/530/6 1649/538/6
f 1649/538/6 1646/530/6 1648/539/6
f 1648/539/6 1646/530/6 1647/540/6
f 1768/535/6 1750/533/6 1751/541/6
f 1767/542/6 1768/535/6 1751/541/6
f 1767/542/6 1751/541/6 1752/543/6
f 1766/544/6 1767/542/6 1752/543/6
f 1766/544/6 1752/543/6 1753/545/6
f 1765/546/6 1766/544/6 1753/545/6
f 1765/546/6 1753/545/6 1754/547/6
f 1764/548/6 1765/546/6 1754/547/6
f 1764/548/6 1754/547/6 1755/549/6
f 1763/550/6 1764/548/6 1755/549/6
f 1763/550/6 1755/549/6 1756/551/6
f 1762/552/6 1763/550/6 1756/551/6
f 1762/552/6 1756/551/6 1757/553/6
f 1761/554/6 1762/552/6 1757/553/6
f 1761/554/6 1757/553/6 1758/555/6
f 1760/556/6 1761/554/6 1758/555/6
f 1760/556/6 1758/555/6 1759/557/6
f 1746/526/6 1820/520/6 1661/558/6
f 1661/558/6 1820/520/6 1817/521/6
f 1661/558/6 1817/521/6 1660/505/6
f 1697/559/6 1698/561/6 1699/560/6
f 1697/559/6 1699/560/6 1700/562/6
f 1697/559/6 1700/562/6 1701/563/6
f 1746/526/6 1661/558/6 1662/564/6
f 1697/559/6 1701/563/6 1702/565/6
f 1697/559/6 1702/565/6 1703/566/6
f 1697/559/6 1703/566/6 1704/567/6
f 1697/559/6 1704/567/6 1705/568/6
f 1697/559/6 1705/568/6 1706/569/6
f 1696/570/6 1697/559/6 1706/569/6
f 1696/570/6 1706/569/6 1707/571/6
f 1696/570/6 1707/571/6 1708/572/6
f 1696/570/6 1708/572/6 1709/573/6
f 1696/570/6 1709/573/6 1710/574/6
f 1696/570/6 1710/574/6 1711/575/6
f 1695/576/6 1696/570/6 1711/575/6
f 1694/577/6 1695/576/6 1711/575/6
f 1694/577/6 1711/575/6 1712/578/6
f 1746/526/6 1662/564/6 1663/579/6
f 1745/580/6 1746/526/6 1663/579/6
f 1693/581/6 1694/577/6 1712/578/6
f 1745/580/6 1663/579/6 1664/582/6
f 1745/580/6 1664/582/6 1665/583/6
f 1692/584/6 1693/581/6 1712/578/6
f 1692/584/6 1712/578/6 1713/585/6
f 1745/580/6 1665/583/6 1666/586/6
f 1744/587/6 1745/580/6 1666/586/6
f 1691/588/6 1692/584/6 1713/585/6
f 1744/587/6 1666/586/6 1667/589/6
f 1690/590/6 1691/588/6 1713/585/6
f 1744/587/6 1667/589/6 1668/591/6
f 1744/587/6 1668/591/6 1669/592/6
f 1689/593/6 1690/590/6 1713/585/6
f 1744/587/6 1669/592/6 1670/594/6
f 1688/595/6 1689/593/6 1713/585/6
f 1744/587/6 1670/594/6 1671/596/6
f 1688/595/6 1713/585/6 1714/597/6
f 1744/587/6 1671/596/6 1672/598/6
f 1687/599/6 1688/595/6 1714/597/6
f 1744/587/6 1672/598/6 1673/600/6
f 1743/601/6 1744/587/6 1673/600/6
f 1686/602/6 1687/599/6 1714/597/6
f 1743/601/6 1673/600/6 1674/603/6
f 1743/601/6 1674/603/6 1675/604/6
f 1743/601/6 1675/604/6 1676/605/6
f 1743/601/6 1676/605/6 1677/606/6
f 1743/601/6 1677/606/6 1678/607/6
f 1743/601/6 1678/607/6 1679/608/6
f 1743/601/6 1679/608/6 1680/609/6
f 1743/601/6 1680/609/6 1681/610/6
f 1743/601/6 1681/610/6 1682/611/6
f 1743/601/6 1682/611/6 1683/612/6
f 1743/601/6 1683/612/6 1684/613/6
f 1743/601/6 1684/613/6 1685/614/6
f 1743/601/6 1685/614/6 1686/602/6
f 1743/601/6 1686/602/6 1714/597/6
f 1743/601/6 1714/597/6 1715/615/6
f 1742/616/6 1743/601/6 1715/615/6
f 1928/617/6 1929/478/6 1934/278/6
f 1927/618/6 1928/617/6 1934/278/6
f 1927/618/6 1934/278/6 1821/619/6
f 1927/618/6 1821/619/6 1822/620/6
f 1926/621/6 1927/618/6 1822/620/6
f 1741/622/6 1742/616/6 1715/615/6
f 1741/622/6 1715/615/6 1716/623/6
f 1926/621/6 1822/620/6 1823/624/6
f 1926/621/6 1823/624/6 1824/625/6
f 1925/626/6 1926/621/6 1824/625/6
f 1925/626/6 1824/625/6 1825/627/6
f 1740/628/6 1741/622/6 1716/623/6
f 1740/628/6 1716/623/6 1717/629/6
f 1925/626/6 1825/627/6 1826/630/6
f 1924/631/6 1925/626/6 1826/630/6
f 1739/632/6 1740/628/6 1717/629/6
f 1924/631/6 1826/630/6 1827/633/6
f 1739/632/6 1717/629/6 1718/634/6
f 1924/631/6 1827/633/6 1828/635/6
f 1923/636/6 1924/631/6 1828/635/6
f 1738/637/6 1739/632/6 1718/634/6
f 1738/637/6 1718/634/6 1719/638/6
f 1923/636/6 1828/635/6 1829/639/6
f 1737/640/6 1738/637/6 1719/638/6
f 1737/640/6 1719/638/6 1720/641/6
f 1736/642/6 1737/640/6 1720/641/6
f 1923/636/6 1829/639/6 1830/643/6
f 1922/644/6 1923/636/6 1830/643/6
f 1736/642/6 1720/641/6 1721/645/6
f 1735/646/6 1736/642/6 1721/645/6
f 1735/646/6 1721/645/6 1722/647/6
f 1734/648/6 1735/646/6 1722/647/6
f 1733/649/2 1734/648/2 1722/647/2
f 1732/650/2 1733/649/2 1722/647/2
f 1731/651/2 1732/650/2 1722/647/2
f 1730/652/2 1731/651/2 1722/647/2
f 1729/653/2 1730/652/2 1722/647/2
f 1728/654/2 1729/653/2 1722/647/2
f 1727/655/2 1728/654/2 1722/647/2
f 1726/656/2 1727/655/2 1722/647/2
f 1725/657/2 1726/656/2 1722/647/2
f 1724/658/2 1725/657/2 1722/647/2
f 1723/659/2 1724/658/2 1722/647/2
f 1922/644/6 1830/643/6 1831/660/6
f 1922/644/6 1831/660/6 1832/661/6
f 1921/662/6 1922/644/6 1832/661/6
f 1921/662/6 1832/661/6 1904/663/6
f 1904/663/6 1832/661/6 1833/664/6
f 1920/665/6 1921/662/6 1904/663/6
f 1920/665/6 1904/663/6 1905/666/6
f 1903/667/6 1904/663/6 1833/664/6
f 1902/668/6 1903/667/6 1833/664/6
f 1920/665/6 1905/666/6 1906/669/6
f 1902/668/6 1833/664/6 1834/670/6
f 1901/671/6 1902/668/6 1834/670/6
f 1920/665/6 1906/669/6 1907/672/6
f 1900/673/6 1901/671/6 1834/670/6
f 1900/673/6 1834/670/6 1835/674/6
f 1899/675/6 1900/673/6 1835/674/6
f 1920/665/6 1907/672/6 1908/676/6
f 1919/677/6 1920/665/6 1908/676/6
f 1898/678/6 1899/675/6 1835/674/6
f 1898/678/6 1835/674/6 1836/679/6
f 1919/677/6 1908/676/6 1909/680/6
f 1855/681/6 1856/683/6 1857/682/6
f 1897/684/6 1898/678/6 1836/679/6
f 1854/685/6 1855/681/6 1857/682/6
f 1897/684/6 1836/679/6 1837/686/6
f 1853/687/6 1854/685/6 1857/682/6
f 1853/687/6 1857/682/6 1858/688/6
f 1918/689/6 1919/677/6 1909/680/6
f 1896/690/6 1897/684/6 1837/686/6
f 1896/690/6 1837/686/6 1838/691/6
f 1852/692/6 1853/687/6 1858/688/6
f 1918/689/6 1909/680/6 1910/693/6
f 1851/694/6 1852/692/6 1858/688/6
f 1896/690/6 1838/691/6 1839/695/6
f 1851/694/6 1858/688/6 1859/696/6
f 1850/697/6 1851/694/6 1859/696/6
f 1895/698/6 1896/690/6 1839/695/6
f 1849/699/6 1850/697/6 1859/696/6
f 1895/698/6 1839/695/6 1840/700/6
f 1848/701/6 1849/699/6 1859/696/6
f 1895/698/6 1840/700/6 1841/702/6
f 1847/703/6 1848/701/6 1859/696/6
f 1895/698/6 1841/702/6 1842/704/6
f 1846/705/6 1847/703/6 1859/696/6
f 1895/698/6 1842/704/6 1843/706/6
f 1845/707/6 1846/705/6 1859/696/6
f 1845/707/6 1859/696/6 1860/708/6
f 1844/709/6 1845/707/6 1860/708/6
f 1895/698/6 1843/706/6 1844/709/6
f 1895/698/6 1844/709/6 1860/708/6
f 1917/710/6 1918/689/6 1910/693/6
f 1917/710/6 1910/693/6 1911/711/6
f 1894/712/6 1895/698/6 1860/708/6
f 1894/712/6 1860/708/6 1861/713/6
f 1893/714/6 1894/712/6 1861/713/6
f 1917/710/6 1911/711/6 1912/715/6
f 1916/716/6 1917/710/6 1915/717/6
f 1915/717/6 1917/710/6 1914/718/6
f 1914/718/6 1917/710/6 1913/719/6
f 1913/719/6 1917/710/6 1912/715/6
f 1893/714/6 1861/713/6 1862/720/6
f 1892/721/6 1893/714/6 1862/720/6
f 1891/722/6 1892/721/6 1862/720/6
f 1891/722/6 1862/720/6 1863/723/6
f 1891/722/6 1863/723/6 1864/724/6
f 1890/725/6 1891/722/6 1864/724/6
f 1890/725/6 1864/724/6 1865/726/6
f 1889/727/6 1890/725/6 1865/726/6
f 1889/727/6 1865/726/6 1866/728/6
f 1888/729/6 1889/727/6 1866/728/6
f 1888/729/6 1866/728/6 1867/730/6
f 1887/731/6 1888/729/6 1867/730/6
f 1887/731/6 1867/730/6 1868/732/6
f 1886/733/6 1887/731/6 1868/732/6
f 1886/733/6 1868/732/6 1869/734/6
f 1885/735/6 1886/733/6 1869/734/6
f 1885/735/6 1869/734/6 1870/736/6
f 1885/735/6 1870/736/6 1871/737/6
f 1885/735/6 1871/737/6 1872/738/6
f 1884/739/6 1885/735/6 1872/738/6
f 1884/739/6 1872/738/6 1873/740/6
f 1884/739/6 1873/740/6 1874/741/6
f 1883/742/6 1884/739/6 1874/741/6
f 1883/742/6 1874/741/6 1875/743/6
f 1883/742/6 1875/743/6 1876/744/6
f 1882/745/6 1883/742/6 1876/744/6
f 1882/745/6 1876/744/6 1877/746/6
f 1882/745/6 1877/746/6 1878/747/6
f 1881/748/6 1882/745/6 1878/747/6
f 1881/748/6 1878/747/6 1879/749/6
f 1880/750/6 1881/748/6 1879/749/6
f 1947/751/6 1948/753/6 1949/752/6
f 1947/751/6 1949/752/6 1950/754/6
f 1947/751/6 1950/754/6 1951/755/6
f 1947/751/6 1951/755/6 1952/756/6
f 1946/757/6 1947/751/6 1952/756/6
f 1946/757/6 1952/756/6 1953/758/6
f 1945/759/6 1946/757/6 1953/758/6
f 1945/759/6 1953/758/6 1954/760/6
f 1944/761/6 1945/759/6 1954/760/6
f 1944/761/6 1954/760/6 1955/762/6
f 1943/763/6 1944/761/6 1955/762/6
f 1943/763/6 1955/762/6 1956/764/6
f 1942/765/6 1943/763/6 1956/764/6
f 1942/765/6 1956/764/6 1957/766/6
f 1941/767/6 1942/765/6 1957/766/6
f 1971/768/6 1972/770/6 1973/769/6
f 1941/767/6 1957/766/6 1958/771/6
f 1940/772/6 1941/767/6 1958/771/6
f 1940/772/6 1958/771/6 1959/773/6
f 1939/774/6 1940/772/6 1959/773/6
f 1970/775/6 1971/768/6 1973/769/6
f 1939/774/6 1959/773/6 1960/776/6
f 1938/777/6 1939/774/6 1960/776/6
f 1938/777/6 1960/776/6 1937/778/6
f 1937/778/6 1960/776/6 1936/779/6
f 1936/779/6 1960/776/6 1935/26/6
f 1969/780/6 1970/775/6 1973/769/6
f 1969/780/6 1973/769/6 1974/781/6
f 1968/782/6 1969/780/6 1974/781/6
f 1968/782/6 1974/781/6 1975/783/6
f 1967/784/6 1968/782/6 1975/783/6
f 1967/784/6 1975/783/6 1976/785/6
f 1966/786/6 1967/784/6 1976/785/6
f 1966/786/6 1976/785/6 1977/787/6
f 1965/788/6 1966/786/6 1977/787/6
f 1965/788/6 1977/787/6 1978/789/6
f 1964/790/6 1965/788/6 1978/789/6
f 1964/790/6 1978/789/6 1979/791/6
f 1963/792/6 1964/790/6 1979/791/6
f 1963/792/6 1979/791/6 1980/793/6
f 1962/794/6 1963/792/6 1980/793/6
f 1962/794/6 1980/793/6 1981/795/6
f 1961/796/6 1962/794/6 1981/795/6
f 1961/796/6 1981/795/6 1982/797/6
f 2010/278/6 1961/796/6 1982/797/6
f 2010/278/6 1982/797/6 1983/798/6
f 2009/799/6 2010/278/6 1983/798/6
f 2008/800/6 2009/799/6 1983/798/6
f 2008/800/6 1983/798/6 1984/801/6
f 2007/802/6 2008/800/6 1984/801/6
f 2006/803/6 2007/802/6 1984/801/6
f 2006/803/6 1984/801/6 1985/804/6
f 2005/805/6 2006/803/6 1985/804/6
f 2004/806/6 2005/805/6 1985/804/6
f 2004/806/6 1985/804/6 1986/807/6
f 2003/808/6 2004/806/6 1986/807/6
f 2003/808/6 1986/807/6 1987/809/6
f 2002/810/6 2003/808/6 1987/809/6
f 2002/810/6 1987/809/6 1988/811/6
f 2001/812/6 2002/810/6 1988/811/6
f 2001/812/6 1988/811/6 1989/813/6
f 2000/814/6 2001/812/6 1989/813/6
f 1999/815/6 2000/814/6 1989/813/6
f 1999/815/6 1989/813/6 1990/816/6
f 1998/817/6 1999/815/6 1990/816/6
f 1997/818/6 1998/817/6 1990/816/6
f 1997/818/6 1990/816/6 1991/819/6
f 1997/818/6 1991/819/6 1992/820/6
f 1997/818/6 1992/820/6 1993/821/6
f 1997/818/6 1993/821/6 1994/822/6
f 1997/818/6 1994/822/6 1995/823/6
f 1997/818/6 1995/823/6 1996/824/6
f 2071/825/6 2072/827/6 2073/826/6
f 2033/828/6 2034/830/6 2035/829/6
f 2071/825/6 2073/826/6 2074/831/6
f 2032/832/6 2033/828/6 2035/829/6
f 2071/825/6 2074/831/6 2075/833/6
f 2031/834/6 2032/832/6 2035/829/6
f 2071/825/6 2075/833/6 2076/835/6
f 2030/836/6 2031/834/6 2035/829/6
f 2071/825/6 2076/835/6 2077/837/6
f 2029/838/6 2030/836/6 2035/829/6
f 2071/825/6 2077/837/6 2078/839/6
f 2028/840/6 2029/838/6 2035/829/6
f 2071/825/6 2078/839/6 2079/841/6
f 2027/842/6 2028/840/6 2035/829/6
f 2071/825/6 2079/841/6 2080/843/6
f 2026/844/6 2027/842/6 2035/829/6
f 2071/825/6 2080/843/6 2081/845/6
f 2025/846/6 2026/844/6 2035/829/6
f 2071/825/6 2081/845/6 2082/847/6
f 2024/848/6 2025/846/6 2035/829/6
f 2071/825/6 2082/847/6 2083/849/6
f 2023/850/6 2024/848/6 2035/829/6
f 2071/825/6 2083/849/6 2084/278/6
f 2022/851/6 2023/850/6 2035/829/6
f 2071/825/6 2084/278/6 2011/26/6
f 2071/825/6 2011/26/6 2012/852/6
f 2071/825/6 2012/852/6 2013/853/6
f 2071/825/6 2013/853/6 2014/854/6
f 2071/825/6 2014/854/6 2015/855/6
f 2071/825/6 2015/855/6 2016/856/6
f 2071/825/6 2016/856/6 2017/857/6
f 2071/825/6 2017/857/6 2018/858/6
f 2071/825/6 2018/858/6 2019/859/6
f 2071/825/6 2019/859/6 2020/860/6
f 2071/825/6 2020/860/6 2021/861/6
f 2071/825/6 2021/861/6 2022/851/6
f 2071/825/6 2022/851/6 2070/862/6
f 2070/862/6 2022/851/6 2069/863/6
f 2069/863/6 2022/851/6 2068/864/6
f 2068/864/6 2022/851/6 2067/865/6
f 2067/865/6 2022/851/6 2066/866/6
f 2066/866/6 2022/851/6 2065/867/6
f 2065/867/6 2022/851/6 2064/868/6
f 2064/868/6 2022/851/6 2063/869/6
f 2063/869/6 2022/851/6 2062/870/6
f 2062/870/6 2022/851/6 2061/871/6
f 2061/871/6 2022/851/6 2060/872/6
f 2060/872/6 2022/851/6 2059/873/6
f 2059/873/6 2022/851/6 2056/874/6
f 2056/874/6 2022/851/6 2055/875/6
f 2055/875/6 2022/851/6 2054/876/6
f 2054/876/6 2022/851/6 2053/877/6
f 2053/877/6 2022/851/6 2052/878/6
f 2052/878/6 2022/851/6 2051/879/6
f 2051/879/6 2022/851/6 2050/880/6
f 2050/880/6 2022/851/6 2049/881/6
f 2049/881/6 2022/851/6 2047/882/6
f 2047/882/6 2022/851/6 2046/883/6
f 2046/883/6 2022/851/6 2045/884/6
f 2045/884/6 2022/851/6 2044/885/6
f 2044/885/6 2022/851/6 2043/886/6
f 2043/886/6 2022/851/6 2042/887/6
f 2042/887/6 2022/851/6 2041/888/6
f 2041/888/6 2022/851/6 2040/889/6
f 2040/889/6 2022/851/6 2035/829/6
f 2058/890/2 2059/873/2 2056/874/2
f 2057/891/2 2058/890/2 2056/874/2
f 2048/892/2 2049/881/2 2047/882/2
f 2039/893/6 2040/889/6 2035/829/6
f 2038/894/6 2039/893/6 2035/829/6
f 2037/895/6 2038/894/6 2035/829/6
f 2036/896/6 2037/895/6 2035/829/6
f 2173/897/6 2174/899/6 2175/898/6
f 2173/897/6 2175/898/6 2176/900/6
f 2173/897/6 2176/900/6 2177/901/6
f 2173/897/6 2177/901/6 2178/902/6
f 2173/897/6 2178/902/6 2179/903/6
f 2173/897/6 2179/903/6 2180/904/6
f 2172/905/6 2173/897/6 2180/904/6
f 2172/905/6 2180/904/6 2181/906/6
f 2171/907/6 2172/905/6 2181/906/6
f 2171/907/6 2181/906/6 2182/908/6
f 2170/909/6 2171/907/6 2182/908/6
f 2170/909/6 2182/908/6 2183/910/6
f 2169/911/6 2170/909/6 2183/910/6
f 2169/911/6 2183/910/6 2184/912/6
f 2168/913/6 2169/911/6 2184/912/6
f 2168/913/6 2184/912/6 2185/914/6
f 2167/915/6 2168/913/6 2185/914/6
f 2167/915/6 2185/914/6 2186/278/6
f 2166/916/6 2167/915/6 2186/278/6
f 2166/916/6 2186/278/6 2165/917/6
f 2165/917/6 2186/278/6 2164/918/6
f 2164/918/6 2186/278/6 2163/919/6
f 2163/919/6 2186/278/6 2162/920/6
f 2162/920/6 2186/278/6 2161/921/6
f 2147/922/6 2148/924/6 2149/923/6
f 2095/925/6 2096/927/6 2097/926/6
f 2147/922/6 2149/923/6 2150/928/6
f 2147/922/6 2150/928/6 2151/929/6
f 2147/922/6 2151/929/6 2152/930/6
f 2094/931/6 2095/925/6 2097/926/6
f 2147/922/6 2152/930/6 2153/932/6
f 2147/922/6 2153/932/6 2154/933/6
f 2147/922/6 2154/933/6 2155/934/6
f 2146/935/6 2147/922/6 2155/934/6
f 2093/936/6 2094/931/6 2097/926/6
f 2145/937/6 2146/935/6 2155/934/6
f 2145/937/6 2155/934/6 2156/938/6
f 2144/939/6 2145/937/6 2156/938/6
f 2093/936/6 2097/926/6 2098/940/6
f 2144/939/6 2156/938/6 2157/941/6
f 2143/942/6 2144/939/6 2157/941/6
f 2143/942/6 2157/941/6 2158/943/6
f 2142/944/6 2143/942/6 2158/943/6
f 2092/945/6 2093/936/6 2098/940/6
f 2142/944/6 2158/943/6 2159/946/6
f 2141/947/6 2142/944/6 2159/946/6
f 2092/945/6 2098/940/6 2099/948/6
f 2141/947/6 2159/946/6 2160/949/6
f 2140/950/6 2141/947/6 2160/949/6
f 2140/950/6 2160/949/6 2139/951/6
f 2139/951/6 2160/949/6 2138/952/6
f 2138/952/6 2160/949/6 2137/953/6
f 2137/953/6 2160/949/6 2136/954/6
f 2136/954/6 2160/949/6 2135/955/6
f 2091/956/6 2092/945/6 2099/948/6
f 2091/956/6 2099/948/6 2100/957/6
f 2090/958/6 2091/956/6 2100/957/6
f 2090/958/6 2100/957/6 2101/959/6
f 2089/960/6 2090/958/6 2101/959/6
f 2089/960/6 2101/959/6 2102/961/6
f 2088/962/6 2089/960/6 2102/961/6
f 2088/962/6 2102/961/6 2103/963/6
f 2087/964/6 2088/962/6 2103/963/6
f 2087/964/6 2103/963/6 2104/965/6
f 2086/966/6 2087/964/6 2104/965/6
f 2086/966/6 2104/965/6 2105/967/6
f 2085/26/6 2086/966/6 2105/967/6
f 2085/26/6 2105/967/6 2106/968/6
f 2134/969/6 2085/26/6 2106/968/6
f 2134/969/6 2106/968/6 2107/970/6
f 2133/971/6 2134/969/6 2107/970/6
f 2132/972/6 2133/971/6 2107/970/6
f 2132/972/6 2107/970/6 2108/973/6
f 2131/974/6 2132/972/6 2108/973/6
f 2130/975/6 2131/974/6 2108/973/6
f 2130/975/6 2108/973/6 2109/976/6
f 2129/977/6 2130/975/6 2109/976/6
f 2128/978/6 2129/977/6 2109/976/6
f 2127/979/6 2128/978/6 2109/976/6
f 2127/979/6 2109/976/6 2110/980/6
f 2126/981/6 2127/979/6 2110/980/6
f 2126/981/6 2110/980/6 2111/982/6
f 2125/983/6 2126/981/6 2111/982/6
f 2124/984/6 2125/983/6 2111/982/6
f 2124/984/6 2111/982/6 2112/985/6
f 2123/986/6 2124/984/6 2112/985/6
f 2122/987/6 2123/986/6 2112/985/6
f 2122/987/6 2112/985/6 2113/988/6
f 2121/989/6 2122/987/6 2113/988/6
f 2121/989/6 2113/988/6 2114/990/6
f 2121/989/6 2114/990/6 2115/991/6
f 2121/989/6 2115/991/6 2116/992/6
f 2121/989/6 2116/992/6 2117/993/6
f 2121/989/6 2117/993/6 2118/994/6
f 2121/989/6 2118/994/6 2119/995/6
f 2121/989/6 2119/995/6 2120/996/6
f 2209/997/6 2210/999/6 2211/998/6
f 2208/1000/6 2209/997/6 2211/998/6
f 2207/1001/6 2208/1000/6 2211/998/6
f 2206/1002/6 2207/1001/6 2211/998/6
f 2205/1003/6 2206/1002/6 2211/998/6
f 2204/1004/6 2205/1003/6 2211/998/6
f 2203/1005/6 2204/1004/6 2211/998/6
f 2202/1006/6 2203/1005/6 2211/998/6
f 2201/1007/6 2202/1006/6 2211/998/6
f 2200/1008/6 2201/1007/6 2211/998/6
f 2199/1009/6 2200/1008/6 2211/998/6
f 2198/1010/6 2199/1009/6 2211/998/6
f 2197/1011/6 2198/1010/6 2211/998/6
f 2196/1012/6 2197/1011/6 2211/998/6
f 2195/1013/6 2196/1012/6 2211/998/6
f 2194/1014/6 2195/1013/6 2211/998/6
f 2193/1015/6 2194/1014/6 2211/998/6
f 2192/1016/6 2193/1015/6 2211/998/6
f 2191/1017/6 2192/1016/6 2211/998/6
f 2190/1018/6 2191/1017/6 2211/998/6
f 2189/1019/6 2190/1018/6 2211/998/6
f 2188/1020/6 2189/1019/6 2211/998/6
f 2187/26/6 2188/1020/6 2211/998/6
f 2297/1021/6 2187/26/6 2211/998/6
f 2296/1022/6 2297/1021/6 2211/998/6
f 2295/804/6 2296/1022/6 2211/998/6
f 2294/1023/6 2295/804/6 2211/998/6
f 2293/1024/6 2294/1023/6 2211/998/6
f 2292/1025/6 2293/1024/6 2211/998/6
f 2291/1026/6 2292/1025/6 2211/998/6
f 2290/1027/6 2291/1026/6 2211/998/6
f 2289/1028/6 2290/1027/6 2211/998/6
f 2288/1029/6 2289/1028/6 2211/998/6
f 2287/1030/6 2288/1029/6 2211/998/6
f 2286/1031/6 2287/1030/6 2211/998/6
f 2285/1032/6 2286/1031/6 2211/998/6
f 2284/1033/6 2285/1032/6 2283/1034/6
f 2283/1034/6 2285/1032/6 2282/1035/6
f 2282/1035/6 2285/1032/6 2281/1036/6
f 2281/1036/6 2285/1032/6 2280/1037/6
f 2280/1037/6 2285/1032/6 2279/1038/6
f 2279/1038/6 2285/1032/6 2278/1039/6
f 2278/1039/6 2285/1032/6 2277/1040/6
f 2277/1040/6 2285/1032/6 2276/1041/6
f 2276/1041/6 2285/1032/6 2272/1042/6
f 2272/1042/6 2285/1032/6 2216/1043/6
f 2216/1043/6 2285/1032/6 2215/1044/6
f 2215/1044/6 2285/1032/6 2214/1045/6
f 2214/1045/6 2285/1032/6 2213/1046/6
f 2213/1046/6 2285/1032/6 2212/1047/6
f 2212/1047/6 2285/1032/6 2211/998/6
f 2272/1042/6 2216/1043/6 2217/1048/6
f 2272/1042/6 2217/1048/6 2218/1049/6
f 2272/1042/6 2218/1049/6 2219/1050/6
f 2272/1042/6 2219/1050/6 2220/1051/6
f 2272/1042/6 2220/1051/6 2221/1052/6
f 2272/1042/6 2221/1052/6 2222/1053/6
f 2276/1041/7 2272/1042/7 2275/1054/7
f 2275/1054/6 2272/1042/6 2273/1055/6
f 2271/1056/6 2272/1042/6 2222/1053/6
f 2271/1056/6 2222/1053/6 2223/1057/6
f 2275/1054/8 2273/1055/8 2274/1058/8
f 2271/1056/6 2223/1057/6 2224/1059/6
f 2270/1060/6 2271/1056/6 2224/1059/6
f 2270/1060/6 2224/1059/6 2225/1061/6
f 2269/1062/6 2270/1060/6 2225/1061/6
f 2269/1062/6 2225/1061/6 2226/1063/6
f 2268/1064/6 2269/1062/6 2226/1063/6
f 2268/1064/6 2226/1063/6 2227/1065/6
f 2336/1066/6 2337/1068/6 2338/1067/6
f 2267/1069/6 2268/1064/6 2227/1065/6
f 2336/1066/6 2338/1067/6 2339/1070/6
f 2267/1069/6 2227/1065/6 2228/1071/6
f 2336/1066/6 2339/1070/6 2340/1072/6
f 2335/1073/6 2336/1066/6 2340/1072/6
f 2335/1073/6 2340/1072/6 2341/1074/6
f 2334/1075/6 2335/1073/6 2341/1074/6
f 2266/1076/6 2267/1069/6 2228/1071/6
f 2266/1076/6 2228/1071/6 2229/1077/6
f 2334/1075/6 2341/1074/6 2342/1078/6
f 2310/1079/6 2311/1081/6 2312/1080/6
f 2333/1082/6 2334/1075/6 2342/1078/6
f 2310/1079/6 2312/1080/6 2313/1083/6
f 2333/1082/6 2342/1078/6 2343/1084/6
f 2332/1085/6 2333/1082/6 2343/1084/6
f 2310/1079/6 2313/1083/6 2314/1086/6
f 2265/1087/6 2266/1076/6 2229/1077/6
f 2309/1088/6 2310/1079/6 2314/1086/6
f 2332/1085/6 2343/1084/6 2344/1089/6
f 2265/1087/6 2229/1077/6 2230/1090/6
f 2331/1091/6 2332/1085/6 2344/1089/6
f 2309/1088/6 2314/1086/6 2315/1092/6
f 2308/1093/6 2309/1088/6 2315/1092/6
f 2331/1091/6 2344/1089/6 2345/1094/6
f 2330/1095/6 2331/1091/6 2345/1094/6
f 2308/1093/6 2315/1092/6 2316/1096/6
f 2307/1097/6 2308/1093/6 2316/1096/6
f 2330/1095/6 2345/1094/6 2346/1098/6
f 2329/1099/6 2330/1095/6 2346/1098/6
f 2264/1100/6 2265/1087/6 2230/1090/6
f 2307/1097/6 2316/1096/6 2317/1101/6
f 2264/1100/6 2230/1090/6 2231/1102/6
f 2306/1103/6 2307/1097/6 2317/1101/6
f 2328/1104/6 2329/1099/6 2346/1098/6
f 2328/1104/6 2346/1098/6 2347/1105/6
f 2306/1103/6 2317/1101/6 2318/1106/6
f 2305/1107/6 2306/1103/6 2318/1106/6
f 2327/1108/6 2328/1104/6 2347/1105/6
f 2327/1108/6 2347/1105/6 2348/1109/6
f 2304/1110/6 2305/1107/6 2318/1106/6
f 2304/1110/6 2318/1106/6 2319/1111/6
f 2263/1112/6 2264/1100/6 2231/1102/6
f 2326/1113/6 2327/1108/6 2348/1109/6
f 2326/1113/6 2348/1109/6 2349/278/6
f 2263/1112/6 2231/1102/6 2232/1114/6
f 2303/1115/6 2304/1110/6 2319/1111/6
f 2303/1115/6 2319/1111/6 2320/1116/6
f 2326/1113/6 2349/278/6 2325/1117/6
f 2325/1117/6 2349/278/6 2324/1118/6
f 2302/1119/6 2303/1115/6 2320/1116/6
f 2302/1119/6 2320/1116/6 2321/1120/6
f 2301/1121/6 2302/1119/6 2321/1120/6
f 2301/1121/6 2321/1120/6 2322/1122/6
f 2262/1123/6 2263/1112/6 2232/1114/6
f 2262/1123/6 2232/1114/6 2233/1124/6
f 2300/1125/6 2301/1121/6 2322/1122/6
f 2300/1125/6 2322/1122/6 2323/1126/6
f 2299/1127/6 2300/1125/6 2323/1126/6
f 2299/1127/6 2323/1126/6 2298/1128/6
f 2262/1123/6 2233/1124/6 2234/1129/6
f 2261/1130/6 2262/1123/6 2234/1129/6
f 2261/1130/6 2234/1129/6 2235/1131/6
f 2260/1132/6 2261/1130/6 2235/1131/6
f 2260/1132/6 2235/1131/6 2236/1133/6
f 2259/1134/6 2260/1132/6 2236/1133/6
f 2259/1134/6 2236/1133/6 2237/1135/6
f 2258/1136/6 2259/1134/6 2237/1135/6
f 2258/1136/6 2237/1135/6 2238/1137/6
f 2257/1138/6 2258/1136/6 2238/1137/6
f 2257/1138/6 2238/1137/6 2239/1139/6
f 2257/1138/6 2239/1139/6 2240/1140/6
f 2256/1141/6 2257/1138/6 2240/1140/6
f 2256/1141/6 2240/1140/6 2241/776/6
f 2255/1142/6 2256/1141/6 2241/776/6
f 2255/1142/6 2241/776/6 2242/1143/6
f 2255/1142/6 2242/1143/6 2243/1144/6
f 2254/1145/6 2255/1142/6 2243/1144/6
f 2254/1145/6 2243/1144/6 2244/1146/6
f 2254/1145/6 2244/1146/6 2245/1147/6
f 2254/1145/6 2245/1147/6 2246/1148/6
f 2254/1145/6 2246/1148/6 2247/1149/6
f 2253/1150/6 2254/1145/6 2247/1149/6
f 2253/1150/6 2247/1149/6 2248/1151/6
f 2252/1152/6 2253/1150/6 2248/1151/6
f 2251/1153/6 2252/1152/6 2248/1151/6
f 2250/1154/6 2251/1153/6 2248/1151/6
f 2249/1155/6 2250/1154/6 2248/1151/6
f 2358/1156/6 2359/1158/6 2360/1157/6
f 2358/1156/6 2360/1157/6 2356/1159/6
f 2356/1159/6 2360/1157/6 2355/1160/6
f 2355/1160/6 2360/1157/6 2361/1161/6
f 2361/1161/6 2362/1163/6 2363/1162/6
f 2361/1161/6 2363/1162/6 2352/1164/6
f 2352/1164/6 2363/1162/6 2351/1165/6
f 2351/1165/6 2363/1162/6 2364/278/6
f 2358/1156/6 2356/1159/6 2357/1064/6
f 2354/1166/6 2355/1160/6 2361/1161/6
f 2361/1161/6 2352/1164/6 2353/1167/6
f 2350/26/6 2351/1165/6 2364/278/6
f 2354/1166/6 2361/1161/6 2353/1167/6
s 1
f 2368/1168/9 2365/26/9 2366/1169/9
f 2370/1170/10 2367/772/9 2368/1168/9
f 2372/1171/10 2369/759/10 2370/1170/10
f 2374/1172/11 2371/754/10 2372/1171/10
f 2374/1172/11 2375/776/11 2373/762/11
f 2378/1173/12 2375/776/11 2376/1174/11
f 2380/1175/12 2377/788/12 2378/1173/12
f 2382/1176/9 2379/775/12 2380/1175/12
f 2382/1176/9 2383/793/13 2381/783/9
f 2386/1177/14 2383/793/13 2384/1178/13
f 2388/1179/15 2385/804/14 2386/1177/14
f 2388/1179/15 2389/823/16 2387/816/15
f 2392/1180/17 2389/823/16 2390/1181/18
f 2394/1182/12 2391/814/17 2392/1180/17
f 2366/1183/9 2393/805/12 2394/1182/12
f 2398/1184/19 2395/26/20 2396/1169/20
f 2400/1185/21 2397/1186/19 2398/1184/19
f 2402/1187/22 2399/1188/21 2400/1185/21
f 2402/1187/22 2403/1189/23 2401/1190/22
f 2406/1191/24 2403/1189/23 2404/1192/23
f 2408/1193/25 2405/1194/24 2406/1191/24
f 2410/1195/26 2407/1196/25 2408/1193/25
f 2412/1197/27 2409/1198/26 2410/1195/26
f 2414/1199/28 2411/1200/27 2412/1197/27
f 2416/1201/29 2413/1202/28 2414/1199/28
f 2418/1203/30 2415/1204/29 2416/1201/29
f 2420/1205/31 2417/1206/30 2418/1203/30
f 2422/1207/32 2419/1208/31 2420/1205/31
f 2424/1209/33 2421/1210/32 2422/1207/32
f 2426/1211/34 2423/1212/33 2424/1209/33
f 2428/1213/35 2425/1214/34 2426/1211/34
f 2430/1215/36 2427/1216/35 2428/1213/35
f 2432/1217/37 2429/1218/36 2430/1215/36
f 2434/1219/38 2431/1220/37 2432/1217/37
f 2436/1221/39 2433/1222/38 2434/1219/38
f 2438/1223/40 2435/1224/39 2436/1221/39
f 2440/1225/41 2437/1226/40 2438/1223/40
f 2442/1227/42 2439/1228/41 2440/1225/41
f 2444/1229/43 2441/1230/42 2442/1227/42
f 2446/1231/44 2443/1232/43 2444/1229/43
f 2448/1233/45 2445/1234/44 2446/1231/44
f 2450/1235/46 2447/1236/45 2448/1233/45
f 2452/1237/47 2449/1238/46 2450/1235/46
f 2454/1239/48 2451/1240/47 2452/1237/47
f 2456/1241/49 2453/1242/48 2454/1239/48
f 2458/1243/50 2455/1244/49 2456/1241/49
f 2460/1245/51 2457/1246/50 2458/1243/50
f 2462/1247/52 2459/1248/51 2460/1245/51
f 2464/1249/53 2461/1250/52 2462/1247/52
f 2466/1251/54 2463/1252/53 2464/1249/53
f 2468/1253/55 2465/1254/54 2466/1251/54
f 2470/1174/56 2467/1255/55 2468/1253/55
f 2472/1256/57 2469/776/56 2470/1174/56
f 2474/1257/58 2471/1258/57 2472/1256/57
f 2476/1259/59 2473/1260/58 2474/1257/58
f 2478/1261/60 2475/1262/59 2476/1259/59
f 2480/1263/61 2477/1264/60 2478/1261/60
f 2482/1265/62 2479/1266/61 2480/1263/61
f 2482/1265/62 2483/1267/63 2481/1268/62
f 2486/1269/64 2483/1267/63 2484/1270/63
f 2488/1271/65 2485/1272/64 2486/1269/64
f 2488/1271/65 2489/1273/66 2487/1274/65
f 2492/1275/67 2489/1273/66 2490/1276/66
f 2494/1277/68 2491/1278/67 2492/1275/67
f 2496/1279/69 2493/1280/68 2494/1277/68
f 2498/1281/70 2495/1282/69 2496/1279/69
f 2500/1283/71 2497/1284/70 2498/1281/70
f 2502/1285/72 2499/1286/71 2500/1283/71
f 2504/1287/73 2501/1288/72 2502/1285/72
f 2506/1289/74 2503/1290/73 2504/1287/73
f 2508/1291/75 2505/1292/74 2506/1289/74
f 2510/1293/76 2507/1294/75 2508/1291/75
f 2512/1295/77 2509/1296/76 2510/1293/76
f 2514/1297/78 2511/1298/77 2512/1295/77
f 2516/1299/79 2513/1300/78 2514/1297/78
f 2518/1301/80 2515/1302/79 2516/1299/79
f 2520/1303/81 2517/1304/80 2518/1301/80
f 2522/1305/82 2519/1306/81 2520/1303/81
f 2524/1307/83 2521/1308/82 2522/1305/82
f 2524/1307/83 2525/1309/84 2523/1310/83
f 2528/1311/85 2525/1309/84 2526/1312/84
f 2530/1313/86 2527/1314/85 2528/1311/85
f 2532/1315/87 2529/1316/86 2530/1313/86
f 2532/1315/87 2533/1317/88 2531/1318/87
f 2536/1319/89 2533/1317/88 2534/1320/88
f 2536/1319/89 2537/1321/90 2535/1322/89
f 2540/1323/91 2537/1321/90 2538/1324/90
f 2540/1323/91 2541/1325/92 2539/1326/91
f 2544/1177/93 2541/1325/92 2542/1327/92
f 2544/1177/93 2545/1328/94 2543/804/93
f 2548/1329/95 2545/1328/94 2546/1330/94
f 2548/1329/95 2549/1331/96 2547/1332/95
f 2552/1333/97 2549/1331/96 2550/1334/96
f 2554/1335/98 2551/1336/97 2552/1333/97
f 2554/1335/98 2555/1337/99 2553/1338/98
f 2558/1339/100 2555/1337/99 2556/1340/99
f 2560/1341/101 2557/1342/100 2558/1339/100
f 2560/1341/101 2561/1343/102 2559/1344/101
f 2564/1345/103 2561/1343/102 2562/1346/102
f 2566/1347/104 2563/1348/105 2564/1345/103
f 2568/1349/106 2565/1350/107 2566/1347/104
f 2570/1351/108 2567/1352/106 2568/1349/106
f 2572/1353/109 2569/1354/108 2570/1351/108
f 2574/1355/110 2571/1356/109 2572/1353/109
f 2576/1357/111 2573/1358/110 2574/1355/110
f 2578/1359/112 2575/1360/111 2576/1357/111
f 2580/1361/113 2577/1362/112 2578/1359/112
f 2582/1363/114 2579/1364/113 2580/1361/113
f 2584/1365/115 2581/1366/114 2582/1363/114
f 2586/1367/116 2583/1368/115 2584/1365/115
f 2588/1369/117 2585/1370/116 2586/1367/116
f 2590/1371/118 2587/1372/117 2588/1369/117
f 2590/1371/118 2591/1373/119 2589/1374/118
f 2594/1375/120 2591/1373/119 2592/1376/121
f 2596/1377/122 2593/1378/120 2594/1375/120
f 2598/1379/123 2595/1380/122 2596/1377/122
f 2600/1381/124 2597/1382/123 2598/1379/123
f 2602/1383/125 2599/1384/124 2600/1381/124
f 2604/1385/126 2601/1386/125 2602/1383/125
f 2606/1387/127 2603/1388/126 2604/1385/126
f 2608/1389/128 2605/1390/127 2606/1387/127
f 2610/1391/129 2607/1392/128 2608/1389/128
f 2612/1393/130 2609/1394/129 2610/1391/129
f 2614/1395/131 2611/1396/130 2612/1393/130
f 2616/1397/132 2613/1398/131 2614/1395/131
f 2396/1183/20 2615/1399/132 2616/1397/132
f 2620/1400/133 2617/26/134 2618/1169/134
f 2622/1401/135 2619/1402/133 2620/1400/133
f 2624/1403/136 2621/421/135 2622/1401/135
f 2626/1404/137 2623/1405/136 2624/1403/136
f 2628/1406/138 2625/393/137 2626/1404/137
f 2628/1406/138 2629/518/139 2627/1407/138
f 2632/1408/140 2629/518/139 2630/1409/139
f 2634/1410/141 2631/1411/140 2632/1408/140
f 2636/1412/142 2633/600/141 2634/1410/141
f 2638/1413/143 2635/1414/142 2636/1412/142
f 2640/1415/144 2637/565/143 2638/1413/143
f 2642/1416/145 2639/1417/144 2640/1415/144
f 2642/1416/145 2643/1064/146 2641/651/145
f 2646/1418/147 2643/1064/146 2644/1419/146
f 2648/1420/148 2645/556/147 2646/1418/147
f 2650/1421/149 2647/1422/148 2648/1420/148
f 2652/1423/150 2649/390/149 2650/1421/149
f 2654/1424/151 2651/1425/150 2652/1423/150
f 2656/1426/152 2653/504/151 2654/1424/151
f 2658/1427/153 2655/1428/152 2656/1426/152
f 2660/1429/154 2657/703/153 2658/1427/153
f 2662/1430/155 2659/1431/154 2660/1429/154
f 2664/1432/156 2661/744/155 2662/1430/155
f 2666/1433/157 2663/1434/156 2664/1432/156
f 2666/1433/157 2667/1435/158 2665/666/157
f 2618/1183/134 2667/1435/158 2668/1436/158
f 2672/1400/159 2669/26/160 2670/1169/160
f 2672/1400/159 2673/421/161 2671/1402/159
f 2676/1403/162 2673/421/161 2674/1401/161
f 2678/1404/163 2675/1405/162 2676/1403/162
f 2680/1406/164 2677/393/163 2678/1404/163
f 2682/1409/165 2679/1407/164 2680/1406/164
f 2684/1408/166 2681/518/165 2682/1409/165
f 2686/1410/167 2683/1411/166 2684/1408/166
f 2688/1412/168 2685/600/167 2686/1410/167
f 2688/1412/168 2689/565/169 2687/1414/168
f 2692/1415/170 2689/565/169 2690/1413/169
f 2694/1416/171 2691/1417/170 2692/1415/170
f 2696/1419/172 2693/651/171 2694/1416/171
f 2698/1418/173 2695/1064/172 2696/1419/172
f 2700/1420/174 2697/556/173 2698/1418/173
f 2702/1421/175 2699/1422/174 2700/1420/174
f 2704/1423/176 2701/390/175 2702/1421/175
f 2706/1424/177 2703/1425/176 2704/1423/176
f 2708/1426/178 2705/504/177 2706/1424/177
f 2710/1427/179 2707/1428/178 2708/1426/178
f 2712/1429/180 2709/703/179 2710/1427/179
f 2714/1430/181 2711/1431/180 2712/1429/180
f 2716/1432/182 2713/744/181 2714/1430/181
f 2718/1433/183 2715/1434/182 2716/1432/182
f 2718/1433/183 2719/1435/184 2717/666/183
f 2670/1183/160 2719/1435/184 2720/1436/184
f 2724/1400/185 2721/26/186 2722/1169/186
f 2726/1401/187 2723/1402/185 2724/1400/185
f 2726/1401/187 2727/1405/188 2725/421/187
f 2730/1404/189 2727/1405/188 2728/1403/188
f 2732/1406/190 2729/393/189 2730/1404/189
f 2734/1409/191 2731/1407/190 2732/1406/190
f 2736/1408/192 2733/518/191 2734/1409/191
f 2738/1410/193 2735/1411/192 2736/1408/192
f 2740/1412/194 2737/600/193 2738/1410/193
f 2740/1412/194 2741/565/195 2739/1414/194
f 2744/1415/196 2741/565/195 2742/1413/195
f 2746/1416/197 2743/1417/196 2744/1415/196
f 2746/1416/197 2747/1064/198 2745/651/197
f 2750/1418/199 2747/1064/198 2748/1419/198
f 2752/1420/200 2749/556/199 2750/1418/199
f 2754/1421/201 2751/1422/200 2752/1420/200
f 2756/1423/202 2753/390/201 2754/1421/201
f 2758/1424/203 2755/1425/202 2756/1423/202
f 2760/1426/204 2757/504/203 2758/1424/203
f 2762/1427/205 2759/1428/204 2760/1426/204
f 2764/1429/206 2761/703/205 2762/1427/205
f 2766/1430/207 2763/1431/206 2764/1429/206
f 2768/1432/208 2765/744/207 2766/1430/207
f 2770/1433/209 2767/1434/208 2768/1432/208
f 2772/1436/210 2769/666/209 2770/1433/209
f 2722/1183/186 2771/1435/210 2772/1436/210
f 2776/1437/211 2773/26/212 2774/1169/212
f 2778/1438/213 2775/1439/211 2776/1437/211
f 2778/1438/213 2779/1440/214 2777/777/213
f 2782/1441/215 2779/1440/214 2780/1442/214
f 2782/1441/215 2783/1443/216 2781/767/215
f 2786/1444/217 2783/1443/216 2784/1445/216
f 2788/1446/218 2785/761/217 2786/1444/217
f 2788/1446/218 2789/751/219 2787/1447/218
f 2792/1448/220 2789/751/219 2790/1449/219
f 2794/1171/221 2791/1450/220 2792/1448/220
f 2794/1171/221 2795/1451/222 2793/754/221
f 2798/1452/223 2795/1451/222 2796/1453/224
f 2800/1454/225 2797/758/223 2798/1452/223
f 2800/1454/225 2801/764/226 2799/1455/225
f 2804/1456/227 2801/764/226 2802/1457/226
f 2806/1458/228 2803/1459/227 2804/1456/227
f 2806/1458/228 2807/1460/229 2805/773/228
f 2810/1461/230 2807/1460/229 2808/1462/229
f 2812/1463/231 2809/794/230 2810/1461/230
f 2814/1173/232 2811/1464/231 2812/1463/231
f 2816/1465/233 2813/788/232 2814/1173/232
f 2818/1466/234 2815/1467/233 2816/1465/233
f 2820/1468/235 2817/782/234 2818/1466/234
f 2822/1469/236 2819/1470/235 2820/1468/235
f 2824/1419/237 2821/768/236 2822/1469/236
f 2826/1471/238 2823/1064/237 2824/1419/237
f 2828/1472/239 2825/781/238 2826/1471/238
f 2830/1473/240 2827/1474/239 2828/1472/239
f 2832/1475/241 2829/787/240 2830/1473/240
f 2834/1178/242 2831/1476/241 2832/1475/241
f 2836/1477/243 2833/793/242 2834/1178/242
f 2838/1478/244 2835/1479/243 2836/1477/243
f 2840/1480/245 2837/798/244 2838/1478/244
f 2842/1481/246 2839/1482/245 2840/1480/245
f 2844/1483/247 2841/807/246 2842/1481/246
f 2846/1484/248 2843/1485/247 2844/1483/247
f 2846/1484/248 2847/1486/249 2845/813/248
f 2850/1487/250 2847/1486/249 2848/1488/251
f 2852/1489/252 2849/820/250 2850/1487/250
f 2854/1181/253 2851/1490/252 2852/1489/252
f 2856/1491/254 2853/823/253 2854/1181/253
f 2856/1491/254 2857/817/255 2855/1492/254
f 2860/1493/256 2857/817/255 2858/1494/255
f 2862/1495/257 2859/1496/256 2860/1493/256
f 2864/1497/258 2861/812/257 2862/1495/257
f 2866/1498/259 2863/1499/258 2864/1497/258
f 2868/1500/260 2865/806/259 2866/1498/259
f 2870/1501/261 2867/1502/260 2868/1500/260
f 2870/1501/261 2871/1503/262 2869/802/261
f 2774/1183/212 2871/1503/262 2872/1504/262
f 2876/1400/187 2873/26/263 2874/1169/263
f 2878/1401/264 2875/1402/187 2876/1400/187
f 2880/1403/265 2877/421/264 2878/1401/264
f 2882/1404/266 2879/1405/265 2880/1403/265
f 2884/1406/267 2881/393/266 2882/1404/266
f 2886/1409/268 2883/1407/267 2884/1406/267
f 2886/1409/268 2887/1411/269 2885/518/268
f 2890/1410/270 2887/1411/269 2888/1408/269
f 2892/1412/271 2889/600/270 2890/1410/270
f 2894/1413/272 2891/1414/271 2892/1412/271
f 2896/1415/273 2893/565/272 2894/1413/272
f 2898/1416/274 2895/1417/273 2896/1415/273
f 2898/1416/274 2899/1064/275 2897/651/274
f 2902/1418/276 2899/1064/275 2900/1419/275
f 2904/1420/277 2901/556/276 2902/1418/276
f 2906/1421/278 2903/1422/277 2904/1420/277
f 2908/1423/279 2905/390/278 2906/1421/278
f 2910/1424/280 2907/1425/279 2908/1423/279
f 2912/1426/281 2909/504/280 2910/1424/280
f 2914/1427/282 2911/1428/281 2912/1426/281
f 2916/1429/283 2913/703/282 2914/1427/282
f 2916/1429/283 2917/744/284 2915/1431/283
f 2920/1432/205 2917/744/284 2918/1430/284
f 2922/1433/285 2919/1434/205 2920/1432/205
f 2924/1436/286 2921/666/285 2922/1433/285
f 2924/1436/286 2873/278/263 2923/1435/286
f 2928/1505/2 2925/26/2 2926/1169/2
f 2930/1187/2 2927/1506/2 2928/1505/2
f 2932/1507/2 2929/1190/2 2930/1187/2
f 2934/1193/2 2931/1508/2 2932/1507/2
f 2936/1509/2 2933/1196/2 2934/1193/2
f 2938/1199/2 2935/1510/2 2936/1509/2
f 2940/1511/2 2937/1202/2 2938/1199/2
f 2942/1205/2 2939/1512/2 2940/1511/2
f 2944/1513/2 2941/1208/2 2942/1205/2
f 2946/1211/2 2943/1514/2 2944/1513/2
f 2948/1515/287 2945/1214/2 2946/1211/2
f 2950/1217/288 2947/1516/287 2948/1515/287
f 2952/1517/289 2949/1220/288 2950/1217/288
f 2954/1223/290 2951/1518/289 2952/1517/289
f 2956/1519/291 2953/1226/290 2954/1223/290
f 2958/1229/292 2955/1520/291 2956/1519/291
f 2960/1521/293 2957/1232/292 2958/1229/292
f 2962/1235/294 2959/1522/293 2960/1521/293
f 2964/1523/295 2961/1238/294 2962/1235/294
f 2966/1241/129 2963/1524/295 2964/1523/295
f 2968/1525/296 2965/1244/129 2966/1241/129
f 2970/1247/297 2967/1526/296 2968/1525/296
f 2972/1527/298 2969/1250/297 2970/1247/297
f 2974/1253/299 2971/1528/300 2972/1527/298
f 2976/1529/301 2973/1255/299 2974/1253/299
f 2976/1529/301 2977/1260/302 2975/1530/301
f 2980/1531/303 2977/1260/302 2978/1257/302
f 2982/1263/304 2979/1532/303 2980/1531/303
f 2984/1533/305 2981/1266/304 2982/1263/304
f 2986/1269/306 2983/1534/305 2984/1533/305
f 2988/1535/307 2985/1272/306 2986/1269/306
f 2990/1275/308 2987/1536/307 2988/1535/307
f 2992/1537/309 2989/1278/308 2990/1275/308
f 2994/1281/310 2991/1538/309 2992/1537/309
f 2996/1539/311 2993/1284/310 2994/1281/310
f 2998/1287/312 2995/1540/311 2996/1539/311
f 3000/1419/3 2997/1290/312 2998/1287/312
f 3002/1293/3 2999/1064/3 3000/1419/3
f 3004/1541/3 3001/1296/3 3002/1293/3
f 3006/1299/3 3003/1542/3 3004/1541/3
f 3008/1543/3 3005/1302/3 3006/1299/3
f 3010/1305/3 3007/1544/3 3008/1543/3
f 3012/1545/3 3009/1308/3 3010/1305/3
f 3014/1311/3 3011/1546/3 3012/1545/3
f 3016/1547/3 3013/1314/3 3014/1311/3
f 3018/1320/3 3015/1548/3 3016/1547/3
f 3020/1549/3 3017/1317/3 3018/1320/3
f 3022/1323/313 3019/1550/3 3020/1549/3
f 3024/1551/314 3021/1326/313 3022/1323/313
f 3026/1330/315 3023/1552/314 3024/1551/314
f 3028/1553/316 3025/1328/315 3026/1330/315
f 3030/1333/317 3027/1554/316 3028/1553/316
f 3032/1555/318 3029/1336/317 3030/1333/317
f 3034/1339/319 3031/1556/318 3032/1555/318
f 3036/1557/320 3033/1342/319 3034/1339/319
f 3038/1345/321 3035/1558/320 3036/1557/320
f 3040/1559/322 3037/1348/321 3038/1345/321
f 3042/1351/323 3039/1560/322 3040/1559/322
f 3044/1561/324 3041/1354/323 3042/1351/323
f 3046/1357/325 3043/1562/324 3044/1561/324
f 3048/1563/326 3045/1360/327 3046/1357/325
f 3050/1363/328 3047/1564/326 3048/1563/326
f 3052/1565/329 3049/1366/328 3050/1363/328
f 3054/1369/330 3051/1566/329 3052/1565/329
f 3056/1567/331 3053/1372/330 3054/1369/330
f 3058/1375/332 3055/1568/331 3056/1567/331
f 3060/1569/333 3057/1378/332 3058/1375/332
f 3062/1381/334 3059/1570/333 3060/1569/333
f 3064/1571/335 3061/1384/334 3062/1381/334
f 3066/1387/336 3063/1572/335 3064/1571/335
f 3068/1573/337 3065/1390/336 3066/1387/336
f 3070/1393/338 3067/1574/337 3068/1573/337
f 3072/1575/339 3069/1396/338 3070/1393/338
f 2926/1183/2 3071/1576/339 3072/1575/339
f 3076/1400/340 3073/26/341 3074/1169/341
f 3078/1401/342 3075/1402/340 3076/1400/340
f 3078/1401/342 3079/1405/343 3077/421/342
f 3082/1404/344 3079/1405/343 3080/1403/343
f 3084/1406/345 3081/393/344 3082/1404/344
f 3086/1409/346 3083/1407/345 3084/1406/345
f 3088/1408/347 3085/518/346 3086/1409/346
f 3088/1408/347 3089/600/348 3087/1411/347
f 3092/1412/349 3089/600/348 3090/1410/348
f 3094/1413/350 3091/1414/349 3092/1412/349
f 3096/1415/351 3093/565/350 3094/1413/350
f 3098/1416/352 3095/1417/351 3096/1415/351
f 3098/1416/352 3099/1064/353 3097/651/352
f 3102/1418/354 3099/1064/353 3100/1419/355
f 3104/1420/356 3101/556/354 3102/1418/354
f 3106/1421/357 3103/1422/356 3104/1420/356
f 3108/1423/358 3105/390/359 3106/1421/357
f 3110/1424/360 3107/1425/358 3108/1423/358
f 3112/1426/361 3109/504/360 3110/1424/360
f 3114/1427/362 3111/1428/361 3112/1426/361
f 3116/1429/363 3113/703/362 3114/1427/362
f 3118/1430/364 3115/1431/363 3116/1429/363
f 3120/1432/365 3117/744/364 3118/1430/364
f 3122/1433/366 3119/1434/365 3120/1432/365
f 3124/1436/367 3121/666/366 3122/1433/366
f 3074/1183/341 3123/1435/367 3124/1436/367
f 3126/1169/368 3127/1439/369 3125/26/368
f 3130/1438/370 3127/1439/369 3128/1437/369
f 3132/1442/371 3129/777/370 3130/1438/370
f 3132/1442/371 3133/767/372 3131/1440/371
f 3136/1445/373 3133/767/372 3134/1441/372
f 3138/1444/374 3135/1443/373 3136/1445/373
f 3138/1444/374 3139/1447/375 3137/761/374
f 3142/1449/376 3139/1447/375 3140/1446/375
f 3142/1449/376 3143/1450/377 3141/751/376
f 3146/1171/378 3143/1450/377 3144/1448/377
f 3148/1453/379 3145/754/378 3146/1171/378
f 3150/1452/380 3147/1451/379 3148/1453/379
f 3152/1454/381 3149/758/380 3150/1452/380
f 3154/1457/382 3151/1455/381 3152/1454/381
f 3156/1456/383 3153/764/382 3154/1457/382
f 3156/1456/383 3157/773/384 3155/1459/383
f 3160/1462/385 3157/773/384 3158/1458/384
f 3160/1462/385 3161/794/386 3159/1460/385
f 3164/1463/387 3161/794/386 3162/1461/386
f 3166/1173/388 3163/1464/387 3164/1463/387
f 3168/1465/389 3165/788/388 3166/1173/388
f 3170/1466/390 3167/1467/389 3168/1465/389
f 3172/1468/391 3169/782/390 3170/1466/390
f 3174/1469/392 3171/1470/391 3172/1468/391
f 3176/1419/393 3173/768/392 3174/1469/392
f 3178/1471/394 3175/1064/393 3176/1419/393
f 3180/1472/395 3177/781/394 3178/1471/394
f 3182/1473/396 3179/1474/395 3180/1472/395
f 3184/1475/397 3181/787/396 3182/1473/396
f 3186/1178/398 3183/1476/397 3184/1475/397
f 3188/1477/399 3185/793/398 3186/1178/398
f 3190/1478/400 3187/1479/399 3188/1477/399
f 3192/1480/401 3189/798/400 3190/1478/400
f 3194/1481/402 3191/1482/401 3192/1480/401
f 3196/1483/403 3193/807/402 3194/1481/402
f 3198/1484/404 3195/1485/403 3196/1483/403
f 3198/1484/404 3199/1486/405 3197/813/406
f 3202/1487/407 3199/1486/405 3200/1488/408
f 3204/1489/409 3201/820/407 3202/1487/407
f 3204/1489/409 3205/823/410 3203/1490/409
f 3208/1491/411 3205/823/410 3206/1181/410
f 3210/1494/412 3207/1492/411 3208/1491/411
f 3212/1493/413 3209/817/412 3210/1494/412
f 3214/1495/414 3211/1496/413 3212/1493/413
f 3216/1497/415 3213/812/414 3214/1495/414
f 3216/1497/415 3217/806/416 3215/1499/415
f 3220/1500/417 3217/806/416 3218/1498/416
f 3222/1501/418 3219/1502/417 3220/1500/417
f 3224/1504/419 3221/802/418 3222/1501/418
f 3126/1183/368 3223/1503/419 3224/1504/419
f 3228/1400/420 3225/26/421 3226/1169/421
f 3230/1401/422 3227/1402/420 3228/1400/420
f 3232/1403/423 3229/421/422 3230/1401/422
f 3234/1404/424 3231/1405/423 3232/1403/423
f 3236/1406/425 3233/393/424 3234/1404/424
f 3238/1409/426 3235/1407/425 3236/1406/425
f 3240/1408/427 3237/518/426 3238/1409/426
f 3242/1410/428 3239/1411/427 3240/1408/427
f 3244/1412/429 3241/600/428 3242/1410/428
f 3246/1413/430 3243/1414/429 3244/1412/429
f 3248/1415/431 3245/565/430 3246/1413/430
f 3250/1416/432 3247/1417/431 3248/1415/431
f 3252/1419/433 3249/651/432 3250/1416/432
f 3254/1418/434 3251/1064/433 3252/1419/433
f 3256/1420/435 3253/556/434 3254/1418/434
f 3258/1421/436 3255/1422/435 3256/1420/435
f 3260/1423/437 3257/390/436 3258/1421/436
f 3260/1423/437 3261/504/438 3259/1425/437
f 3264/1426/439 3261/504/438 3262/1424/438
f 3266/1427/440 3263/1428/439 3264/1426/439
f 3268/1429/441 3265/703/440 3266/1427/440
f 3270/1430/442 3267/1431/441 3268/1429/441
f 3272/1432/443 3269/744/442 3270/1430/442
f 3274/1433/444 3271/1434/443 3272/1432/443
f 3274/1433/444 3275/1435/445 3273/666/444
f 3226/1183/421 3275/1435/445 3276/1436/445
f 3278/1169/13 3279/1577/9 3277/26/13
f 3282/1419/12 3279/1577/9 3280/1578/9
f 3284/1579/17 3281/1064/12 3282/1419/12
f 3278/1183/13 3283/1580/17 3284/1579/17
f 3286/1169/13 3287/1577/9 3285/26/13
f 3290/1419/12 3287/1577/9 3288/1578/9
f 3292/1579/17 3289/1064/12 3290/1419/12
f 3286/1183/13 3291/1580/17 3292/1579/17
f 3294/1169/13 3295/1577/9 3293/26/13
f 3298/1419/12 3295/1577/9 3296/1578/9
f 3300/1579/17 3297/1064/12 3298/1419/12
f 3294/1183/13 3299/1580/17 3300/1579/17
f 3304/1581/446 3301/26/447 3302/1169/447
f 3306/1582/448 3303/1583/446 3304/1581/446
f 3308/1584/449 3305/1585/448 3306/1582/448
f 3310/1586/450 3307/1587/449 3308/1584/449
f 3312/1588/451 3309/1589/450 3310/1586/450
f 3314/1590/452 3311/1591/451 3312/1588/451
f 3316/1592/453 3313/1593/452 3314/1590/452
f 3318/1594/454 3315/1595/453 3316/1592/453
f 3320/1596/455 3317/1597/454 3318/1594/454
f 3322/1598/456 3319/1599/455 3320/1596/455
f 3322/1598/456 3323/1600/457 3321/1601/456
f 3326/1602/9 3323/1600/457 3324/1603/457
f 3326/1602/9 3327/1604/13 3325/1605/9
f 3330/1606/13 3327/1604/13 3328/1607/13
f 3332/1608/9 3329/1609/13 3330/1606/13
f 3334/1610/9 3331/1611/9 3332/1608/9
f 3334/1610/9 3335/1612/13 3333/1613/9
f 3338/1614/17 3335/1612/13 3336/1615/13
f 3340/1616/12 3337/1617/17 3338/1614/17
f 3342/1618/12 3339/1619/12 3340/1616/12
f 3344/1620/17 3341/1621/12 3342/1618/12
f 3346/1622/17 3343/1623/17 3344/1620/17
f 3348/1624/12 3345/1625/17 3346/1622/17
f 3350/1626/458 3347/1627/12 3348/1624/12
f 3352/1628/459 3349/1629/458 3350/1626/458
f 3354/1630/460 3351/1631/459 3352/1628/459
f 3356/1632/461 3353/1633/460 3354/1630/460
f 3358/1634/462 3355/1635/461 3356/1632/461
f 3360/1636/463 3357/1637/462 3358/1634/462
f 3362/1638/464 3359/1639/463 3360/1636/463
f 3364/1640/465 3361/1641/464 3362/1638/464
f 3366/1642/466 3363/1643/465 3364/1640/465
f 3368/1644/467 3365/1045/466 3366/1642/466
f 3370/1645/468 3367/1646/467 3368/1644/467
f 3372/1647/469 3369/1648/468 3370/1645/468
f 3374/1649/470 3371/1650/469 3372/1647/469
f 3376/1651/17 3373/1652/471 3374/1649/470
f 3378/1653/12 3375/1654/17 3376/1651/17
f 3380/1655/472 3377/1656/12 3378/1653/12
f 3380/1655/472 3381/1657/473 3379/1658/472
f 3384/1659/281 3381/1657/473 3382/1660/473
f 3386/1661/474 3383/1662/281 3384/1659/281
f 3386/1661/474 3387/1663/475 3385/1664/474
f 3390/1665/476 3387/1663/475 3388/1666/475
f 3392/1667/477 3389/1668/476 3390/1665/476
f 3392/1667/477 3393/1669/478 3391/1670/477
f 3396/1671/208 3393/1669/478 3394/1672/478
f 3398/1578/479 3395/1673/208 3396/1671/208
f 3400/1674/480 3397/1577/479 3398/1578/479
f 3402/1675/481 3399/1676/480 3400/1674/480
f 3404/1677/482 3401/1678/481 3402/1675/481
f 3406/1679/483 3403/1680/482 3404/1677/482
f 3408/1681/484 3405/1682/483 3406/1679/483
f 3410/1683/485 3407/1684/484 3408/1681/484
f 3410/1683/485 3411/1685/486 3409/1686/485
f 3414/1687/487 3411/1685/486 3412/1688/486
f 3416/1689/488 3413/1690/487 3414/1687/487
f 3418/1691/489 3415/1692/488 3416/1689/488
f 3420/1693/490 3417/1694/489 3418/1691/489
f 3422/1695/491 3419/1696/490 3420/1693/490
f 3424/1697/492 3421/1698/491 3422/1695/491
f 3426/1699/493 3423/1700/492 3424/1697/492
f 3428/1701/494 3425/1702/493 3426/1699/493
f 3428/1701/494 3429/776/495 3427/1703/494
f 3432/1704/12 3429/776/495 3430/1174/496
f 3434/1705/12 3431/1706/12 3432/1704/12
f 3436/1707/497 3433/1708/12 3434/1705/12
f 3438/1709/498 3435/1710/497 3436/1707/497
f 3440/1711/499 3437/1712/498 3438/1709/498
f 3442/1713/500 3439/1714/499 3440/1711/499
f 3444/1715/501 3441/1716/500 3442/1713/500
f 3446/1717/502 3443/1718/501 3444/1715/501
f 3448/1719/503 3445/1720/502 3446/1717/502
f 3450/1721/504 3447/1722/505 3448/1719/503
f 3452/1723/506 3449/1724/504 3450/1721/504
f 3454/1725/507 3451/1726/506 3452/1723/506
f 3456/1727/508 3453/1728/507 3454/1725/507
f 3458/1729/509 3455/1730/508 3456/1727/508
f 3460/1731/510 3457/1732/509 3458/1729/509
f 3462/1733/2 3459/1734/510 3460/1731/510
f 3464/1735/2 3461/1736/2 3462/1733/2
f 3466/1737/2 3463/1738/2 3464/1735/2
f 3468/1739/2 3465/1740/2 3466/1737/2
f 3470/1741/2 3467/1742/2 3468/1739/2
f 3472/1743/2 3469/1744/2 3470/1741/2
f 3474/1745/2 3471/1746/2 3472/1743/2
f 3476/1747/2 3473/1748/2 3474/1745/2
f 3478/1749/2 3475/1750/2 3476/1747/2
f 3480/1751/2 3477/1752/2 3478/1749/2
f 3482/1753/2 3479/1754/2 3480/1751/2
f 3484/1755/511 3481/1756/2 3482/1753/2
f 3486/1757/512 3483/1758/511 3484/1755/511
f 3488/1759/513 3485/1760/512 3486/1757/512
f 3490/1761/514 3487/1762/513 3488/1759/513
f 3492/1763/515 3489/1764/514 3490/1761/514
f 3494/1419/516 3491/1765/515 3492/1763/515
f 3496/1766/517 3493/1064/516 3494/1419/516
f 3498/1767/518 3495/1768/517 3496/1766/517
f 3500/1769/519 3497/1770/518 3498/1767/518
f 3502/1771/520 3499/1772/519 3500/1769/519
f 3504/1773/521 3501/1774/520 3502/1771/520
f 3504/1773/521 3505/1775/522 3503/1776/521
f 3508/1777/523 3505/1775/522 3506/1778/522
f 3510/1779/524 3507/1780/523 3508/1777/523
f 3512/1781/525 3509/1782/526 3510/1779/524
f 3514/1783/527 3511/1784/525 3512/1781/525
f 3516/1785/528 3513/1786/527 3514/1783/527
f 3518/1787/529 3515/1788/528 3516/1785/528
f 3520/1789/530 3517/1790/529 3518/1787/529
f 3522/1791/531 3519/1792/530 3520/1789/530
f 3524/1793/532 3521/1794/531 3522/1791/531
f 3526/1795/533 3523/1796/532 3524/1793/532
f 3528/1797/534 3525/1798/533 3526/1795/533
f 3530/1799/535 3527/1800/534 3528/1797/534
f 3532/1801/536 3529/1802/537 3530/1799/535
f 3534/1803/538 3531/1804/536 3532/1801/536
f 3536/1805/539 3533/1806/538 3534/1803/538
f 3538/1807/540 3535/1808/539 3536/1805/539
f 3540/1809/541 3537/1810/540 3538/1807/540
f 3542/1811/542 3539/1812/541 3540/1809/541
f 3544/1813/543 3541/1814/542 3542/1811/542
f 3546/1815/544 3543/1816/543 3544/1813/543
f 3548/1817/545 3545/1818/544 3546/1815/544
f 3550/1819/546 3547/1820/545 3548/1817/545
f 3552/1821/547 3549/1822/546 3550/1819/546
f 3554/1823/49 3551/1824/547 3552/1821/547
f 3556/1825/548 3553/1826/49 3554/1823/49
f 3558/1177/3 3555/1827/548 3556/1825/548
f 3560/1828/3 3557/804/3 3558/1177/3
f 3562/1829/3 3559/1830/3 3560/1828/3
f 3564/1831/3 3561/1832/3 3562/1829/3
f 3566/1833/3 3563/1834/3 3564/1831/3
f 3568/1835/3 3565/1836/3 3566/1833/3
f 3570/1837/3 3567/1838/3 3568/1835/3
f 3572/1839/3 3569/1840/3 3570/1837/3
f 3574/1841/3 3571/1842/3 3572/1839/3
f 3576/1843/3 3573/1844/3 3574/1841/3
f 3578/1845/3 3575/1846/3 3576/1843/3
f 3580/1847/549 3577/1848/3 3578/1845/3
f 3582/1849/550 3579/1850/549 3580/1847/549
f 3584/1851/551 3581/1852/550 3582/1849/550
f 3586/1853/552 3583/1854/551 3584/1851/551
f 3588/1855/553 3585/1856/552 3586/1853/552
f 3590/1579/554 3587/1857/553 3588/1855/553
f 3592/1858/555 3589/1580/554 3590/1579/554
f 3592/1858/555 3593/1859/556 3591/1860/555
f 3596/1861/557 3593/1859/556 3594/1862/556
f 3598/1863/558 3595/1864/557 3596/1861/557
f 3600/1865/559 3597/1866/558 3598/1863/558
f 3602/1867/560 3599/1868/559 3600/1865/559
f 3604/1869/561 3601/1870/560 3602/1867/560
f 3604/1869/561 3605/1871/562 3603/1872/561
f 3608/1873/563 3605/1871/562 3606/1874/562
f 3610/1875/564 3607/1876/563 3608/1873/563
f 3612/1877/565 3609/1878/564 3610/1875/564
f 3614/1879/566 3611/1880/565 3612/1877/565
f 3616/1881/567 3613/1882/566 3614/1879/566
f 3618/1883/568 3615/1884/567 3616/1881/567
f 3620/1885/569 3617/1886/568 3618/1883/568
f 3622/1887/570 3619/1888/569 3620/1885/569
f 3624/1889/571 3621/1122/570 3622/1887/570
f 3626/1890/572 3623/1891/571 3624/1889/571
f 3628/1892/573 3625/1893/572 3626/1890/572
f 3630/1894/574 3627/1895/573 3628/1892/573
f 3632/1896/575 3629/1897/574 3630/1894/574
f 3634/1898/576 3631/1899/575 3632/1896/575
f 3636/1900/577 3633/1901/576 3634/1898/576
f 3638/1902/578 3635/1903/577 3636/1900/577
f 3638/1902/578 3639/1904/579 3637/1905/578
f 3642/1906/580 3639/1904/579 3640/1907/579
f 3644/1908/581 3641/1909/580 3642/1906/580
f 3646/1910/582 3643/1911/581 3644/1908/581
f 3648/1912/583 3645/1913/582 3646/1910/582
f 3650/1914/584 3647/1915/583 3648/1912/583
f 3652/1916/585 3649/1917/584 3650/1914/584
f 3654/1918/586 3651/1919/585 3652/1916/585
f 3656/1920/587 3653/1921/586 3654/1918/586
f 3658/1922/588 3655/1923/587 3656/1920/587
f 3660/1924/589 3657/1925/588 3658/1922/588
f 3662/1926/590 3659/1927/589 3660/1924/589
f 3664/1928/591 3661/1929/590 3662/1926/590
f 3666/1930/592 3663/1931/591 3664/1928/591
f 3666/1930/592 3667/1932/593 3665/1933/592
f 3670/1934/594 3667/1932/593 3668/1935/593
f 3672/1936/595 3669/1937/594 3670/1934/594
f 3674/1938/596 3671/1939/595 3672/1936/595
f 3676/1940/597 3673/1941/596 3674/1938/596
f 3678/1942/598 3675/1943/597 3676/1940/597
f 3680/1944/9 3677/1945/598 3678/1942/598
f 3680/1944/9 3681/1946/13 3679/1947/9
f 3684/1948/599 3681/1946/13 3682/1949/13
f 3302/1183/447 3683/1950/599 3684/1948/599
f 3688/1578/12 3685/26/9 3686/1169/9
f 3690/1419/17 3687/1577/12 3688/1578/12
f 3692/1579/13 3689/1064/17 3690/1419/17
f 3686/1183/9 3691/1580/13 3692/1579/13
f 3696/1400/600 3693/26/601 3694/1169/602
f 3698/1401/603 3695/1402/600 3696/1400/600
f 3700/1403/604 3697/421/603 3698/1401/603
f 3702/1404/605 3699/1405/604 3700/1403/604
f 3704/1406/606 3701/393/605 3702/1404/605
f 3706/1409/607 3703/1407/606 3704/1406/606
f 3708/1408/608 3705/518/607 3706/1409/607
f 3710/1410/609 3707/1411/608 3708/1408/608
f 3712/1412/610 3709/600/609 3710/1410/609
f 3714/1413/611 3711/1414/610 3712/1412/610
f 3716/1415/612 3713/565/611 3714/1413/611
f 3718/1416/613 3715/1417/612 3716/1415/612
f 3720/1419/614 3717/651/613 3718/1416/613
f 3722/1418/615 3719/1064/614 3720/1419/614
f 3724/1420/616 3721/556/615 3722/1418/615
f 3726/1421/617 3723/1422/616 3724/1420/616
f 3726/1421/617 3727/1425/618 3725/390/617
f 3730/1424/619 3727/1425/618 3728/1423/618
f 3732/1426/620 3729/504/619 3730/1424/619
f 3734/1427/621 3731/1428/620 3732/1426/620
f 3736/1429/622 3733/703/621 3734/1427/621
f 3738/1430/623 3735/1431/622 3736/1429/622
f 3740/1432/624 3737/744/623 3738/1430/623
f 3742/1433/625 3739/1434/624 3740/1432/624
f 3744/1436/626 3741/666/625 3742/1433/625
f 3694/1183/602 3743/1435/627 3744/1436/626
f 3746/1169/13 3747/1577/9 3745/26/13
f 3750/1419/12 3747/1577/9 3748/1578/9
f 3752/1579/17 3749/1064/12 3750/1419/12
f 3746/1183/13 3751/1580/17 3752/1579/17
f 3756/1951/628 3753/26/629 3754/1169/629
f 3758/1952/630 3755/1953/628 3756/1951/628
f 3760/1954/631 3757/1955/630 3758/1952/630
f 3762/1956/632 3759/1957/631 3760/1954/631
f 3764/1958/633 3761/1959/634 3762/1956/632
f 3766/1960/635 3763/1961/633 3764/1958/633
f 3768/1962/636 3765/1963/635 3766/1960/635
f 3770/1964/637 3767/1965/636 3768/1962/636
f 3772/1966/638 3769/1967/637 3770/1964/637
f 3774/1968/639 3771/1969/638 3772/1966/638
f 3776/1970/640 3773/1971/639 3774/1968/639
f 3778/1972/641 3775/1973/640 3776/1970/640
f 3780/1974/642 3777/1975/641 3778/1972/641
f 3782/1976/643 3779/1977/642 3780/1974/642
f 3784/1978/644 3781/1979/643 3782/1976/643
f 3786/1980/645 3783/1981/644 3784/1978/644
f 3788/1982/646 3785/1983/645 3786/1980/645
f 3790/1984/647 3787/1985/646 3788/1982/646
f 3792/1642/648 3789/1986/647 3790/1984/647
f 3794/1987/649 3791/1045/648 3792/1642/648
f 3796/1988/650 3793/1989/649 3794/1987/649
f 3798/1990/651 3795/1991/650 3796/1988/650
f 3800/1992/652 3797/1993/651 3798/1990/651
f 3802/1994/653 3799/1995/652 3800/1992/652
f 3804/1996/654 3801/1997/653 3802/1994/653
f 3806/1998/655 3803/1999/654 3804/1996/654
f 3808/2000/656 3805/2001/655 3806/1998/655
f 3810/2002/657 3807/2003/656 3808/2000/656
f 3812/2004/658 3809/2005/657 3810/2002/657
f 3814/2006/659 3811/2007/658 3812/2004/658
f 3816/2008/660 3813/2009/659 3814/2006/659
f 3818/2010/661 3815/2011/660 3816/2008/660
f 3820/2012/662 3817/2013/661 3818/2010/661
f 3822/2014/663 3819/2015/662 3820/2012/662
f 3824/2016/664 3821/2017/663 3822/2014/663
f 3826/2018/665 3823/2019/664 3824/2016/664
f 3828/2020/666 3825/2021/665 3826/2018/665
f 3830/1174/667 3827/2022/666 3828/2020/666
f 3832/2023/668 3829/776/667 3830/1174/667
f 3834/2024/669 3831/2025/668 3832/2023/668
f 3836/2026/670 3833/2027/669 3834/2024/669
f 3838/2028/671 3835/2029/670 3836/2026/670
f 3840/2030/672 3837/2031/671 3838/2028/671
f 3842/2032/673 3839/2033/672 3840/2030/672
f 3844/2034/674 3841/2035/673 3842/2032/673
f 3846/2036/675 3843/2037/674 3844/2034/674
f 3848/2038/676 3845/2039/675 3846/2036/675
f 3850/2040/677 3847/2041/676 3848/2038/676
f 3852/2042/678 3849/2043/677 3850/2040/677
f 3854/2044/679 3851/2045/678 3852/2042/678
f 3856/2046/680 3853/2047/679 3854/2044/679
f 3858/2048/681 3855/2049/680 3856/2046/680
f 3860/2050/682 3857/2051/681 3858/2048/681
f 3862/2052/683 3859/2053/682 3860/2050/682
f 3864/2054/684 3861/2055/683 3862/2052/683
f 3866/2056/46 3863/2057/684 3864/2054/684
f 3868/1419/685 3865/2058/46 3866/2056/46
f 3870/2059/686 3867/1064/685 3868/1419/685
f 3872/2060/687 3869/2061/686 3870/2059/686
f 3874/2062/688 3871/2063/687 3872/2060/687
f 3876/2064/689 3873/2065/688 3874/2062/688
f 3878/2066/690 3875/2067/689 3876/2064/689
f 3880/2068/691 3877/2069/690 3878/2066/690
f 3882/2070/692 3879/2071/691 3880/2068/691
f 3884/2072/693 3881/2073/692 3882/2070/692
f 3886/2074/694 3883/2075/693 3884/2072/693
f 3888/2076/695 3885/2077/694 3886/2074/694
f 3890/2078/696 3887/2079/695 3888/2076/695
f 3892/2080/697 3889/2081/696 3890/2078/696
f 3894/2082/698 3891/2083/697 3892/2080/697
f 3896/2084/699 3893/2085/698 3894/2082/698
f 3898/2086/700 3895/2087/699 3896/2084/699
f 3898/2086/700 3899/2088/701 3897/2089/700
f 3902/2090/702 3899/2088/701 3900/2091/701
f 3904/2092/703 3901/2093/702 3902/2090/702
f 3906/1177/704 3903/2094/703 3904/2092/703
f 3908/2095/705 3905/804/704 3906/1177/704
f 3910/2096/706 3907/2097/705 3908/2095/705
f 3912/2098/707 3909/2099/706 3910/2096/706
f 3914/2100/708 3911/2101/707 3912/2098/707
f 3916/2102/709 3913/2103/708 3914/2100/708
f 3918/2104/710 3915/2105/709 3916/2102/709
f 3920/2106/711 3917/2107/710 3918/2104/710
f 3922/2108/712 3919/2109/711 3920/2106/711
f 3924/2110/713 3921/2111/712 3922/2108/712
f 3926/2112/714 3923/2113/713 3924/2110/713
f 3928/2114/715 3925/2115/714 3926/2112/714
f 3930/2116/716 3927/2117/715 3928/2114/715
f 3932/2118/43 3929/2119/716 3930/2116/716
f 3934/2120/717 3931/2121/43 3932/2118/43
f 3936/2122/718 3933/2123/717 3934/2120/717
f 3938/2124/719 3935/2125/718 3936/2122/718
f 3940/2126/720 3937/2127/719 3938/2124/719
f 3942/2128/721 3939/2129/720 3940/2126/720
f 3944/1887/722 3941/2130/721 3942/2128/721
f 3944/1887/722 3945/2131/723 3943/1122/724
f 3948/2132/725 3945/2131/723 3946/2133/726
f 3950/2134/727 3947/2135/725 3948/2132/725
f 3952/2136/728 3949/2137/727 3950/2134/727
f 3954/2138/729 3951/2139/728 3952/2136/728
f 3956/2140/730 3953/2141/729 3954/2138/729
f 3958/2142/731 3955/2143/730 3956/2140/730
f 3960/2144/732 3957/2145/731 3958/2142/731
f 3960/2144/732 3961/2146/733 3959/2147/732
f 3964/2148/734 3961/2146/733 3962/2149/733
f 3966/2150/735 3963/2151/734 3964/2148/734
f 3968/2152/736 3965/2153/735 3966/2150/735
f 3970/2154/737 3967/2155/736 3968/2152/736
f 3972/2156/9 3969/2157/737 3970/2154/737
f 3974/2158/9 3971/2159/9 3972/2156/9
f 3974/2158/9 3975/2160/13 3973/2161/9
f 3978/2162/17 3975/2160/13 3976/2163/13
f 3980/2164/738 3977/2165/17 3978/2162/17
f 3754/1183/629 3979/2166/738 3980/2164/738
f 3984/2167/399 3981/26/739 3982/1169/740
f 3986/2168/741 3983/2169/399 3984/2167/399
f 3988/2170/742 3985/2171/743 3986/2168/741
f 3990/2172/744 3987/2173/742 3988/2170/742
f 3992/2174/745 3989/2175/744 3990/2172/744
f 3994/2176/746 3991/2177/745 3992/2174/745
f 3996/2178/747 3993/2179/746 3994/2176/746
f 3998/2180/748 3995/2181/747 3996/2178/747
f 4000/2182/749 3997/2183/748 3998/2180/748
f 4002/2184/750 3999/2185/751 4000/2182/749
f 4004/2186/752 4001/2187/750 4002/2184/750
f 4006/2188/17 4003/2189/752 4004/2186/752
f 4008/2190/17 4005/2191/17 4006/2188/17
f 4010/2192/12 4007/2193/17 4008/2190/17
f 4012/2194/12 4009/2195/12 4010/2192/12
f 4014/2196/753 4011/2197/12 4012/2194/12
f 4016/2198/754 4013/2199/755 4014/2196/753
f 4018/2200/756 4015/2201/754 4016/2198/754
f 4020/2202/757 4017/2203/756 4018/2200/756
f 4022/2204/758 4019/2205/757 4020/2202/757
f 4024/2206/759 4021/2207/758 4022/2204/758
f 4026/2208/760 4023/2209/759 4024/2206/759
f 4028/2210/761 4025/2211/760 4026/2208/760
f 4030/2212/762 4027/2213/761 4028/2210/761
f 4030/2212/762 4031/2214/763 4029/2215/762
f 4034/2216/764 4031/2214/763 4032/2217/763
f 4034/2216/764 4035/2218/765 4033/2219/764
f 4038/2220/766 4035/2218/765 4036/2221/765
f 4040/2222/767 4037/2223/766 4038/2220/766
f 4040/2222/767 4041/2224/768 4039/2225/767
f 4044/2226/769 4041/2224/768 4042/2227/768
f 4046/2228/770 4043/2229/769 4044/2226/769
f 4048/2230/771 4045/2231/770 4046/2228/770
f 4050/2232/772 4047/2233/771 4048/2230/771
f 4052/2234/773 4049/2235/772 4050/2232/772
f 4054/2236/774 4051/2237/773 4052/2234/773
f 4056/2238/775 4053/2239/774 4054/2236/774
f 4056/2238/775 4057/2240/776 4055/2241/775
f 4060/2242/777 4057/2240/776 4058/2243/776
f 4062/2244/778 4059/2245/777 4060/2242/777
f 4064/2246/779 4061/2247/778 4062/2244/778
f 4066/2248/12 4063/2249/780 4064/2246/779
f 4068/2250/9 4065/2251/12 4066/2248/12
f 4068/2250/9 4069/2252/781 4067/2253/9
f 4070/2254/782 4071/2255/783 4069/2252/781
f 4074/2256/784 4071/2255/783 4072/2257/783
f 4076/2258/785 4073/2259/784 4074/2256/784
f 4078/2260/786 4075/2261/785 4076/2258/785
f 4080/2262/787 4077/2263/786 4078/2260/786
f 4082/2264/788 4079/2265/787 4080/2262/787
f 4084/2266/789 4081/2267/788 4082/2264/788
f 4086/2268/790 4083/2269/789 4084/2266/789
f 4088/2270/791 4085/2271/790 4086/2268/790
f 4090/2272/792 4087/2273/791 4088/2270/791
f 4092/2274/793 4089/2275/792 4090/2272/792
f 4094/2276/794 4091/2277/793 4092/2274/793
f 4096/2278/795 4093/2279/796 4094/2276/794
f 4098/2280/797 4095/2281/795 4096/2278/795
f 4100/2282/798 4097/2283/797 4098/2280/797
f 4102/2284/799 4099/2285/798 4100/2282/798
f 4104/1419/800 4101/2286/799 4102/2284/799
f 4106/2287/801 4103/1064/800 4104/1419/800
f 4108/2288/802 4105/2289/801 4106/2287/801
f 4110/2290/803 4107/2291/804 4108/2288/802
f 4112/2292/141 4109/2293/803 4110/2290/803
f 4114/2294/805 4111/2295/141 4112/2292/141
f 4116/2296/806 4113/2297/805 4114/2294/805
f 4116/2296/806 4117/2298/807 4115/2299/806
f 4120/2300/808 4117/2298/807 4118/2301/807
f 4122/2302/809 4119/2303/808 4120/2300/808
f 4124/2304/810 4121/2305/809 4122/2302/809
f 4124/2304/810 4125/2306/811 4123/2307/810
f 4128/2308/812 4125/2306/811 4126/2309/811
f 4130/2310/813 4127/2311/812 4128/2308/812
f 4130/2310/813 4131/2312/814 4129/2313/813
f 4134/2314/815 4131/2312/814 4132/2315/814
f 4136/2316/816 4133/2317/815 4134/2314/815
f 4136/2316/816 4137/2318/817 4135/2319/816
f 4140/2320/818 4137/2318/817 4138/2321/817
f 4142/2322/819 4139/2323/818 4140/2320/818
f 4144/2324/9 4141/2325/819 4142/2322/819
f 4144/2324/9 4145/2326/13 4143/2327/9
f 4148/2328/13 4145/2326/13 4146/2329/13
f 4148/2328/13 4149/2330/820 4147/2331/13
f 4152/2332/821 4149/2330/820 4150/2333/820
f 4154/2334/822 4151/2335/823 4152/2332/821
f 4156/2336/824 4153/2337/822 4154/2334/822
f 4158/2338/825 4155/2339/824 4156/2336/824
f 4160/2340/826 4157/2341/825 4158/2338/825
f 4162/2342/827 4159/2343/826 4160/2340/826
f 4164/2344/828 4161/2345/827 4162/2342/827
f 4166/2346/829 4163/2347/828 4164/2344/828
f 4168/2348/830 4165/2349/829 4166/2346/829
f 4170/2350/831 4167/2351/830 4168/2348/830
f 4172/2352/832 4169/2353/831 4170/2350/831
f 4174/2354/833 4171/2355/832 4172/2352/832
f 4176/2356/834 4173/2357/833 4174/2354/833
f 4178/2358/835 4175/2359/834 4176/2356/834
f 4180/2360/836 4177/2361/835 4178/2358/835
f 4182/2362/837 4179/2363/836 4180/2360/836
f 4184/2364/838 4181/2365/837 4182/2362/837
f 4186/2366/839 4183/2367/838 4184/2364/838
f 4188/2368/840 4185/2369/839 4186/2366/839
f 4190/2370/841 4187/2371/840 4188/2368/840
f 4192/2372/842 4189/2373/841 4190/2370/841
f 4194/2374/843 4191/2375/842 4192/2372/842
f 4196/2376/844 4193/2377/843 4194/2374/843
f 4198/2378/845 4195/2379/844 4196/2376/844
f 4200/2380/846 4197/2381/847 4198/2378/845
f 4200/2380/846 4201/2382/848 4199/2383/846
f 4204/2384/849 4201/2382/848 4202/2385/848
f 4206/2386/850 4203/2387/849 4204/2384/849
f 4208/2388/851 4205/2389/850 4206/2386/850
f 4210/2390/852 4207/2391/851 4208/2388/851
f 4212/2392/853 4209/2393/852 4210/2390/852
f 4214/2394/854 4211/2395/853 4212/2392/853
f 4216/2396/855 4213/2397/854 4214/2394/854
f 4218/2398/856 4215/2399/855 4216/2396/855
f 4220/2400/857 4217/2401/856 4218/2398/856
f 4222/2402/858 4219/2403/857 4220/2400/857
f 4224/2404/859 4221/2405/858 4222/2402/858
f 3982/1183/740 4223/2406/860 4224/2404/859
f 4228/2407/861 4225/26/862 4226/1169/862
f 4230/2408/863 4227/2409/861 4228/2407/861
f 4232/2410/864 4229/2411/863 4230/2408/863
f 4234/2412/865 4231/2413/866 4232/2410/864
f 4236/2414/867 4233/2415/865 4234/2412/865
f 4238/2416/868 4235/2417/867 4236/2414/867
f 4240/2418/869 4237/2419/868 4238/2416/868
f 4242/2420/870 4239/1012/869 4240/2418/869
f 4244/2421/871 4241/2422/870 4242/2420/870
f 4246/2423/872 4243/1165/871 4244/2421/871
f 4248/2424/873 4245/2425/872 4246/2423/872
f 4250/2426/874 4247/2427/873 4248/2424/873
f 4252/2428/875 4249/2429/874 4250/2426/874
f 4254/2430/876 4251/2431/875 4252/2428/875
f 4256/2432/877 4253/1003/876 4254/2430/876
f 4256/2432/877 4257/2433/878 4255/2434/877
f 4260/2435/879 4257/2433/878 4258/2436/880
f 4262/2437/881 4259/2438/879 4260/2435/879
f 4264/2439/882 4261/1164/881 4262/2437/881
f 4266/2440/883 4263/2441/882 4264/2439/882
f 4268/1642/884 4265/2442/883 4266/2440/883
f 4270/2443/885 4267/1045/884 4268/1642/884
f 4270/2443/885 4271/2444/886 4269/2445/885
f 4274/2446/887 4271/2444/886 4272/2447/886
f 4276/2448/888 4273/2449/887 4274/2446/887
f 4278/2450/889 4275/2451/888 4276/2448/888
f 4280/2452/890 4277/2453/889 4278/2450/889
f 4282/2454/891 4279/1167/890 4280/2452/890
f 4284/2455/892 4281/1057/891 4282/2454/891
f 4286/2456/893 4283/2457/892 4284/2455/892
f 4288/2458/894 4285/2459/893 4286/2456/893
f 4290/2460/564 4287/2461/894 4288/2458/894
f 4292/2462/895 4289/2463/564 4290/2460/564
f 4294/2464/896 4291/2465/895 4292/2462/895
f 4296/2466/897 4293/2467/898 4294/2464/896
f 4298/2468/899 4295/1114/897 4296/2466/897
f 4300/2469/900 4297/1166/899 4298/2468/899
f 4302/2470/901 4299/2471/900 4300/2469/900
f 4304/2472/902 4301/2473/901 4302/2470/901
f 4306/2474/903 4303/2475/902 4304/2472/902
f 4306/2474/903 4307/2476/904 4305/2477/903
f 4310/1174/905 4307/2476/904 4308/2478/906
f 4312/2479/907 4309/776/905 4310/1174/905
f 4314/2480/908 4311/2481/907 4312/2479/907
f 4316/2482/909 4313/2483/908 4314/2480/908
f 4318/2484/910 4315/1160/909 4316/2482/909
f 4320/2485/911 4317/2486/910 4318/2484/910
f 4322/2487/912 4319/2488/911 4320/2485/911
f 4324/2489/913 4321/2490/914 4322/2487/912
f 4326/2491/915 4323/1154/913 4324/2489/913
f 4328/2492/916 4325/2493/915 4326/2491/915
f 4328/2492/916 4329/2494/917 4327/2495/916
f 4332/2496/918 4329/2494/917 4330/2497/917
f 4334/2498/919 4331/2499/918 4332/2496/918
f 4336/2500/920 4333/1159/919 4334/2498/919
f 4336/2500/920 4337/1134/921 4335/2501/920
f 4340/2502/922 4337/1134/921 4338/2503/921
f 4342/2504/923 4339/2505/922 4340/2502/922
f 4344/2506/924 4341/2507/923 4342/2504/923
f 4346/2508/925 4343/2509/924 4344/2506/924
f 4348/2510/926 4345/2511/925 4346/2508/925
f 4350/2512/927 4347/2513/926 4348/2510/926
f 4352/1419/928 4349/2514/927 4350/2512/927
f 4354/2515/929 4351/1064/928 4352/1419/928
f 4356/2516/930 4353/2517/929 4354/2515/929
f 4358/2518/931 4355/2519/930 4356/2516/930
f 4360/2520/932 4357/2521/931 4358/2518/931
f 4362/2522/933 4359/2523/932 4360/2520/932
f 4364/2524/934 4361/2525/933 4362/2522/933
f 4366/2526/935 4363/2527/934 4364/2524/934
f 4368/2528/936 4365/1040/935 4366/2526/935
f 4370/2529/937 4367/2530/938 4368/2528/936
f 4372/2531/939 4369/1156/937 4370/2529/937
f 4374/2532/940 4371/2533/939 4372/2531/939
f 4376/2534/941 4373/2535/940 4374/2532/940
f 4378/2536/942 4375/2537/941 4376/2534/941
f 4380/2538/943 4377/2539/942 4378/2536/942
f 4382/2540/944 4379/1031/943 4380/2538/943
f 4384/2541/945 4381/2542/944 4382/2540/944
f 4386/2543/946 4383/2544/947 4384/2541/945
f 4388/2545/948 4385/2546/946 4386/2543/946
f 4390/2547/949 4387/1158/948 4388/2545/948
f 4392/2548/950 4389/2549/949 4390/2547/949
f 4394/1177/951 4391/2550/950 4392/2548/950
f 4394/1177/951 4395/2551/952 4393/804/951
f 4398/2552/953 4395/2551/952 4396/2553/952
f 4398/2552/953 4399/2554/954 4397/2555/953
f 4402/2556/955 4399/2554/954 4400/2557/954
f 4404/2558/956 4401/2559/955 4402/2556/955
f 4406/2560/957 4403/2561/956 4404/2558/956
f 4408/2562/958 4405/1157/957 4406/2560/957
f 4410/2563/959 4407/1110/958 4408/2562/958
f 4412/2564/960 4409/2565/959 4410/2563/959
f 4414/2566/961 4411/2567/960 4412/2564/960
f 4416/2568/962 4413/2569/961 4414/2566/961
f 4418/2570/963 4415/2571/962 4416/2568/962
f 4420/2572/964 4417/2573/963 4418/2570/963
f 4420/2572/964 4421/1083/965 4419/2574/964
f 4424/2575/966 4421/1083/965 4422/2576/965
f 4426/2577/967 4423/1161/966 4424/2575/966
f 4428/2578/968 4425/2579/967 4426/2577/967
f 4430/2580/969 4427/2581/968 4428/2578/968
f 4432/2582/970 4429/2583/969 4430/2580/969
f 4434/2584/971 4431/2585/970 4432/2582/970
f 4436/1887/972 4433/2586/971 4434/2584/971
f 4438/2587/973 4435/1122/972 4436/1887/972
f 4440/2588/974 4437/2589/973 4438/2587/973
f 4442/2590/975 4439/2591/976 4440/2588/974
f 4444/2592/977 4441/1163/975 4442/2590/975
f 4446/2593/978 4443/2594/977 4444/2592/977
f 4446/2593/978 4447/2595/979 4445/2596/978
f 4450/2597/980 4447/2595/979 4448/2598/979
f 4452/2599/981 4449/1091/980 4450/2597/980
f 4454/2600/982 4451/2601/981 4452/2599/981
f 4456/2602/983 4453/2603/982 4454/2600/982
f 4458/2604/984 4455/2605/983 4456/2602/983
f 4460/2606/985 4457/2607/984 4458/2604/984
f 4462/2608/986 4459/1162/985 4460/2606/985
f 4464/2609/987 4461/2610/986 4462/2608/986
f 4466/2611/988 4463/1072/987 4464/2609/987
f 4468/2612/989 4465/2613/988 4466/2611/988
f 4470/2614/990 4467/2615/989 4468/2612/989
f 4472/2616/268 4469/2617/990 4470/2614/990
f 4474/2618/991 4471/2619/268 4472/2616/268
f 4474/2618/991 4475/2620/992 4473/2621/991
f 4226/1183/862 4475/2620/992 4476/2622/992
f 4480/2407/993 4477/26/994 4478/1169/994
f 4482/2408/995 4479/2409/993 4480/2407/993
f 4484/2410/996 4481/2411/995 4482/2408/995
f 4486/2412/997 4483/2413/996 4484/2410/996
f 4488/2414/998 4485/2415/997 4486/2412/997
f 4490/2416/870 4487/2417/998 4488/2414/998
f 4492/2418/999 4489/2419/870 4490/2416/870
f 4494/2420/1000 4491/1012/999 4492/2418/999
f 4496/2421/1001 4493/2422/1000 4494/2420/1000
f 4498/2423/1002 4495/1165/1001 4496/2421/1001
f 4500/2424/1003 4497/2425/1002 4498/2423/1002
f 4502/2426/1004 4499/2427/1003 4500/2424/1003
f 4502/2426/1004 4503/2431/1005 4501/2429/1004
f 4506/2430/1006 4503/2431/1005 4504/2428/1005
f 4508/2432/1007 4505/1003/1006 4506/2430/1006
f 4510/2436/1008 4507/2434/1007 4508/2432/1007
f 4512/2435/1009 4509/2433/1008 4510/2436/1008
f 4514/2437/1010 4511/2438/1009 4512/2435/1009
f 4514/2437/1010 4515/2441/1011 4513/1164/1010
f 4518/2440/1012 4515/2441/1011 4516/2439/1011
f 4520/1642/1013 4517/2442/1012 4518/2440/1012
f 4522/2443/1014 4519/1045/1013 4520/1642/1013
f 4524/2447/1015 4521/2445/1014 4522/2443/1014
f 4526/2446/1016 4523/2444/1017 4524/2447/1015
f 4528/2448/1018 4525/2449/1016 4526/2446/1016
f 4530/2450/1019 4527/2451/1018 4528/2448/1018
f 4532/2452/1020 4529/2453/1019 4530/2450/1019
f 4534/2454/1021 4531/1167/1020 4532/2452/1020
f 4536/2455/1022 4533/1057/1021 4534/2454/1021
f 4538/2456/1023 4535/2457/1022 4536/2455/1022
f 4540/2458/1024 4537/2459/1023 4538/2456/1023
f 4542/2460/1025 4539/2461/1024 4540/2458/1024
f 4544/2462/1026 4541/2463/1025 4542/2460/1025
f 4546/2464/1027 4543/2465/1026 4544/2462/1026
f 4548/2466/1028 4545/2467/1027 4546/2464/1027
f 4550/2468/1029 4547/1114/1028 4548/2466/1028
f 4550/2468/1029 4551/2471/1030 4549/1166/1029
f 4554/2470/1031 4551/2471/1030 4552/2469/1030
f 4556/2472/1032 4553/2473/1031 4554/2470/1031
f 4558/2474/1033 4555/2475/1032 4556/2472/1032
f 4560/2478/1034 4557/2477/1033 4558/2474/1033
f 4562/1174/1035 4559/2476/1034 4560/2478/1034
f 4564/2479/1036 4561/776/1035 4562/1174/1035
f 4566/2480/1037 4563/2481/1036 4564/2479/1036
f 4568/2482/1038 4565/2483/1037 4566/2480/1037
f 4570/2484/1039 4567/1160/1040 4568/2482/1038
f 4572/2485/1041 4569/2486/1039 4570/2484/1039
f 4574/2487/1042 4571/2488/1041 4572/2485/1041
f 4576/2489/1043 4573/2490/1044 4574/2487/1042
f 4576/2489/1043 4577/2493/1045 4575/1154/1043
f 4580/2492/1046 4577/2493/1045 4578/2491/1045
f 4582/2497/1047 4579/2495/1046 4580/2492/1046
f 4584/2496/1048 4581/2494/1047 4582/2497/1047
f 4584/2496/1048 4585/1159/1049 4583/2499/1048
f 4588/2500/1050 4585/1159/1049 4586/2498/1049
f 4590/2503/1051 4587/2501/1050 4588/2500/1050
f 4592/2502/1052 4589/1134/1051 4590/2503/1051
f 4592/2502/1052 4593/2507/1053 4591/2505/1052
f 4596/2506/1054 4593/2507/1053 4594/2504/1053
f 4598/2508/1055 4595/2509/1054 4596/2506/1054
f 4600/2510/1056 4597/2511/1055 4598/2508/1055
f 4602/2512/1057 4599/2513/1058 4600/2510/1056
f 4604/1419/1059 4601/2514/1057 4602/2512/1057
f 4606/2515/1060 4603/1064/1059 4604/1419/1059
f 4608/2516/1061 4605/2517/1060 4606/2515/1060
f 4610/2518/1062 4607/2519/1061 4608/2516/1061
f 4610/2518/1062 4611/2523/1063 4609/2521/1062
f 4614/2522/1064 4611/2523/1063 4612/2520/1063
f 4616/2524/1065 4613/2525/1064 4614/2522/1064
f 4618/2526/1066 4615/2527/1065 4616/2524/1065
f 4620/2528/1067 4617/1040/1066 4618/2526/1066
f 4622/2529/1068 4619/2530/1067 4620/2528/1067
f 4624/2531/1069 4621/1156/1068 4622/2529/1068
f 4626/2532/940 4623/2533/1069 4624/2531/1069
f 4628/2534/1070 4625/2535/940 4626/2532/940
f 4628/2534/1070 4629/2539/1071 4627/2537/1070
f 4632/2538/1072 4629/2539/1071 4630/2536/1071
f 4634/2540/1073 4631/1031/1072 4632/2538/1072
f 4636/2541/1074 4633/2542/1073 4634/2540/1073
f 4638/2543/1075 4635/2544/1074 4636/2541/1074
f 4640/2545/1076 4637/2546/1075 4638/2543/1075
f 4642/2547/1077 4639/1158/1076 4640/2545/1076
f 4644/2548/1078 4641/2549/1077 4642/2547/1077
f 4646/1177/1079 4643/2550/1078 4644/2548/1078
f 4648/2553/1080 4645/804/1079 4646/1177/1079
f 4650/2552/1081 4647/2551/1080 4648/2553/1080
f 4652/2557/1082 4649/2555/1081 4650/2552/1081
f 4654/2556/1083 4651/2554/1082 4652/2557/1082
f 4656/2558/1084 4653/2559/1083 4654/2556/1083
f 4658/2560/1085 4655/2561/1084 4656/2558/1084
f 4660/2562/1086 4657/1157/1085 4658/2560/1085
f 4662/2563/1087 4659/1110/1086 4660/2562/1086
f 4664/2564/1088 4661/2565/1087 4662/2563/1087
f 4666/2566/1089 4663/2567/1088 4664/2564/1088
f 4668/2568/1090 4665/2569/1089 4666/2566/1089
f 4670/2570/1091 4667/2571/1090 4668/2568/1090
f 4672/2572/1092 4669/2573/1091 4670/2570/1091
f 4674/2576/1093 4671/2574/1092 4672/2572/1092
f 4676/2575/1094 4673/1083/1093 4674/2576/1093
f 4678/2577/1095 4675/1161/1094 4676/2575/1094
f 4680/2578/1096 4677/2579/1095 4678/2577/1095
f 4682/2580/1097 4679/2581/1096 4680/2578/1096
f 4682/2580/1097 4683/2585/1098 4681/2583/1097
f 4686/2584/1099 4683/2585/1098 4684/2582/1098
f 4688/1887/1100 4685/2586/1099 4686/2584/1099
f 4690/2587/1101 4687/1122/1100 4688/1887/1100
f 4692/2588/1102 4689/2589/1101 4690/2587/1101
f 4694/2590/1103 4691/2591/1102 4692/2588/1102
f 4696/2592/1104 4693/1163/1103 4694/2590/1103
f 4698/2593/1105 4695/2594/1104 4696/2592/1104
f 4698/2593/1105 4699/2595/1106 4697/2596/1105
f 4702/2597/1107 4699/2595/1106 4700/2598/1106
f 4704/2599/1108 4701/1091/1109 4702/2597/1107
f 4706/2600/1110 4703/2601/1108 4704/2599/1108
f 4708/2602/1111 4705/2603/1110 4706/2600/1110
f 4710/2604/1112 4707/2605/1111 4708/2602/1111
f 4712/2606/1113 4709/2607/1112 4710/2604/1112
f 4714/2608/1114 4711/1162/1113 4712/2606/1113
f 4716/2609/1115 4713/2610/1114 4714/2608/1114
f 4716/2609/1115 4717/2613/1116 4715/1072/1115
f 4720/2612/1117 4717/2613/1116 4718/2611/1116
f 4722/2614/1118 4719/2615/1117 4720/2612/1117
f 4724/2616/190 4721/2617/1118 4722/2614/1118
f 4726/2618/1119 4723/2619/190 4724/2616/190
f 4728/2622/1120 4725/2621/1119 4726/2618/1119
f 4478/1183/994 4727/2620/1120 4728/2622/1120
f 2368/1168/9 2367/772/9 2365/26/9
f 2370/1170/10 2369/759/10 2367/772/9
f 2372/1171/10 2371/754/10 2369/759/10
f 2374/1172/11 2373/762/11 2371/754/10
f 2374/1172/11 2376/1174/11 2375/776/11
f 2378/1173/12 2377/788/12 2375/776/11
f 2380/1175/12 2379/775/12 2377/788/12
f 2382/1176/9 2381/783/9 2379/775/12
f 2382/1176/9 2384/1178/13 2383/793/13
f 2386/1177/14 2385/804/14 2383/793/13
f 2388/1179/15 2387/816/15 2385/804/14
f 2388/1179/15 2390/1181/18 2389/823/16
f 2392/1180/17 2391/814/17 2389/823/16
f 2394/1182/12 2393/805/12 2391/814/17
f 2366/1183/9 2365/278/9 2393/805/12
f 2398/1184/19 2397/1186/19 2395/26/20
f 2400/1185/21 2399/1188/21 2397/1186/19
f 2402/1187/22 2401/1190/22 2399/1188/21
f 2402/1187/22 2404/1192/23 2403/1189/23
f 2406/1191/24 2405/1194/24 2403/1189/23
f 2408/1193/25 2407/1196/25 2405/1194/24
f 2410/1195/26 2409/1198/26 2407/1196/25
f 2412/1197/27 2411/1200/27 2409/1198/26
f 2414/1199/28 2413/1202/28 2411/1200/27
f 2416/1201/29 2415/1204/29 2413/1202/28
f 2418/1203/30 2417/1206/30 2415/1204/29
f 2420/1205/31 2419/1208/31 2417/1206/30
f 2422/1207/32 2421/1210/32 2419/1208/31
f 2424/1209/33 2423/1212/33 2421/1210/32
f 2426/1211/34 2425/1214/34 2423/1212/33
f 2428/1213/35 2427/1216/35 2425/1214/34
f 2430/1215/36 2429/1218/36 2427/1216/35
f 2432/1217/37 2431/1220/37 2429/1218/36
f 2434/1219/38 2433/1222/38 2431/1220/37
f 2436/1221/39 2435/1224/39 2433/1222/38
f 2438/1223/40 2437/1226/40 2435/1224/39
f 2440/1225/41 2439/1228/41 2437/1226/40
f 2442/1227/42 2441/1230/42 2439/1228/41
f 2444/1229/43 2443/1232/43 2441/1230/42
f 2446/1231/44 2445/1234/44 2443/1232/43
f 2448/1233/45 2447/1236/45 2445/1234/44
f 2450/1235/46 2449/1238/46 2447/1236/45
f 2452/1237/47 2451/1240/47 2449/1238/46
f 2454/1239/48 2453/1242/48 2451/1240/47
f 2456/1241/49 2455/1244/49 2453/1242/48
f 2458/1243/50 2457/1246/50 2455/1244/49
f 2460/1245/51 2459/1248/51 2457/1246/50
f 2462/1247/52 2461/1250/52 2459/1248/51
f 2464/1249/53 2463/1252/53 2461/1250/52
f 2466/1251/54 2465/1254/54 2463/1252/53
f 2468/1253/55 2467/1255/55 2465/1254/54
f 2470/1174/56 2469/776/56 2467/1255/55
f 2472/1256/57 2471/1258/57 2469/776/56
f 2474/1257/58 2473/1260/58 2471/1258/57
f 2476/1259/59 2475/1262/59 2473/1260/58
f 2478/1261/60 2477/1264/60 2475/1262/59
f 2480/1263/61 2479/1266/61 2477/1264/60
f 2482/1265/62 2481/1268/62 2479/1266/61
f 2482/1265/62 2484/1270/63 2483/1267/63
f 2486/1269/64 2485/1272/64 2483/1267/63
f 2488/1271/65 2487/1274/65 2485/1272/64
f 2488/1271/65 2490/1276/66 2489/1273/66
f 2492/1275/67 2491/1278/67 2489/1273/66
f 2494/1277/68 2493/1280/68 2491/1278/67
f 2496/1279/69 2495/1282/69 2493/1280/68
f 2498/1281/70 2497/1284/70 2495/1282/69
f 2500/1283/71 2499/1286/71 2497/1284/70
f 2502/1285/72 2501/1288/72 2499/1286/71
f 2504/1287/73 2503/1290/73 2501/1288/72
f 2506/1289/74 2505/1292/74 2503/1290/73
f 2508/1291/75 2507/1294/75 2505/1292/74
f 2510/1293/76 2509/1296/76 2507/1294/75
f 2512/1295/77 2511/1298/77 2509/1296/76
f 2514/1297/78 2513/1300/78 2511/1298/77
f 2516/1299/79 2515/1302/79 2513/1300/78
f 2518/1301/80 2517/1304/80 2515/1302/79
f 2520/1303/81 2519/1306/81 2517/1304/80
f 2522/1305/82 2521/1308/82 2519/1306/81
f 2524/1307/83 2523/1310/83 2521/1308/82
f 2524/1307/83 2526/1312/84 2525/1309/84
f 2528/1311/85 2527/1314/85 2525/1309/84
f 2530/1313/86 2529/1316/86 2527/1314/85
f 2532/1315/87 2531/1318/87 2529/1316/86
f 2532/1315/87 2534/1320/88 2533/1317/88
f 2536/1319/89 2535/1322/89 2533/1317/88
f 2536/1319/89 2538/1324/90 2537/1321/90
f 2540/1323/91 2539/1326/91 2537/1321/90
f 2540/1323/91 2542/1327/92 2541/1325/92
f 2544/1177/93 2543/804/93 2541/1325/92
f 2544/1177/93 2546/1330/94 2545/1328/94
f 2548/1329/95 2547/1332/95 2545/1328/94
f 2548/1329/95 2550/1334/96 2549/1331/96
f 2552/1333/97 2551/1336/97 2549/1331/96
f 2554/1335/98 2553/1338/98 2551/1336/97
f 2554/1335/98 2556/1340/99 2555/1337/99
f 2558/1339/100 2557/1342/100 2555/1337/99
f 2560/1341/101 2559/1344/101 2557/1342/100
f 2560/1341/101 2562/1346/102 2561/1343/102
f 2564/1345/103 2563/1348/105 2561/1343/102
f 2566/1347/104 2565/1350/107 2563/1348/105
f 2568/1349/106 2567/1352/106 2565/1350/107
f 2570/1351/108 2569/1354/108 2567/1352/106
f 2572/1353/109 2571/1356/109 2569/1354/108
f 2574/1355/110 2573/1358/110 2571/1356/109
f 2576/1357/111 2575/1360/111 2573/1358/110
f 2578/1359/112 2577/1362/112 2575/1360/111
f 2580/1361/113 2579/1364/113 2577/1362/112
f 2582/1363/114 2581/1366/114 2579/1364/113
f 2584/1365/115 2583/1368/115 2581/1366/114
f 2586/1367/116 2585/1370/116 2583/1368/115
f 2588/1369/117 2587/1372/117 2585/1370/116
f 2590/1371/118 2589/1374/118 2587/1372/117
f 2590/1371/118 2592/1376/121 2591/1373/119
f 2594/1375/120 2593/1378/120 2591/1373/119
f 2596/1377/122 2595/1380/122 2593/1378/120
f 2598/1379/123 2597/1382/123 2595/1380/122
f 2600/1381/124 2599/1384/124 2597/1382/123
f 2602/1383/125 2601/1386/125 2599/1384/124
f 2604/1385/126 2603/1388/126 2601/1386/125
f 2606/1387/127 2605/1390/127 2603/1388/126
f 2608/1389/128 2607/1392/128 2605/1390/127
f 2610/1391/129 2609/1394/129 2607/1392/128
f 2612/1393/130 2611/1396/130 2609/1394/129
f 2614/1395/131 2613/1398/131 2611/1396/130
f 2616/1397/132 2615/1399/132 2613/1398/131
f 2396/1183/20 2395/278/20 2615/1399/132
f 2620/1400/133 2619/1402/133 2617/26/134
f 2622/1401/135 2621/421/135 2619/1402/133
f 2624/1403/136 2623/1405/136 2621/421/135
f 2626/1404/137 2625/393/137 2623/1405/136
f 2628/1406/138 2627/1407/138 2625/393/137
f 2628/1406/138 2630/1409/139 2629/518/139
f 2632/1408/140 2631/1411/140 2629/518/139
f 2634/1410/141 2633/600/141 2631/1411/140
f 2636/1412/142 2635/1414/142 2633/600/141
f 2638/1413/143 2637/565/143 2635/1414/142
f 2640/1415/144 2639/1417/144 2637/565/143
f 2642/1416/145 2641/651/145 2639/1417/144
f 2642/1416/145 2644/1419/146 2643/1064/146
f 2646/1418/147 2645/556/147 2643/1064/146
f 2648/1420/148 2647/1422/148 2645/556/147
f 2650/1421/149 2649/390/149 2647/1422/148
f 2652/1423/150 2651/1425/150 2649/390/149
f 2654/1424/151 2653/504/151 2651/1425/150
f 2656/1426/152 2655/1428/152 2653/504/151
f 2658/1427/153 2657/703/153 2655/1428/152
f 2660/1429/154 2659/1431/154 2657/703/153
f 2662/1430/155 2661/744/155 2659/1431/154
f 2664/1432/156 2663/1434/156 2661/744/155
f 2666/1433/157 2665/666/157 2663/1434/156
f 2666/1433/157 2668/1436/158 2667/1435/158
f 2618/1183/134 2617/278/134 2667/1435/158
f 2672/1400/159 2671/1402/159 2669/26/160
f 2672/1400/159 2674/1401/161 2673/421/161
f 2676/1403/162 2675/1405/162 2673/421/161
f 2678/1404/163 2677/393/163 2675/1405/162
f 2680/1406/164 2679/1407/164 2677/393/163
f 2682/1409/165 2681/518/165 2679/1407/164
f 2684/1408/166 2683/1411/166 2681/518/165
f 2686/1410/167 2685/600/167 2683/1411/166
f 2688/1412/168 2687/1414/168 2685/600/167
f 2688/1412/168 2690/1413/169 2689/565/169
f 2692/1415/170 2691/1417/170 2689/565/169
f 2694/1416/171 2693/651/171 2691/1417/170
f 2696/1419/172 2695/1064/172 2693/651/171
f 2698/1418/173 2697/556/173 2695/1064/172
f 2700/1420/174 2699/1422/174 2697/556/173
f 2702/1421/175 2701/390/175 2699/1422/174
f 2704/1423/176 2703/1425/176 2701/390/175
f 2706/1424/177 2705/504/177 2703/1425/176
f 2708/1426/178 2707/1428/178 2705/504/177
f 2710/1427/179 2709/703/179 2707/1428/178
f 2712/1429/180 2711/1431/180 2709/703/179
f 2714/1430/181 2713/744/181 2711/1431/180
f 2716/1432/182 2715/1434/182 2713/744/181
f 2718/1433/183 2717/666/183 2715/1434/182
f 2718/1433/183 2720/1436/184 2719/1435/184
f 2670/1183/160 2669/278/160 2719/1435/184
f 2724/1400/185 2723/1402/185 2721/26/186
f 2726/1401/187 2725/421/187 2723/1402/185
f 2726/1401/187 2728/1403/188 2727/1405/188
f 2730/1404/189 2729/393/189 2727/1405/188
f 2732/1406/190 2731/1407/190 2729/393/189
f 2734/1409/191 2733/518/191 2731/1407/190
f 2736/1408/192 2735/1411/192 2733/518/191
f 2738/1410/193 2737/600/193 2735/1411/192
f 2740/1412/194 2739/1414/194 2737/600/193
f 2740/1412/194 2742/1413/195 2741/565/195
f 2744/1415/196 2743/1417/196 2741/565/195
f 2746/1416/197 2745/651/197 2743/1417/196
f 2746/1416/197 2748/1419/198 2747/1064/198
f 2750/1418/199 2749/556/199 2747/1064/198
f 2752/1420/200 2751/1422/200 2749/556/199
f 2754/1421/201 2753/390/201 2751/1422/200
f 2756/1423/202 2755/1425/202 2753/390/201
f 2758/1424/203 2757/504/203 2755/1425/202
f 2760/1426/204 2759/1428/204 2757/504/203
f 2762/1427/205 2761/703/205 2759/1428/204
f 2764/1429/206 2763/1431/206 2761/703/205
f 2766/1430/207 2765/744/207 2763/1431/206
f 2768/1432/208 2767/1434/208 2765/744/207
f 2770/1433/209 2769/666/209 2767/1434/208
f 2772/1436/210 2771/1435/210 2769/666/209
f 2722/1183/186 2721/278/186 2771/1435/210
f 2776/1437/211 2775/1439/211 2773/26/212
f 2778/1438/213 2777/777/213 2775/1439/211
f 2778/1438/213 2780/1442/214 2779/1440/214
f 2782/1441/215 2781/767/215 2779/1440/214
f 2782/1441/215 2784/1445/216 2783/1443/216
f 2786/1444/217 2785/761/217 2783/1443/216
f 2788/1446/218 2787/1447/218 2785/761/217
f 2788/1446/218 2790/1449/219 2789/751/219
f 2792/1448/220 2791/1450/220 2789/751/219
f 2794/1171/221 2793/754/221 2791/1450/220
f 2794/1171/221 2796/1453/224 2795/1451/222
f 2798/1452/223 2797/758/223 2795/1451/222
f 2800/1454/225 2799/1455/225 2797/758/223
f 2800/1454/225 2802/1457/226 2801/764/226
f 2804/1456/227 2803/1459/227 2801/764/226
f 2806/1458/228 2805/773/228 2803/1459/227
f 2806/1458/228 2808/1462/229 2807/1460/229
f 2810/1461/230 2809/794/230 2807/1460/229
f 2812/1463/231 2811/1464/231 2809/794/230
f 2814/1173/232 2813/788/232 2811/1464/231
f 2816/1465/233 2815/1467/233 2813/788/232
f 2818/1466/234 2817/782/234 2815/1467/233
f 2820/1468/235 2819/1470/235 2817/782/234
f 2822/1469/236 2821/768/236 2819/1470/235
f 2824/1419/237 2823/1064/237 2821/768/236
f 2826/1471/238 2825/781/238 2823/1064/237
f 2828/1472/239 2827/1474/239 2825/781/238
f 2830/1473/240 2829/787/240 2827/1474/239
f 2832/1475/241 2831/1476/241 2829/787/240
f 2834/1178/242 2833/793/242 2831/1476/241
f 2836/1477/243 2835/1479/243 2833/793/242
f 2838/1478/244 2837/798/244 2835/1479/243
f 2840/1480/245 2839/1482/245 2837/798/244
f 2842/1481/246 2841/807/246 2839/1482/245
f 2844/1483/247 2843/1485/247 2841/807/246
f 2846/1484/248 2845/813/248 2843/1485/247
f 2846/1484/248 2848/1488/251 2847/1486/249
f 2850/1487/250 2849/820/250 2847/1486/249
f 2852/1489/252 2851/1490/252 2849/820/250
f 2854/1181/253 2853/823/253 2851/1490/252
f 2856/1491/254 2855/1492/254 2853/823/253
f 2856/1491/254 2858/1494/255 2857/817/255
f 2860/1493/256 2859/1496/256 2857/817/255
f 2862/1495/257 2861/812/257 2859/1496/256
f 2864/1497/258 2863/1499/258 2861/812/257
f 2866/1498/259 2865/806/259 2863/1499/258
f 2868/1500/260 2867/1502/260 2865/806/259
f 2870/1501/261 2869/802/261 2867/1502/260
f 2870/1501/261 2872/1504/262 2871/1503/262
f 2774/1183/212 2773/278/212 2871/1503/262
f 2876/1400/187 2875/1402/187 2873/26/263
f 2878/1401/264 2877/421/264 2875/1402/187
f 2880/1403/265 2879/1405/265 2877/421/264
f 2882/1404/266 2881/393/266 2879/1405/265
f 2884/1406/267 2883/1407/267 2881/393/266
f 2886/1409/268 2885/518/268 2883/1407/267
f 2886/1409/268 2888/1408/269 2887/1411/269
f 2890/1410/270 2889/600/270 2887/1411/269
f 2892/1412/271 2891/1414/271 2889/600/270
f 2894/1413/272 2893/565/272 2891/1414/271
f 2896/1415/273 2895/1417/273 2893/565/272
f 2898/1416/274 2897/651/274 2895/1417/273
f 2898/1416/274 2900/1419/275 2899/1064/275
f 2902/1418/276 2901/556/276 2899/1064/275
f 2904/1420/277 2903/1422/277 2901/556/276
f 2906/1421/278 2905/390/278 2903/1422/277
f 2908/1423/279 2907/1425/279 2905/390/278
f 2910/1424/280 2909/504/280 2907/1425/279
f 2912/1426/281 2911/1428/281 2909/504/280
f 2914/1427/282 2913/703/282 2911/1428/281
f 2916/1429/283 2915/1431/283 2913/703/282
f 2916/1429/283 2918/1430/284 2917/744/284
f 2920/1432/205 2919/1434/205 2917/744/284
f 2922/1433/285 2921/666/285 2919/1434/205
f 2924/1436/286 2923/1435/286 2921/666/285
f 2924/1436/286 2874/1183/263 2873/278/263
f 2928/1505/2 2927/1506/2 2925/26/2
f 2930/1187/2 2929/1190/2 2927/1506/2
f 2932/1507/2 2931/1508/2 2929/1190/2
f 2934/1193/2 2933/1196/2 2931/1508/2
f 2936/1509/2 2935/1510/2 2933/1196/2
f 2938/1199/2 2937/1202/2 2935/1510/2
f 2940/1511/2 2939/1512/2 2937/1202/2
f 2942/1205/2 2941/1208/2 2939/1512/2
f 2944/1513/2 2943/1514/2 2941/1208/2
f 2946/1211/2 2945/1214/2 2943/1514/2
f 2948/1515/287 2947/1516/287 2945/1214/2
f 2950/1217/288 2949/1220/288 2947/1516/287
f 2952/1517/289 2951/1518/289 2949/1220/288
f 2954/1223/290 2953/1226/290 2951/1518/289
f 2956/1519/291 2955/1520/291 2953/1226/290
f 2958/1229/292 2957/1232/292 2955/1520/291
f 2960/1521/293 2959/1522/293 2957/1232/292
f 2962/1235/294 2961/1238/294 2959/1522/293
f 2964/1523/295 2963/1524/295 2961/1238/294
f 2966/1241/129 2965/1244/129 2963/1524/295
f 2968/1525/296 2967/1526/296 2965/1244/129
f 2970/1247/297 2969/1250/297 2967/1526/296
f 2972/1527/298 2971/1528/300 2969/1250/297
f 2974/1253/299 2973/1255/299 2971/1528/300
f 2976/1529/301 2975/1530/301 2973/1255/299
f 2976/1529/301 2978/1257/302 2977/1260/302
f 2980/1531/303 2979/1532/303 2977/1260/302
f 2982/1263/304 2981/1266/304 2979/1532/303
f 2984/1533/305 2983/1534/305 2981/1266/304
f 2986/1269/306 2985/1272/306 2983/1534/305
f 2988/1535/307 2987/1536/307 2985/1272/306
f 2990/1275/308 2989/1278/308 2987/1536/307
f 2992/1537/309 2991/1538/309 2989/1278/308
f 2994/1281/310 2993/1284/310 2991/1538/309
f 2996/1539/311 2995/1540/311 2993/1284/310
f 2998/1287/312 2997/1290/312 2995/1540/311
f 3000/1419/3 2999/1064/3 2997/1290/312
f 3002/1293/3 3001/1296/3 2999/1064/3
f 3004/1541/3 3003/1542/3 3001/1296/3
f 3006/1299/3 3005/1302/3 3003/1542/3
f 3008/1543/3 3007/1544/3 3005/1302/3
f 3010/1305/3 3009/1308/3 3007/1544/3
f 3012/1545/3 3011/1546/3 3009/1308/3
f 3014/1311/3 3013/1314/3 3011/1546/3
f 3016/1547/3 3015/1548/3 3013/1314/3
f 3018/1320/3 3017/1317/3 3015/1548/3
f 3020/1549/3 3019/1550/3 3017/1317/3
f 3022/1323/313 3021/1326/313 3019/1550/3
f 3024/1551/314 3023/1552/314 3021/1326/313
f 3026/1330/315 3025/1328/315 3023/1552/314
f 3028/1553/316 3027/1554/316 3025/1328/315
f 3030/1333/317 3029/1336/317 3027/1554/316
f 3032/1555/318 3031/1556/318 3029/1336/317
f 3034/1339/319 3033/1342/319 3031/1556/318
f 3036/1557/320 3035/1558/320 3033/1342/319
f 3038/1345/321 3037/1348/321 3035/1558/320
f 3040/1559/322 3039/1560/322 3037/1348/321
f 3042/1351/323 3041/1354/323 3039/1560/322
f 3044/1561/324 3043/1562/324 3041/1354/323
f 3046/1357/325 3045/1360/327 3043/1562/324
f 3048/1563/326 3047/1564/326 3045/1360/327
f 3050/1363/328 3049/1366/328 3047/1564/326
f 3052/1565/329 3051/1566/329 3049/1366/328
f 3054/1369/330 3053/1372/330 3051/1566/329
f 3056/1567/331 3055/1568/331 3053/1372/330
f 3058/1375/332 3057/1378/332 3055/1568/331
f 3060/1569/333 3059/1570/333 3057/1378/332
f 3062/1381/334 3061/1384/334 3059/1570/333
f 3064/1571/335 3063/1572/335 3061/1384/334
f 3066/1387/336 3065/1390/336 3063/1572/335
f 3068/1573/337 3067/1574/337 3065/1390/336
f 3070/1393/338 3069/1396/338 3067/1574/337
f 3072/1575/339 3071/1576/339 3069/1396/338
f 2926/1183/2 2925/278/2 3071/1576/339
f 3076/1400/340 3075/1402/340 3073/26/341
f 3078/1401/342 3077/421/342 3075/1402/340
f 3078/1401/342 3080/1403/343 3079/1405/343
f 3082/1404/344 3081/393/344 3079/1405/343
f 3084/1406/345 3083/1407/345 3081/393/344
f 3086/1409/346 3085/518/346 3083/1407/345
f 3088/1408/347 3087/1411/347 3085/518/346
f 3088/1408/347 3090/1410/348 3089/600/348
f 3092/1412/349 3091/1414/349 3089/600/348
f 3094/1413/350 3093/565/350 3091/1414/349
f 3096/1415/351 3095/1417/351 3093/565/350
f 3098/1416/352 3097/651/352 3095/1417/351
f 3098/1416/352 3100/1419/355 3099/1064/353
f 3102/1418/354 3101/556/354 3099/1064/353
f 3104/1420/356 3103/1422/356 3101/556/354
f 3106/1421/357 3105/390/359 3103/1422/356
f 3108/1423/358 3107/1425/358 3105/390/359
f 3110/1424/360 3109/504/360 3107/1425/358
f 3112/1426/361 3111/1428/361 3109/504/360
f 3114/1427/362 3113/703/362 3111/1428/361
f 3116/1429/363 3115/1431/363 3113/703/362
f 3118/1430/364 3117/744/364 3115/1431/363
f 3120/1432/365 3119/1434/365 3117/744/364
f 3122/1433/366 3121/666/366 3119/1434/365
f 3124/1436/367 3123/1435/367 3121/666/366
f 3074/1183/341 3073/278/341 3123/1435/367
f 3126/1169/368 3128/1437/369 3127/1439/369
f 3130/1438/370 3129/777/370 3127/1439/369
f 3132/1442/371 3131/1440/371 3129/777/370
f 3132/1442/371 3134/1441/372 3133/767/372
f 3136/1445/373 3135/1443/373 3133/767/372
f 3138/1444/374 3137/761/374 3135/1443/373
f 3138/1444/374 3140/1446/375 3139/1447/375
f 3142/1449/376 3141/751/376 3139/1447/375
f 3142/1449/376 3144/1448/377 3143/1450/377
f 3146/1171/378 3145/754/378 3143/1450/377
f 3148/1453/379 3147/1451/379 3145/754/378
f 3150/1452/380 3149/758/380 3147/1451/379
f 3152/1454/381 3151/1455/381 3149/758/380
f 3154/1457/382 3153/764/382 3151/1455/381
f 3156/1456/383 3155/1459/383 3153/764/382
f 3156/1456/383 3158/1458/384 3157/773/384
f 3160/1462/385 3159/1460/385 3157/773/384
f 3160/1462/385 3162/1461/386 3161/794/386
f 3164/1463/387 3163/1464/387 3161/794/386
f 3166/1173/388 3165/788/388 3163/1464/387
f 3168/1465/389 3167/1467/389 3165/788/388
f 3170/1466/390 3169/782/390 3167/1467/389
f 3172/1468/391 3171/1470/391 3169/782/390
f 3174/1469/392 3173/768/392 3171/1470/391
f 3176/1419/393 3175/1064/393 3173/768/392
f 3178/1471/394 3177/781/394 3175/1064/393
f 3180/1472/395 3179/1474/395 3177/781/394
f 3182/1473/396 3181/787/396 3179/1474/395
f 3184/1475/397 3183/1476/397 3181/787/396
f 3186/1178/398 3185/793/398 3183/1476/397
f 3188/1477/399 3187/1479/399 3185/793/398
f 3190/1478/400 3189/798/400 3187/1479/399
f 3192/1480/401 3191/1482/401 3189/798/400
f 3194/1481/402 3193/807/402 3191/1482/401
f 3196/1483/403 3195/1485/403 3193/807/402
f 3198/1484/404 3197/813/406 3195/1485/403
f 3198/1484/404 3200/1488/408 3199/1486/405
f 3202/1487/407 3201/820/407 3199/1486/405
f 3204/1489/409 3203/1490/409 3201/820/407
f 3204/1489/409 3206/1181/410 3205/823/410
f 3208/1491/411 3207/1492/411 3205/823/410
f 3210/1494/412 3209/817/412 3207/1492/411
f 3212/1493/413 3211/1496/413 3209/817/412
f 3214/1495/414 3213/812/414 3211/1496/413
f 3216/1497/415 3215/1499/415 3213/812/414
f 3216/1497/415 3218/1498/416 3217/806/416
f 3220/1500/417 3219/1502/417 3217/806/416
f 3222/1501/418 3221/802/418 3219/1502/417
f 3224/1504/419 3223/1503/419 3221/802/418
f 3126/1183/368 3125/278/368 3223/1503/419
f 3228/1400/420 3227/1402/420 3225/26/421
f 3230/1401/422 3229/421/422 3227/1402/420
f 3232/1403/423 3231/1405/423 3229/421/422
f 3234/1404/424 3233/393/424 3231/1405/423
f 3236/1406/425 3235/1407/425 3233/393/424
f 3238/1409/426 3237/518/426 3235/1407/425
f 3240/1408/427 3239/1411/427 3237/518/426
f 3242/1410/428 3241/600/428 3239/1411/427
f 3244/1412/429 3243/1414/429 3241/600/428
f 3246/1413/430 3245/565/430 3243/1414/429
f 3248/1415/431 3247/1417/431 3245/565/430
f 3250/1416/432 3249/651/432 3247/1417/431
f 3252/1419/433 3251/1064/433 3249/651/432
f 3254/1418/434 3253/556/434 3251/1064/433
f 3256/1420/435 3255/1422/435 3253/556/434
f 3258/1421/436 3257/390/436 3255/1422/435
f 3260/1423/437 3259/1425/437 3257/390/436
f 3260/1423/437 3262/1424/438 3261/504/438
f 3264/1426/439 3263/1428/439 3261/504/438
f 3266/1427/440 3265/703/440 3263/1428/439
f 3268/1429/441 3267/1431/441 3265/703/440
f 3270/1430/442 3269/744/442 3267/1431/441
f 3272/1432/443 3271/1434/443 3269/744/442
f 3274/1433/444 3273/666/444 3271/1434/443
f 3274/1433/444 3276/1436/445 3275/1435/445
f 3226/1183/421 3225/278/421 3275/1435/445
f 3278/1169/13 3280/1578/9 3279/1577/9
f 3282/1419/12 3281/1064/12 3279/1577/9
f 3284/1579/17 3283/1580/17 3281/1064/12
f 3278/1183/13 3277/278/13 3283/1580/17
f 3286/1169/13 3288/1578/9 3287/1577/9
f 3290/1419/12 3289/1064/12 3287/1577/9
f 3292/1579/17 3291/1580/17 3289/1064/12
f 3286/1183/13 3285/278/13 3291/1580/17
f 3294/1169/13 3296/1578/9 3295/1577/9
f 3298/1419/12 3297/1064/12 3295/1577/9
f 3300/1579/17 3299/1580/17 3297/1064/12
f 3294/1183/13 3293/278/13 3299/1580/17
f 3304/1581/446 3303/1583/446 3301/26/447
f 3306/1582/448 3305/1585/448 3303/1583/446
f 3308/1584/449 3307/1587/449 3305/1585/448
f 3310/1586/450 3309/1589/450 3307/1587/449
f 3312/1588/451 3311/1591/451 3309/1589/450
f 3314/1590/452 3313/1593/452 3311/1591/451
f 3316/1592/453 3315/1595/453 3313/1593/452
f 3318/1594/454 3317/1597/454 3315/1595/453
f 3320/1596/455 3319/1599/455 3317/1597/454
f 3322/1598/456 3321/1601/456 3319/1599/455
f 3322/1598/456 3324/1603/457 3323/1600/457
f 3326/1602/9 3325/1605/9 3323/1600/457
f 3326/1602/9 3328/1607/13 3327/1604/13
f 3330/1606/13 3329/1609/13 3327/1604/13
f 3332/1608/9 3331/1611/9 3329/1609/13
f 3334/1610/9 3333/1613/9 3331/1611/9
f 3334/1610/9 3336/1615/13 3335/1612/13
f 3338/1614/17 3337/1617/17 3335/1612/13
f 3340/1616/12 3339/1619/12 3337/1617/17
f 3342/1618/12 3341/1621/12 3339/1619/12
f 3344/1620/17 3343/1623/17 3341/1621/12
f 3346/1622/17 3345/1625/17 3343/1623/17
f 3348/1624/12 3347/1627/12 3345/1625/17
f 3350/1626/458 3349/1629/458 3347/1627/12
f 3352/1628/459 3351/1631/459 3349/1629/458
f 3354/1630/460 3353/1633/460 3351/1631/459
f 3356/1632/461 3355/1635/461 3353/1633/460
f 3358/1634/462 3357/1637/462 3355/1635/461
f 3360/1636/463 3359/1639/463 3357/1637/462
f 3362/1638/464 3361/1641/464 3359/1639/463
f 3364/1640/465 3363/1643/465 3361/1641/464
f 3366/1642/466 3365/1045/466 3363/1643/465
f 3368/1644/467 3367/1646/467 3365/1045/466
f 3370/1645/468 3369/1648/468 3367/1646/467
f 3372/1647/469 3371/1650/469 3369/1648/468
f 3374/1649/470 3373/1652/471 3371/1650/469
f 3376/1651/17 3375/1654/17 3373/1652/471
f 3378/1653/12 3377/1656/12 3375/1654/17
f 3380/1655/472 3379/1658/472 3377/1656/12
f 3380/1655/472 3382/1660/473 3381/1657/473
f 3384/1659/281 3383/1662/281 3381/1657/473
f 3386/1661/474 3385/1664/474 3383/1662/281
f 3386/1661/474 3388/1666/475 3387/1663/475
f 3390/1665/476 3389/1668/476 3387/1663/475
f 3392/1667/477 3391/1670/477 3389/1668/476
f 3392/1667/477 3394/1672/478 3393/1669/478
f 3396/1671/208 3395/1673/208 3393/1669/478
f 3398/1578/479 3397/1577/479 3395/1673/208
f 3400/1674/480 3399/1676/480 3397/1577/479
f 3402/1675/481 3401/1678/481 3399/1676/480
f 3404/1677/482 3403/1680/482 3401/1678/481
f 3406/1679/483 3405/1682/483 3403/1680/482
f 3408/1681/484 3407/1684/484 3405/1682/483
f 3410/1683/485 3409/1686/485 3407/1684/484
f 3410/1683/485 3412/1688/486 3411/1685/486
f 3414/1687/487 3413/1690/487 3411/1685/486
f 3416/1689/488 3415/1692/488 3413/1690/487
f 3418/1691/489 3417/1694/489 3415/1692/488
f 3420/1693/490 3419/1696/490 3417/1694/489
f 3422/1695/491 3421/1698/491 3419/1696/490
f 3424/1697/492 3423/1700/492 3421/1698/491
f 3426/1699/493 3425/1702/493 3423/1700/492
f 3428/1701/494 3427/1703/494 3425/1702/493
f 3428/1701/494 3430/1174/496 3429/776/495
f 3432/1704/12 3431/1706/12 3429/776/495
f 3434/1705/12 3433/1708/12 3431/1706/12
f 3436/1707/497 3435/1710/497 3433/1708/12
f 3438/1709/498 3437/1712/498 3435/1710/497
f 3440/1711/499 3439/1714/499 3437/1712/498
f 3442/1713/500 3441/1716/500 3439/1714/499
f 3444/1715/501 3443/1718/501 3441/1716/500
f 3446/1717/502 3445/1720/502 3443/1718/501
f 3448/1719/503 3447/1722/505 3445/1720/502
f 3450/1721/504 3449/1724/504 3447/1722/505
f 3452/1723/506 3451/1726/506 3449/1724/504
f 3454/1725/507 3453/1728/507 3451/1726/506
f 3456/1727/508 3455/1730/508 3453/1728/507
f 3458/1729/509 3457/1732/509 3455/1730/508
f 3460/1731/510 3459/1734/510 3457/1732/509
f 3462/1733/2 3461/1736/2 3459/1734/510
f 3464/1735/2 3463/1738/2 3461/1736/2
f 3466/1737/2 3465/1740/2 3463/1738/2
f 3468/1739/2 3467/1742/2 3465/1740/2
f 3470/1741/2 3469/1744/2 3467/1742/2
f 3472/1743/2 3471/1746/2 3469/1744/2
f 3474/1745/2 3473/1748/2 3471/1746/2
f 3476/1747/2 3475/1750/2 3473/1748/2
f 3478/1749/2 3477/1752/2 3475/1750/2
f 3480/1751/2 3479/1754/2 3477/1752/2
f 3482/1753/2 3481/1756/2 3479/1754/2
f 3484/1755/511 3483/1758/511 3481/1756/2
f 3486/1757/512 3485/1760/512 3483/1758/511
f 3488/1759/513 3487/1762/513 3485/1760/512
f 3490/1761/514 3489/1764/514 3487/1762/513
f 3492/1763/515 3491/1765/515 3489/1764/514
f 3494/1419/516 3493/1064/516 3491/1765/515
f 3496/1766/517 3495/1768/517 3493/1064/516
f 3498/1767/518 3497/1770/518 3495/1768/517
f 3500/1769/519 3499/1772/519 3497/1770/518
f 3502/1771/520 3501/1774/520 3499/1772/519
f 3504/1773/521 3503/1776/521 3501/1774/520
f 3504/1773/521 3506/1778/522 3505/1775/522
f 3508/1777/523 3507/1780/523 3505/1775/522
f 3510/1779/524 3509/1782/526 3507/1780/523
f 3512/1781/525 3511/1784/525 3509/1782/526
f 3514/1783/527 3513/1786/527 3511/1784/525
f 3516/1785/528 3515/1788/528 3513/1786/527
f 3518/1787/529 3517/1790/529 3515/1788/528
f 3520/1789/530 3519/1792/530 3517/1790/529
f 3522/1791/531 3521/1794/531 3519/1792/530
f 3524/1793/532 3523/1796/532 3521/1794/531
f 3526/1795/533 3525/1798/533 3523/1796/532
f 3528/1797/534 3527/1800/534 3525/1798/533
f 3530/1799/535 3529/1802/537 3527/1800/534
f 3532/1801/536 3531/1804/536 3529/1802/537
f 3534/1803/538 3533/1806/538 3531/1804/536
f 3536/1805/539 3535/1808/539 3533/1806/538
f 3538/1807/540 3537/1810/540 3535/1808/539
f 3540/1809/541 3539/1812/541 3537/1810/540
f 3542/1811/542 3541/1814/542 3539/1812/541
f 3544/1813/543 3543/1816/543 3541/1814/542
f 3546/1815/544 3545/1818/544 3543/1816/543
f 3548/1817/545 3547/1820/545 3545/1818/544
f 3550/1819/546 3549/1822/546 3547/1820/545
f 3552/1821/547 3551/1824/547 3549/1822/546
f 3554/1823/49 3553/1826/49 3551/1824/547
f 3556/1825/548 3555/1827/548 3553/1826/49
f 3558/1177/3 3557/804/3 3555/1827/548
f 3560/1828/3 3559/1830/3 3557/804/3
f 3562/1829/3 3561/1832/3 3559/1830/3
f 3564/1831/3 3563/1834/3 3561/1832/3
f 3566/1833/3 3565/1836/3 3563/1834/3
f 3568/1835/3 3567/1838/3 3565/1836/3
f 3570/1837/3 3569/1840/3 3567/1838/3
f 3572/1839/3 3571/1842/3 3569/1840/3
f 3574/1841/3 3573/1844/3 3571/1842/3
f 3576/1843/3 3575/1846/3 3573/1844/3
f 3578/1845/3 3577/1848/3 3575/1846/3
f 3580/1847/549 3579/1850/549 3577/1848/3
f 3582/1849/550 3581/1852/550 3579/1850/549
f 3584/1851/551 3583/1854/551 3581/1852/550
f 3586/1853/552 3585/1856/552 3583/1854/551
f 3588/1855/553 3587/1857/553 3585/1856/552
f 3590/1579/554 3589/1580/554 3587/1857/553
f 3592/1858/555 3591/1860/555 3589/1580/554
f 3592/1858/555 3594/1862/556 3593/1859/556
f 3596/1861/557 3595/1864/557 3593/1859/556
f 3598/1863/558 3597/1866/558 3595/1864/557
f 3600/1865/559 3599/1868/559 3597/1866/558
f 3602/1867/560 3601/1870/560 3599/1868/559
f 3604/1869/561 3603/1872/561 3601/1870/560
f 3604/1869/561 3606/1874/562 3605/1871/562
f 3608/1873/563 3607/1876/563 3605/1871/562
f 3610/1875/564 3609/1878/564 3607/1876/563
f 3612/1877/565 3611/1880/565 3609/1878/564
f 3614/1879/566 3613/1882/566 3611/1880/565
f 3616/1881/567 3615/1884/567 3613/1882/566
f 3618/1883/568 3617/1886/568 3615/1884/567
f 3620/1885/569 3619/1888/569 3617/1886/568
f 3622/1887/570 3621/1122/570 3619/1888/569
f 3624/1889/571 3623/1891/571 3621/1122/570
f 3626/1890/572 3625/1893/572 3623/1891/571
f 3628/1892/573 3627/1895/573 3625/1893/572
f 3630/1894/574 3629/1897/574 3627/1895/573
f 3632/1896/575 3631/1899/575 3629/1897/574
f 3634/1898/576 3633/1901/576 3631/1899/575
f 3636/1900/577 3635/1903/577 3633/1901/576
f 3638/1902/578 3637/1905/578 3635/1903/577
f 3638/1902/578 3640/1907/579 3639/1904/579
f 3642/1906/580 3641/1909/580 3639/1904/579
f 3644/1908/581 3643/1911/581 3641/1909/580
f 3646/1910/582 3645/1913/582 3643/1911/581
f 3648/1912/583 3647/1915/583 3645/1913/582
f 3650/1914/584 3649/1917/584 3647/1915/583
f 3652/1916/585 3651/1919/585 3649/1917/584
f 3654/1918/586 3653/1921/586 3651/1919/585
f 3656/1920/587 3655/1923/587 3653/1921/586
f 3658/1922/588 3657/1925/588 3655/1923/587
f 3660/1924/589 3659/1927/589 3657/1925/588
f 3662/1926/590 3661/1929/590 3659/1927/589
f 3664/1928/591 3663/1931/591 3661/1929/590
f 3666/1930/592 3665/1933/592 3663/1931/591
f 3666/1930/592 3668/1935/593 3667/1932/593
f 3670/1934/594 3669/1937/594 3667/1932/593
f 3672/1936/595 3671/1939/595 3669/1937/594
f 3674/1938/596 3673/1941/596 3671/1939/595
f 3676/1940/597 3675/1943/597 3673/1941/596
f 3678/1942/598 3677/1945/598 3675/1943/597
f 3680/1944/9 3679/1947/9 3677/1945/598
f 3680/1944/9 3682/1949/13 3681/1946/13
f 3684/1948/599 3683/1950/599 3681/1946/13
f 3302/1183/447 3301/278/447 3683/1950/599
f 3688/1578/12 3687/1577/12 3685/26/9
f 3690/1419/17 3689/1064/17 3687/1577/12
f 3692/1579/13 3691/1580/13 3689/1064/17
f 3686/1183/9 3685/278/9 3691/1580/13
f 3696/1400/600 3695/1402/600 3693/26/601
f 3698/1401/603 3697/421/603 3695/1402/600
f 3700/1403/604 3699/1405/604 3697/421/603
f 3702/1404/605 3701/393/605 3699/1405/604
f 3704/1406/606 3703/1407/606 3701/393/605
f 3706/1409/607 3705/518/607 3703/1407/606
f 3708/1408/608 3707/1411/608 3705/518/607
f 3710/1410/609 3709/600/609 3707/1411/608
f 3712/1412/610 3711/1414/610 3709/600/609
f 3714/1413/611 3713/565/611 3711/1414/610
f 3716/1415/612 3715/1417/612 3713/565/611
f 3718/1416/613 3717/651/613 3715/1417/612
f 3720/1419/614 3719/1064/614 3717/651/613
f 3722/1418/615 3721/556/615 3719/1064/614
f 3724/1420/616 3723/1422/616 3721/556/615
f 3726/1421/617 3725/390/617 3723/1422/616
f 3726/1421/617 3728/1423/618 3727/1425/618
f 3730/1424/619 3729/504/619 3727/1425/618
f 3732/1426/620 3731/1428/620 3729/504/619
f 3734/1427/621 3733/703/621 3731/1428/620
f 3736/1429/622 3735/1431/622 3733/703/621
f 3738/1430/623 3737/744/623 3735/1431/622
f 3740/1432/624 3739/1434/624 3737/744/623
f 3742/1433/625 3741/666/625 3739/1434/624
f 3744/1436/626 3743/1435/627 3741/666/625
f 3694/1183/602 3693/278/601 3743/1435/627
f 3746/1169/13 3748/1578/9 3747/1577/9
f 3750/1419/12 3749/1064/12 3747/1577/9
f 3752/1579/17 3751/1580/17 3749/1064/12
f 3746/1183/13 3745/278/13 3751/1580/17
f 3756/1951/628 3755/1953/628 3753/26/629
f 3758/1952/630 3757/1955/630 3755/1953/628
f 3760/1954/631 3759/1957/631 3757/1955/630
f 3762/1956/632 3761/1959/634 3759/1957/631
f 3764/1958/633 3763/1961/633 3761/1959/634
f 3766/1960/635 3765/1963/635 3763/1961/633
f 3768/1962/636 3767/1965/636 3765/1963/635
f 3770/1964/637 3769/1967/637 3767/1965/636
f 3772/1966/638 3771/1969/638 3769/1967/637
f 3774/1968/639 3773/1971/639 3771/1969/638
f 3776/1970/640 3775/1973/640 3773/1971/639
f 3778/1972/641 3777/1975/641 3775/1973/640
f 3780/1974/642 3779/1977/642 3777/1975/641
f 3782/1976/643 3781/1979/643 3779/1977/642
f 3784/1978/644 3783/1981/644 3781/1979/643
f 3786/1980/645 3785/1983/645 3783/1981/644
f 3788/1982/646 3787/1985/646 3785/1983/645
f 3790/1984/647 3789/1986/647 3787/1985/646
f 3792/1642/648 3791/1045/648 3789/1986/647
f 3794/1987/649 3793/1989/649 3791/1045/648
f 3796/1988/650 3795/1991/650 3793/1989/649
f 3798/1990/651 3797/1993/651 3795/1991/650
f 3800/1992/652 3799/1995/652 3797/1993/651
f 3802/1994/653 3801/1997/653 3799/1995/652
f 3804/1996/654 3803/1999/654 3801/1997/653
f 3806/1998/655 3805/2001/655 3803/1999/654
f 3808/2000/656 3807/2003/656 3805/2001/655
f 3810/2002/657 3809/2005/657 3807/2003/656
f 3812/2004/658 3811/2007/658 3809/2005/657
f 3814/2006/659 3813/2009/659 3811/2007/658
f 3816/2008/660 3815/2011/660 3813/2009/659
f 3818/2010/661 3817/2013/661 3815/2011/660
f 3820/2012/662 3819/2015/662 3817/2013/661
f 3822/2014/663 3821/2017/663 3819/2015/662
f 3824/2016/664 3823/2019/664 3821/2017/663
f 3826/2018/665 3825/2021/665 3823/2019/664
f 3828/2020/666 3827/2022/666 3825/2021/665
f 3830/1174/667 3829/776/667 3827/2022/666
f 3832/2023/668 3831/2025/668 3829/776/667
f 3834/2024/669 3833/2027/669 3831/2025/668
f 3836/2026/670 3835/2029/670 3833/2027/669
f 3838/2028/671 3837/2031/671 3835/2029/670
f 3840/2030/672 3839/2033/672 3837/2031/671
f 3842/2032/673 3841/2035/673 3839/2033/672
f 3844/2034/674 3843/2037/674 3841/2035/673
f 3846/2036/675 3845/2039/675 3843/2037/674
f 3848/2038/676 3847/2041/676 3845/2039/675
f 3850/2040/677 3849/2043/677 3847/2041/676
f 3852/2042/678 3851/2045/678 3849/2043/677
f 3854/2044/679 3853/2047/679 3851/2045/678
f 3856/2046/680 3855/2049/680 3853/2047/679
f 3858/2048/681 3857/2051/681 3855/2049/680
f 3860/2050/682 3859/2053/682 3857/2051/681
f 3862/2052/683 3861/2055/683 3859/2053/682
f 3864/2054/684 3863/2057/684 3861/2055/683
f 3866/2056/46 3865/2058/46 3863/2057/684
f 3868/1419/685 3867/1064/685 3865/2058/46
f 3870/2059/686 3869/2061/686 3867/1064/685
f 3872/2060/687 3871/2063/687 3869/2061/686
f 3874/2062/688 3873/2065/688 3871/2063/687
f 3876/2064/689 3875/2067/689 3873/2065/688
f 3878/2066/690 3877/2069/690 3875/2067/689
f 3880/2068/691 3879/2071/691 3877/2069/690
f 3882/2070/692 3881/2073/692 3879/2071/691
f 3884/2072/693 3883/2075/693 3881/2073/692
f 3886/2074/694 3885/2077/694 3883/2075/693
f 3888/2076/695 3887/2079/695 3885/2077/694
f 3890/2078/696 3889/2081/696 3887/2079/695
f 3892/2080/697 3891/2083/697 3889/2081/696
f 3894/2082/698 3893/2085/698 3891/2083/697
f 3896/2084/699 3895/2087/699 3893/2085/698
f 3898/2086/700 3897/2089/700 3895/2087/699
f 3898/2086/700 3900/2091/701 3899/2088/701
f 3902/2090/702 3901/2093/702 3899/2088/701
f 3904/2092/703 3903/2094/703 3901/2093/702
f 3906/1177/704 3905/804/704 3903/2094/703
f 3908/2095/705 3907/2097/705 3905/804/704
f 3910/2096/706 3909/2099/706 3907/2097/705
f 3912/2098/707 3911/2101/707 3909/2099/706
f 3914/2100/708 3913/2103/708 3911/2101/707
f 3916/2102/709 3915/2105/709 3913/2103/708
f 3918/2104/710 3917/2107/710 3915/2105/709
f 3920/2106/711 3919/2109/711 3917/2107/710
f 3922/2108/712 3921/2111/712 3919/2109/711
f 3924/2110/713 3923/2113/713 3921/2111/712
f 3926/2112/714 3925/2115/714 3923/2113/713
f 3928/2114/715 3927/2117/715 3925/2115/714
f 3930/2116/716 3929/2119/716 3927/2117/715
f 3932/2118/43 3931/2121/43 3929/2119/716
f 3934/2120/717 3933/2123/717 3931/2121/43
f 3936/2122/718 3935/2125/718 3933/2123/717
f 3938/2124/719 3937/2127/719 3935/2125/718
f 3940/2126/720 3939/2129/720 3937/2127/719
f 3942/2128/721 3941/2130/721 3939/2129/720
f 3944/1887/722 3943/1122/724 3941/2130/721
f 3944/1887/722 3946/2133/726 3945/2131/723
f 3948/2132/725 3947/2135/725 3945/2131/723
f 3950/2134/727 3949/2137/727 3947/2135/725
f 3952/2136/728 3951/2139/728 3949/2137/727
f 3954/2138/729 3953/2141/729 3951/2139/728
f 3956/2140/730 3955/2143/730 3953/2141/729
f 3958/2142/731 3957/2145/731 3955/2143/730
f 3960/2144/732 3959/2147/732 3957/2145/731
f 3960/2144/732 3962/2149/733 3961/2146/733
f 3964/2148/734 3963/2151/734 3961/2146/733
f 3966/2150/735 3965/2153/735 3963/2151/734
f 3968/2152/736 3967/2155/736 3965/2153/735
f 3970/2154/737 3969/2157/737 3967/2155/736
f 3972/2156/9 3971/2159/9 3969/2157/737
f 3974/2158/9 3973/2161/9 3971/2159/9
f 3974/2158/9 3976/2163/13 3975/2160/13
f 3978/2162/17 3977/2165/17 3975/2160/13
f 3980/2164/738 3979/2166/738 3977/2165/17
f 3754/1183/629 3753/278/629 3979/2166/738
f 3984/2167/399 3983/2169/399 3981/26/739
f 3986/2168/741 3985/2171/743 3983/2169/399
f 3988/2170/742 3987/2173/742 3985/2171/743
f 3990/2172/744 3989/2175/744 3987/2173/742
f 3992/2174/745 3991/2177/745 3989/2175/744
f 3994/2176/746 3993/2179/746 3991/2177/745
f 3996/2178/747 3995/2181/747 3993/2179/746
f 3998/2180/748 3997/2183/748 3995/2181/747
f 4000/2182/749 3999/2185/751 3997/2183/748
f 4002/2184/750 4001/2187/750 3999/2185/751
f 4004/2186/752 4003/2189/752 4001/2187/750
f 4006/2188/17 4005/2191/17 4003/2189/752
f 4008/2190/17 4007/2193/17 4005/2191/17
f 4010/2192/12 4009/2195/12 4007/2193/17
f 4012/2194/12 4011/2197/12 4009/2195/12
f 4014/2196/753 4013/2199/755 4011/2197/12
f 4016/2198/754 4015/2201/754 4013/2199/755
f 4018/2200/756 4017/2203/756 4015/2201/754
f 4020/2202/757 4019/2205/757 4017/2203/756
f 4022/2204/758 4021/2207/758 4019/2205/757
f 4024/2206/759 4023/2209/759 4021/2207/758
f 4026/2208/760 4025/2211/760 4023/2209/759
f 4028/2210/761 4027/2213/761 4025/2211/760
f 4030/2212/762 4029/2215/762 4027/2213/761
f 4030/2212/762 4032/2217/763 4031/2214/763
f 4034/2216/764 4033/2219/764 4031/2214/763
f 4034/2216/764 4036/2221/765 4035/2218/765
f 4038/2220/766 4037/2223/766 4035/2218/765
f 4040/2222/767 4039/2225/767 4037/2223/766
f 4040/2222/767 4042/2227/768 4041/2224/768
f 4044/2226/769 4043/2229/769 4041/2224/768
f 4046/2228/770 4045/2231/770 4043/2229/769
f 4048/2230/771 4047/2233/771 4045/2231/770
f 4050/2232/772 4049/2235/772 4047/2233/771
f 4052/2234/773 4051/2237/773 4049/2235/772
f 4054/2236/774 4053/2239/774 4051/2237/773
f 4056/2238/775 4055/2241/775 4053/2239/774
f 4056/2238/775 4058/2243/776 4057/2240/776
f 4060/2242/777 4059/2245/777 4057/2240/776
f 4062/2244/778 4061/2247/778 4059/2245/777
f 4064/2246/779 4063/2249/780 4061/2247/778
f 4066/2248/12 4065/2251/12 4063/2249/780
f 4068/2250/9 4067/2253/9 4065/2251/12
f 4068/2250/9 4070/2254/782 4069/2252/781
f 4070/2254/782 4072/2257/783 4071/2255/783
f 4074/2256/784 4073/2259/784 4071/2255/783
f 4076/2258/785 4075/2261/785 4073/2259/784
f 4078/2260/786 4077/2263/786 4075/2261/785
f 4080/2262/787 4079/2265/787 4077/2263/786
f 4082/2264/788 4081/2267/788 4079/2265/787
f 4084/2266/789 4083/2269/789 4081/2267/788
f 4086/2268/790 4085/2271/790 4083/2269/789
f 4088/2270/791 4087/2273/791 4085/2271/790
f 4090/2272/792 4089/2275/792 4087/2273/791
f 4092/2274/793 4091/2277/793 4089/2275/792
f 4094/2276/794 4093/2279/796 4091/2277/793
f 4096/2278/795 4095/2281/795 4093/2279/796
f 4098/2280/797 4097/2283/797 4095/2281/795
f 4100/2282/798 4099/2285/798 4097/2283/797
f 4102/2284/799 4101/2286/799 4099/2285/798
f 4104/1419/800 4103/1064/800 4101/2286/799
f 4106/2287/801 4105/2289/801 4103/1064/800
f 4108/2288/802 4107/2291/804 4105/2289/801
f 4110/2290/803 4109/2293/803 4107/2291/804
f 4112/2292/141 4111/2295/141 4109/2293/803
f 4114/2294/805 4113/2297/805 4111/2295/141
f 4116/2296/806 4115/2299/806 4113/2297/805
f 4116/2296/806 4118/2301/807 4117/2298/807
f 4120/2300/808 4119/2303/808 4117/2298/807
f 4122/2302/809 4121/2305/809 4119/2303/808
f 4124/2304/810 4123/2307/810 4121/2305/809
f 4124/2304/810 4126/2309/811 4125/2306/811
f 4128/2308/812 4127/2311/812 4125/2306/811
f 4130/2310/813 4129/2313/813 4127/2311/812
f 4130/2310/813 4132/2315/814 4131/2312/814
f 4134/2314/815 4133/2317/815 4131/2312/814
f 4136/2316/816 4135/2319/816 4133/2317/815
f 4136/2316/816 4138/2321/817 4137/2318/817
f 4140/2320/818 4139/2323/818 4137/2318/817
f 4142/2322/819 4141/2325/819 4139/2323/818
f 4144/2324/9 4143/2327/9 4141/2325/819
f 4144/2324/9 4146/2329/13 4145/2326/13
f 4148/2328/13 4147/2331/13 4145/2326/13
f 4148/2328/13 4150/2333/820 4149/2330/820
f 4152/2332/821 4151/2335/823 4149/2330/820
f 4154/2334/822 4153/2337/822 4151/2335/823
f 4156/2336/824 4155/2339/824 4153/2337/822
f 4158/2338/825 4157/2341/825 4155/2339/824
f 4160/2340/826 4159/2343/826 4157/2341/825
f 4162/2342/827 4161/2345/827 4159/2343/826
f 4164/2344/828 4163/2347/828 4161/2345/827
f 4166/2346/829 4165/2349/829 4163/2347/828
f 4168/2348/830 4167/2351/830 4165/2349/829
f 4170/2350/831 4169/2353/831 4167/2351/830
f 4172/2352/832 4171/2355/832 4169/2353/831
f 4174/2354/833 4173/2357/833 4171/2355/832
f 4176/2356/834 4175/2359/834 4173/2357/833
f 4178/2358/835 4177/2361/835 4175/2359/834
f 4180/2360/836 4179/2363/836 4177/2361/835
f 4182/2362/837 4181/2365/837 4179/2363/836
f 4184/2364/838 4183/2367/838 4181/2365/837
f 4186/2366/839 4185/2369/839 4183/2367/838
f 4188/2368/840 4187/2371/840 4185/2369/839
f 4190/2370/841 4189/2373/841 4187/2371/840
f 4192/2372/842 4191/2375/842 4189/2373/841
f 4194/2374/843 4193/2377/843 4191/2375/842
f 4196/2376/844 4195/2379/844 4193/2377/843
f 4198/2378/845 4197/2381/847 4195/2379/844
f 4200/2380/846 4199/2383/846 4197/2381/847
f 4200/2380/846 4202/2385/848 4201/2382/848
f 4204/2384/849 4203/2387/849 4201/2382/848
f 4206/2386/850 4205/2389/850 4203/2387/849
f 4208/2388/851 4207/2391/851 4205/2389/850
f 4210/2390/852 4209/2393/852 4207/2391/851
f 4212/2392/853 4211/2395/853 4209/2393/852
f 4214/2394/854 4213/2397/854 4211/2395/853
f 4216/2396/855 4215/2399/855 4213/2397/854
f 4218/2398/856 4217/2401/856 4215/2399/855
f 4220/2400/857 4219/2403/857 4217/2401/856
f 4222/2402/858 4221/2405/858 4219/2403/857
f 4224/2404/859 4223/2406/860 4221/2405/858
f 3982/1183/740 3981/278/739 4223/2406/860
f 4228/2407/861 4227/2409/861 4225/26/862
f 4230/2408/863 4229/2411/863 4227/2409/861
f 4232/2410/864 4231/2413/866 4229/2411/863
f 4234/2412/865 4233/2415/865 4231/2413/866
f 4236/2414/867 4235/2417/867 4233/2415/865
f 4238/2416/868 4237/2419/868 4235/2417/867
f 4240/2418/869 4239/1012/869 4237/2419/868
f 4242/2420/870 4241/2422/870 4239/1012/869
f 4244/2421/871 4243/1165/871 4241/2422/870
f 4246/2423/872 4245/2425/872 4243/1165/871
f 4248/2424/873 4247/2427/873 4245/2425/872
f 4250/2426/874 4249/2429/874 4247/2427/873
f 4252/2428/875 4251/2431/875 4249/2429/874
f 4254/2430/876 4253/1003/876 4251/2431/875
f 4256/2432/877 4255/2434/877 4253/1003/876
f 4256/2432/877 4258/2436/880 4257/2433/878
f 4260/2435/879 4259/2438/879 4257/2433/878
f 4262/2437/881 4261/1164/881 4259/2438/879
f 4264/2439/882 4263/2441/882 4261/1164/881
f 4266/2440/883 4265/2442/883 4263/2441/882
f 4268/1642/884 4267/1045/884 4265/2442/883
f 4270/2443/885 4269/2445/885 4267/1045/884
f 4270/2443/885 4272/2447/886 4271/2444/886
f 4274/2446/887 4273/2449/887 4271/2444/886
f 4276/2448/888 4275/2451/888 4273/2449/887
f 4278/2450/889 4277/2453/889 4275/2451/888
f 4280/2452/890 4279/1167/890 4277/2453/889
f 4282/2454/891 4281/1057/891 4279/1167/890
f 4284/2455/892 4283/2457/892 4281/1057/891
f 4286/2456/893 4285/2459/893 4283/2457/892
f 4288/2458/894 4287/2461/894 4285/2459/893
f 4290/2460/564 4289/2463/564 4287/2461/894
f 4292/2462/895 4291/2465/895 4289/2463/564
f 4294/2464/896 4293/2467/898 4291/2465/895
f 4296/2466/897 4295/1114/897 4293/2467/898
f 4298/2468/899 4297/1166/899 4295/1114/897
f 4300/2469/900 4299/2471/900 4297/1166/899
f 4302/2470/901 4301/2473/901 4299/2471/900
f 4304/2472/902 4303/2475/902 4301/2473/901
f 4306/2474/903 4305/2477/903 4303/2475/902
f 4306/2474/903 4308/2478/906 4307/2476/904
f 4310/1174/905 4309/776/905 4307/2476/904
f 4312/2479/907 4311/2481/907 4309/776/905
f 4314/2480/908 4313/2483/908 4311/2481/907
f 4316/2482/909 4315/1160/909 4313/2483/908
f 4318/2484/910 4317/2486/910 4315/1160/909
f 4320/2485/911 4319/2488/911 4317/2486/910
f 4322/2487/912 4321/2490/914 4319/2488/911
f 4324/2489/913 4323/1154/913 4321/2490/914
f 4326/2491/915 4325/2493/915 4323/1154/913
f 4328/2492/916 4327/2495/916 4325/2493/915
f 4328/2492/916 4330/2497/917 4329/2494/917
f 4332/2496/918 4331/2499/918 4329/2494/917
f 4334/2498/919 4333/1159/919 4331/2499/918
f 4336/2500/920 4335/2501/920 4333/1159/919
f 4336/2500/920 4338/2503/921 4337/1134/921
f 4340/2502/922 4339/2505/922 4337/1134/921
f 4342/2504/923 4341/2507/923 4339/2505/922
f 4344/2506/924 4343/2509/924 4341/2507/923
f 4346/2508/925 4345/2511/925 4343/2509/924
f 4348/2510/926 4347/2513/926 4345/2511/925
f 4350/2512/927 4349/2514/927 4347/2513/926
f 4352/1419/928 4351/1064/928 4349/2514/927
f 4354/2515/929 4353/2517/929 4351/1064/928
f 4356/2516/930 4355/2519/930 4353/2517/929
f 4358/2518/931 4357/2521/931 4355/2519/930
f 4360/2520/932 4359/2523/932 4357/2521/931
f 4362/2522/933 4361/2525/933 4359/2523/932
f 4364/2524/934 4363/2527/934 4361/2525/933
f 4366/2526/935 4365/1040/935 4363/2527/934
f 4368/2528/936 4367/2530/938 4365/1040/935
f 4370/2529/937 4369/1156/937 4367/2530/938
f 4372/2531/939 4371/2533/939 4369/1156/937
f 4374/2532/940 4373/2535/940 4371/2533/939
f 4376/2534/941 4375/2537/941 4373/2535/940
f 4378/2536/942 4377/2539/942 4375/2537/941
f 4380/2538/943 4379/1031/943 4377/2539/942
f 4382/2540/944 4381/2542/944 4379/1031/943
f 4384/2541/945 4383/2544/947 4381/2542/944
f 4386/2543/946 4385/2546/946 4383/2544/947
f 4388/2545/948 4387/1158/948 4385/2546/946
f 4390/2547/949 4389/2549/949 4387/1158/948
f 4392/2548/950 4391/2550/950 4389/2549/949
f 4394/1177/951 4393/804/951 4391/2550/950
f 4394/1177/951 4396/2553/952 4395/2551/952
f 4398/2552/953 4397/2555/953 4395/2551/952
f 4398/2552/953 4400/2557/954 4399/2554/954
f 4402/2556/955 4401/2559/955 4399/2554/954
f 4404/2558/956 4403/2561/956 4401/2559/955
f 4406/2560/957 4405/1157/957 4403/2561/956
f 4408/2562/958 4407/1110/958 4405/1157/957
f 4410/2563/959 4409/2565/959 4407/1110/958
f 4412/2564/960 4411/2567/960 4409/2565/959
f 4414/2566/961 4413/2569/961 4411/2567/960
f 4416/2568/962 4415/2571/962 4413/2569/961
f 4418/2570/963 4417/2573/963 4415/2571/962
f 4420/2572/964 4419/2574/964 4417/2573/963
f 4420/2572/964 4422/2576/965 4421/1083/965
f 4424/2575/966 4423/1161/966 4421/1083/965
f 4426/2577/967 4425/2579/967 4423/1161/966
f 4428/2578/968 4427/2581/968 4425/2579/967
f 4430/2580/969 4429/2583/969 4427/2581/968
f 4432/2582/970 4431/2585/970 4429/2583/969
f 4434/2584/971 4433/2586/971 4431/2585/970
f 4436/1887/972 4435/1122/972 4433/2586/971
f 4438/2587/973 4437/2589/973 4435/1122/972
f 4440/2588/974 4439/2591/976 4437/2589/973
f 4442/2590/975 4441/1163/975 4439/2591/976
f 4444/2592/977 4443/2594/977 4441/1163/975
f 4446/2593/978 4445/2596/978 4443/2594/977
f 4446/2593/978 4448/2598/979 4447/2595/979
f 4450/2597/980 4449/1091/980 4447/2595/979
f 4452/2599/981 4451/2601/981 4449/1091/980
f 4454/2600/982 4453/2603/982 4451/2601/981
f 4456/2602/983 4455/2605/983 4453/2603/982
f 4458/2604/984 4457/2607/984 4455/2605/983
f 4460/2606/985 4459/1162/985 4457/2607/984
f 4462/2608/986 4461/2610/986 4459/1162/985
f 4464/2609/987 4463/1072/987 4461/2610/986
f 4466/2611/988 4465/2613/988 4463/1072/987
f 4468/2612/989 4467/2615/989 4465/2613/988
f 4470/2614/990 4469/2617/990 4467/2615/989
f 4472/2616/268 4471/2619/268 4469/2617/990
f 4474/2618/991 4473/2621/991 4471/2619/268
f 4474/2618/991 4476/2622/992 4475/2620/992
f 4226/1183/862 4225/278/862 4475/2620/992
f 4480/2407/993 4479/2409/993 4477/26/994
f 4482/2408/995 4481/2411/995 4479/2409/993
f 4484/2410/996 4483/2413/996 4481/2411/995
f 4486/2412/997 4485/2415/997 4483/2413/996
f 4488/2414/998 4487/2417/998 4485/2415/997
f 4490/2416/870 4489/2419/870 4487/2417/998
f 4492/2418/999 4491/1012/999 4489/2419/870
f 4494/2420/1000 4493/2422/1000 4491/1012/999
f 4496/2421/1001 4495/1165/1001 4493/2422/1000
f 4498/2423/1002 4497/2425/1002 4495/1165/1001
f 4500/2424/1003 4499/2427/1003 4497/2425/1002
f 4502/2426/1004 4501/2429/1004 4499/2427/1003
f 4502/2426/1004 4504/2428/1005 4503/2431/1005
f 4506/2430/1006 4505/1003/1006 4503/2431/1005
f 4508/2432/1007 4507/2434/1007 4505/1003/1006
f 4510/2436/1008 4509/2433/1008 4507/2434/1007
f 4512/2435/1009 4511/2438/1009 4509/2433/1008
f 4514/2437/1010 4513/1164/1010 4511/2438/1009
f 4514/2437/1010 4516/2439/1011 4515/2441/1011
f 4518/2440/1012 4517/2442/1012 4515/2441/1011
f 4520/1642/1013 4519/1045/1013 4517/2442/1012
f 4522/2443/1014 4521/2445/1014 4519/1045/1013
f 4524/2447/1015 4523/2444/1017 4521/2445/1014
f 4526/2446/1016 4525/2449/1016 4523/2444/1017
f 4528/2448/1018 4527/2451/1018 4525/2449/1016
f 4530/2450/1019 4529/2453/1019 4527/2451/1018
f 4532/2452/1020 4531/1167/1020 4529/2453/1019
f 4534/2454/1021 4533/1057/1021 4531/1167/1020
f 4536/2455/1022 4535/2457/1022 4533/1057/1021
f 4538/2456/1023 4537/2459/1023 4535/2457/1022
f 4540/2458/1024 4539/2461/1024 4537/2459/1023
f 4542/2460/1025 4541/2463/1025 4539/2461/1024
f 4544/2462/1026 4543/2465/1026 4541/2463/1025
f 4546/2464/1027 4545/2467/1027 4543/2465/1026
f 4548/2466/1028 4547/1114/1028 4545/2467/1027
f 4550/2468/1029 4549/1166/1029 4547/1114/1028
f 4550/2468/1029 4552/2469/1030 4551/2471/1030
f 4554/2470/1031 4553/2473/1031 4551/2471/1030
f 4556/2472/1032 4555/2475/1032 4553/2473/1031
f 4558/2474/1033 4557/2477/1033 4555/2475/1032
f 4560/2478/1034 4559/2476/1034 4557/2477/1033
f 4562/1174/1035 4561/776/1035 4559/2476/1034
f 4564/2479/1036 4563/2481/1036 4561/776/1035
f 4566/2480/1037 4565/2483/1037 4563/2481/1036
f 4568/2482/1038 4567/1160/1040 4565/2483/1037
f 4570/2484/1039 4569/2486/1039 4567/1160/1040
f 4572/2485/1041 4571/2488/1041 4569/2486/1039
f 4574/2487/1042 4573/2490/1044 4571/2488/1041
f 4576/2489/1043 4575/1154/1043 4573/2490/1044
f 4576/2489/1043 4578/2491/1045 4577/2493/1045
f 4580/2492/1046 4579/2495/1046 4577/2493/1045
f 4582/2497/1047 4581/2494/1047 4579/2495/1046
f 4584/2496/1048 4583/2499/1048 4581/2494/1047
f 4584/2496/1048 4586/2498/1049 4585/1159/1049
f 4588/2500/1050 4587/2501/1050 4585/1159/1049
f 4590/2503/1051 4589/1134/1051 4587/2501/1050
f 4592/2502/1052 4591/2505/1052 4589/1134/1051
f 4592/2502/1052 4594/2504/1053 4593/2507/1053
f 4596/2506/1054 4595/2509/1054 4593/2507/1053
f 4598/2508/1055 4597/2511/1055 4595/2509/1054
f 4600/2510/1056 4599/2513/1058 4597/2511/1055
f 4602/2512/1057 4601/2514/1057 4599/2513/1058
f 4604/1419/1059 4603/1064/1059 4601/2514/1057
f 4606/2515/1060 4605/2517/1060 4603/1064/1059
f 4608/2516/1061 4607/2519/1061 4605/2517/1060
f 4610/2518/1062 4609/2521/1062 4607/2519/1061
f 4610/2518/1062 4612/2520/1063 4611/2523/1063
f 4614/2522/1064 4613/2525/1064 4611/2523/1063
f 4616/2524/1065 4615/2527/1065 4613/2525/1064
f 4618/2526/1066 4617/1040/1066 4615/2527/1065
f 4620/2528/1067 4619/2530/1067 4617/1040/1066
f 4622/2529/1068 4621/1156/1068 4619/2530/1067
f 4624/2531/1069 4623/2533/1069 4621/1156/1068
f 4626/2532/940 4625/2535/940 4623/2533/1069
f 4628/2534/1070 4627/2537/1070 4625/2535/940
f 4628/2534/1070 4630/2536/1071 4629/2539/1071
f 4632/2538/1072 4631/1031/1072 4629/2539/1071
f 4634/2540/1073 4633/2542/1073 4631/1031/1072
f 4636/2541/1074 4635/2544/1074 4633/2542/1073
f 4638/2543/1075 4637/2546/1075 4635/2544/1074
f 4640/2545/1076 4639/1158/1076 4637/2546/1075
f 4642/2547/1077 4641/2549/1077 4639/1158/1076
f 4644/2548/1078 4643/2550/1078 4641/2549/1077
f 4646/1177/1079 4645/804/1079 4643/2550/1078
f 4648/2553/1080 4647/2551/1080 4645/804/1079
f 4650/2552/1081 4649/2555/1081 4647/2551/1080
f 4652/2557/1082 4651/2554/1082 4649/2555/1081
f 4654/2556/1083 4653/2559/1083 4651/2554/1082
f 4656/2558/1084 4655/2561/1084 4653/2559/1083
f 4658/2560/1085 4657/1157/1085 4655/2561/1084
f 4660/2562/1086 4659/1110/1086 4657/1157/1085
f 4662/2563/1087 4661/2565/1087 4659/1110/1086
f 4664/2564/1088 4663/2567/1088 4661/2565/1087
f 4666/2566/1089 4665/2569/1089 4663/2567/1088
f 4668/2568/1090 4667/2571/1090 4665/2569/1089
f 4670/2570/1091 4669/2573/1091 4667/2571/1090
f 4672/2572/1092 4671/2574/1092 4669/2573/1091
f 4674/2576/1093 4673/1083/1093 4671/2574/1092
f 4676/2575/1094 4675/1161/1094 4673/1083/1093
f 4678/2577/1095 4677/2579/1095 4675/1161/1094
f 4680/2578/1096 4679/2581/1096 4677/2579/1095
f 4682/2580/1097 4681/2583/1097 4679/2581/1096
f 4682/2580/1097 4684/2582/1098 4683/2585/1098
f 4686/2584/1099 4685/2586/1099 4683/2585/1098
f 4688/1887/1100 4687/1122/1100 4685/2586/1099
f 4690/2587/1101 4689/2589/1101 4687/1122/1100
f 4692/2588/1102 4691/2591/1102 4689/2589/1101
f 4694/2590/1103 4693/1163/1103 4691/2591/1102
f 4696/2592/1104 4695/2594/1104 4693/1163/1103
f 4698/2593/1105 4697/2596/1105 4695/2594/1104
f 4698/2593/1105 4700/2598/1106 4699/2595/1106
f 4702/2597/1107 4701/1091/1109 4699/2595/1106
f 4704/2599/1108 4703/2601/1108 4701/1091/1109
f 4706/2600/1110 4705/2603/1110 4703/2601/1108
f 4708/2602/1111 4707/2605/1111 4705/2603/1110
f 4710/2604/1112 4709/2607/1112 4707/2605/1111
f 4712/2606/1113 4711/1162/1113 4709/2607/1112
f 4714/2608/1114 4713/2610/1114 4711/1162/1113
f 4716/2609/1115 4715/1072/1115 4713/2610/1114
f 4716/2609/1115 4718/2611/1116 4717/2613/1116
f 4720/2612/1117 4719/2615/1117 4717/2613/1116
f 4722/2614/1118 4721/2617/1118 4719/2615/1117
f 4724/2616/190 4723/2619/190 4721/2617/1118
f 4726/2618/1119 4725/2621/1119 4723/2619/190
f 4728/2622/1120 4727/2620/1120 4725/2621/1119
f 4478/1183/994 4477/278/994 4727/2620/1120
